Workbook

Sheet Janv
A1: Suivi Performances Janvier | H1: 2026
A2: Dates | B2: Désignation Sorties | C2: Nb | D2: Distances | E2: Durées | H2: Vit. Moy. | I2: Dév + | J2: Remarques | K2: Brochard | L2: S1NEO
A3: 46035 | B3: Avoine Bournand Sammarçolles Ceaux | C3: 1 | D3: 75 | E3: 3 | F3: 19 | G3: =SUM(E3*60+F3) -> 199 | H3: =SUM(D3/G3*60) -> 22.613065 | I3: 367 | L3: 75
A4: 46044 | B4: Avoine Couziers Samarçolles Couesmes | C4: 2 | D4: 78 | E4: 3 | F4: 9 | G4: =SUM(E4*60+F4) -> 189 | H4: =SUM(D4/G4*60) -> 24.761905 | I4: 430 | L4: 78
A5: 46046 | B5: Avoine Marçay Sammarçolles Bournand Couziers | C5: 3 | D5: 66 | E5: 2 | F5: 59 | G5: =SUM(E5*60+F5) -> 179 | H5: =SUM(D5/G5*60) -> 22.122905 | I5: 342 | L5: 66
C6: 4 | G6: =SUM(E6*60+F6) -> 0 | H6: =SUM(D6/G6*60) -> #DIV/0!
C7: 5 | G7: =SUM(E7*60+F7) -> 0 | H7: =SUM(D7/G7*60) -> #DIV/0!
C8: 6 | G8: =SUM(E8*60+F8) -> 0 | H8: =SUM(D8/G8*60) -> #DIV/0!
C9: 7 | G9: =SUM(E9*60+F9) -> 0 | H9: =SUM(D9/G9*60) -> #DIV/0!
C10: 8 | G10: =SUM(E10*60+F10) -> 0 | H10: =SUM(D10/G10*60) -> #DIV/0!
C11: 9 | G11: =SUM(E11*60+F11) -> 0 | H11: =SUM(D11/G11*60) -> #DIV/0!
C12: 10 | G12: =SUM(E12*60+F12) -> 0 | H12: =SUM(D12/G12*60) -> #DIV/0!
C13: 11 | G13: =SUM(E13*60+F13) -> 0 | H13: =SUM(D13/G13*60) -> #DIV/0!
C14: 12 | G14: =SUM(E14*60+F14) -> 0 | H14: =SUM(D14/G14*60) -> #DIV/0!
C15: 13 | G15: =SUM(E15*60+F15) -> 0 | H15: =SUM(D15/G15*60) -> #DIV/0!
C16: 14 | G16: =SUM(E16*60+F16) -> 0 | H16: =SUM(D16/G16*60) -> #DIV/0!
C17: 15 | G17: =SUM(E17*60+F17) -> 0 | H17: =SUM(D17/G17*60) -> #DIV/0!
... C20: 18 | G20: =SUM(E20*60+F20) -> 0 | H20: =SUM(D20/G20*60) -> #DIV/0!
D21: =SUM(D3:D20) -> 219 | I21: =SUM(I3:I20) -> 1139 | K21: =SUM(K3:K20) -> 0 | L21: =SUM(L3:L20) -> 219
A22: Km total 2026 | B22: =SUM(D21+0) -> 219 | H22: =SUM(I21+0) -> 1139 | K22: =SUM(K21) -> 0 | L22: =SUM(L21) -> 219
J23: Année 2021 | K23: 1843 | L23: 9688
J24: Année 2022 | K24: 2920 | L24: 6089
J25: Année 2023 | K25: 7538 | L25: 3488
J26: Année 2024 | K26: 624 | L26: 4941
J27: Année 2025 | K27: 289 | L27: 6903
J28: Année 2026
J30: KM total | K30: =SUM(K23:K29) -> 13214 | L30: =SUM(L23:L29) -> 31109

Sheet Fév
A1: Suivi Performances Février | H1: =SUM(Janv!H1) -> 2026
A2: Dates | B2: Désignation Sorties | C2: Nb | D2: Distances | E2: Durées | H2: Vit. Moy. | I2: Dév + | J2: Remarques | K2: Brochard | L2: S1NEO
A3: 46067 | B3: Avoine Bourgueil Courléon Vernoil Candes | C3: 1 | D3: 69 | E3: 3 | F3: 14 | G3: =SUM(E3*60+F3) -> 194 | H3: =SUM(D3/G3*60) -> 21.340206 | I3: 451 | L3: 69
A4: 46070 | B4: Chinon Roiffé Chacé Candes Chinon | C4: 2 | D4: 90 | E4: 4 | F4: 6 | G4: =SUM(E4*60+F4) -> 246 | H4: =SUM(D4/G4*60) -> 21.95122 | I4: 637 | L4: 90
C5: 3 | G5: =SUM(E5*60+F5) -> 0 | H5: =SUM(D5/G5*60) -> #DIV/0!
C6: 4 | G6: =SUM(E6*60+F6) -> 0 | H6: =SUM(D6/G6*60) -> #DIV/0!
C7: 5 | G7: =SUM(E7*60+F7) -> 0 | H7: =SUM(D7/G7*60) -> #DIV/0!
C8: 6 | G8: =SUM(E8*60+F8) -> 0 | H8: =SUM(D8/G8*60) -> #DIV/0!
C9: 7 | G9: =SUM(E9*60+F9) -> 0 | H9: =SUM(D9/G9*60) -> #DIV/0!
C10: 8 | G10: =SUM(E10*60+F10) -> 0 | H10: =SUM(D10/G10*60) -> #DIV/0!
C11: 9 | G11: =SUM(E11*60+F11) -> 0 | H11: =SUM(D11/G11*60) -> #DIV/0!
C12: 10 | G12: =SUM(E12*60+F12) -> 0 | H12: =SUM(D12/G12*60) -> #DIV/0!
C13: 11 | G13: =SUM(E13*60+F13) -> 0 | H13: =SUM(D13/G13*60) -> #DIV/0!
C14: 12 | G14: =SUM(E14*60+F14) -> 0 | H14: =SUM(D14/G14*60) -> #DIV/0!
C15: 13 | G15: =SUM(E15*60+F15) -> 0 | H15: =SUM(D15/G15*60) -> #DIV/0!
C16: 14 | G16: =SUM(E16*60+F16) -> 0 | H16: =SUM(D16/G16*60) -> #DIV/0!
... C20: 18 | G20: =SUM(E20*60+F20) -> 0 | H20: =SUM(D20/G20*60) -> #DIV/0!
D21: =SUM(D3:D20) -> 159 | I21: =SUM(I3:I20) -> 1088 | K21: =SUM(K3:K20) -> 0 | L21: =SUM(L3:L20) -> 159
A22: Km total 2026 | B22: =SUM(Janv!B22+Fév!D21) -> 378 | H22: =SUM(Janv!H22+Fév!I21) -> 2227 | K22: =SUM(Janv!K22+Fév!K21) -> 0 | L22: =SUM(Janv!L22+Fév!L21) -> 378
J23: Année 2021 | K23: 1843 | L23: 9688
J24: Année 2022 | K24: 2920 | L24: 6089
J25: Année 2023 | K25: 7538 | L25: 3488
J26: Année 2024 | K26: 624 | L26: 4941
J27: Année 2025 | K27: 289 | L27: 6903
J28: Année 2026
J30: KM total | K30: =SUM(K23:K29) -> 13214 | L30: =SUM(L23:L29) -> 31109

Sheet Mar
A1: Suivi Performances Mars | H1: =SUM(Janv!H1) -> 2026
A2: Dates | B2: Désignation Sorties | C2: Nb | D2: Distances | E2: Durées | H2: Vit. Moy. | I2: Dév + | J2: Remarques | K2: Brochard | L2: S1NEO
A3: 46082 | B3: Rencontre de Printemps Richelieu | C3: 1 | D3: 68 | E3: 3 | F3: 14 | G3: =SUM(E3*60+F3) -> 194 | H3: =SUM(D3/G3*60) -> 21.030928 | I3: 308 | L3: 68
A4: 46083 | B4: Avoine Evelyne | C4: 2 | D4: 20 | E4: 1 | F4: 9 | G4: =SUM(E4*60+F4) -> 69 | H4: =SUM(D4/G4*60) -> 17.391304 | I4: 23 | L4: 20
A5: 46084 | B5: Chinon St Epain Courtineau Rilly Lémeré | C5: 3 | D5: 124 | E5: 5 | F5: 25 | G5: =SUM(E5*60+F5) -> 325 | H5: =SUM(D5/G5*60) -> 22.892308 | I5: 723 | L5: 124
A6: 46086 | B6: Chinon St Epain Rilly | C6: 4 | D6: 121 | E6: 4 | F6: 57 | G6: =SUM(E6*60+F6) -> 297 | H6: =SUM(D6/G6*60) -> 24.444444 | I6: 752 | L6: 121
A7: 46088 | B7: Avoine Cyclisme sur route | C7: 5 | D7: 65 | E7: 0 | F7: 46 | G7: =SUM(E7*60+F7) -> 46 | H7: =SUM(D7/G7*60) -> 84.782609 | I7: 231 | L7: 65
A8: 46090 | B8: Avoine Turquant Avoine | C8: 6 | D8: 28 | E8: 1 | F8: 19 | G8: =SUM(E8*60+F8) -> 79 | H8: =SUM(D8/G8*60) -> 21.265823 | I8: 68 | L8: 28
A9: 46091 | B9: Chinon Chenehutte Meigné Coudray Douvy Roiffé | C9: 7 | D9: 116 | E9: 4 | F9: 41 | G9: =SUM(E9*60+F9) -> 281 | H9: =SUM(D9/G9*60) -> 24.768683 | I9: 499 | L9: 116
A10: 46093 | B10: Chinon Souzay Courchamp le Puy St Léger Roiffé | C10: 8 | D10: 113 | E10: 4 | F10: 45 | G10: =SUM(E10*60+F10) -> 285 | H10: =SUM(D10/G10*60) -> 23.789474 | I10: 686 | L10: 113
A11: 46093 | B11: Hôpital St Benoît Avoine | C11: 9 | D11: 14 | F11: 35 | G11: =SUM(E11*60+F11) -> 35 | H11: =SUM(D11/G11*60) -> 24 | I11: 68 | L11: 14
C12: 10 | G12: =SUM(E12*60+F12) -> 0 | H12: =SUM(D12/G12*60) -> #DIV/0!
C13: 11 | G13: =SUM(E13*60+F13) -> 0 | H13: =SUM(D13/G13*60) -> #DIV/0!
C14: 12 | G14: =SUM(E14*60+F14) -> 0 | H14: =SUM(D14/G14*60) -> #DIV/0!
C15: 13 | G15: =SUM(E15*60+F15) -> 0 | H15: =SUM(D15/G15*60) -> #DIV/0!
C16: 14 | G16: =SUM(E16*60+F16) -> 0 | H16: =SUM(D16/G16*60) -> #DIV/0!
C17: 15 | G17: =SUM(E17*60+F17) -> 0 | H17: =SUM(D17/G17*60) -> #DIV/0!
C18: 16 | G18: =SUM(E18*60+F18) -> 0 | H18: =SUM(D18/G18*60) -> #DIV/0!
C19: 17 | G19: =SUM(E19*60+F19) -> 0 | H19: =SUM(D19/G19*60) -> #DIV/0!
C20: 18 | G20: =SUM(E20*60+F20) -> 0 | H20: =SUM(D20/G20*60) -> #DIV/0!
C21: 19 | G21: =SUM(E21*60+F21) -> 0 | H21: =SUM(D21/G21*60) -> #DIV/0!
C22: 20 | G22: =SUM(E22*60+F22) -> 0 | H22: =SUM(D22/G22*60) -> #DIV/0!
C23: 21 | G23: =SUM(E23*60+F23) -> 0 | H23: =SUM(D23/G23*60) -> #DIV/0!
D24: =SUM(D3:D23) -> 669 | I24: =SUM(I3:I23) -> 3358 | K24: =SUM(K3:K23) -> 0 | L24: =SUM(L3:L23) -> 669
A25: Km total 2026 | B25: =SUM(Fév!B22+Mar!D24) -> 1047 | H25: =SUM(Janv!H22+Fév!I21) -> 2227 | K25: =SUM(Fév!K22+Mar!K24) -> 0 | L25: =SUM(Fév!L22+Mar!L24) -> 1047
J26: Année 2021 | K26: 1843 | L26: 9688
J27: Année 2022 | K27: 2920 | L27: 6089
J28: Année 2023 | K28: 7538 | L28: 3488
J29: Année 2024 | K29: 624 | L29: 4941
J30: Année 2025 | K30: 289 | L30: 6903
J31: Année 2026
J33: KM total | K33: =SUM(K26:K32) -> 13214 | L33: =SUM(L26:L32) -> 31109

Sheet Avr
A1: Suivi Performances Avril | H1: =SUM(Janv!H1) -> 2026
A2: Dates | B2: Désignation Sorties | C2: Nb | D2: Distances | E2: Durées | H2: Vit. Moy. | I2: Dév + | J2: Remarques | K2: Brochard | L2: S1NEO
C3: 1 | G3: =SUM(E3*60+F3) -> 0 | H3: =SUM(D3/G3*60) -> #DIV/0!
C4: 2 | G4: =SUM(E4*60+F4) -> 0 | H4: =SUM(D4/G4*60) -> #DIV/0!
C5: 3 | G5: =SUM(E5*60+F5) -> 0 | H5: =SUM(D5/G5*60) -> #DIV/0!
C6: 4 | G6: =SUM(E6*60+F6) -> 0 | H6: =SUM(D6/G6*60) -> #DIV/0!
C7: 5 | G7: =SUM(E7*60+F7) -> 0 | H7: =SUM(D7/G7*60) -> #DIV/0!
C8: 6 | G8: =SUM(E8*60+F8) -> 0 | H8: =SUM(D8/G8*60) -> #DIV/0!
C9: 7 | G9: =SUM(E9*60+F9) -> 0 | H9: =SUM(D9/G9*60) -> #DIV/0!
C10: 8 | G10: =SUM(E10*60+F10) -> 0 | H10: =SUM(D10/G10*60) -> #DIV/0!
C11: 9 | G11: =SUM(E11*60+F11) -> 0 | H11: =SUM(D11/G11*60) -> #DIV/0!
C12: 10 | G12: =SUM(E12*60+F12) -> 0 | H12: =SUM(D12/G12*60) -> #DIV/0!
C13: 11 | G13: =SUM(E13*60+F13) -> 0 | H13: =SUM(D13/G13*60) -> #DIV/0!
C14: 12 | G14: =SUM(E14*60+F14) -> 0 | H14: =SUM(D14/G14*60) -> #DIV/0!
... C23: 21 | G23: =SUM(E23*60+F23) -> 0 | H23: =SUM(D23/G23*60) -> #DIV/0!
D24: =SUM(D3:D23) -> 0 | I24: =SUM(I3:I23) -> 0 | K24: =SUM(K3:K23) -> 0 | L24: =SUM(L3:L23) -> 0
A25: Km total 2026 | B25: =SUM(Mar!B25+Avr!D24) -> 1047 | H25: =SUM(Janv!H22+Fév!I21) -> 2227 | K25: =SUM(Mar!K25+Avr!K24) -> 0 | L25: =SUM(Mar!L25+Avr!L24) -> 1047
J26: Année 2021 | K26: 1843 | L26: 9688
J27: Année 2022 | K27: 2920 | L27: 6089
J28: Année 2023 | K28: 7538 | L28: 3488
J29: Année 2024 | K29: 624 | L29: 4941
J30: Année 2025 | K30: 289 | L30: 6903
J31: Année 2026
J33: KM total | K33: =SUM(K26:K32) -> 13214 | L33: =SUM(L26:L32) -> 31109

Sheet Mai
A1: Suivi Performances Mai | H1: =SUM(Janv!H1) -> 2026
A2: Dates | B2: Désignation Sorties | C2: Nb | D2: Distances | E2: Durées | H2: Vit. Moy. | I2: Dév + | J2: Remarques | K2: Brochard | L2: S1NEO
C3: 1 | G3: =SUM(E3*60+F3) -> 0 | H3: =SUM(D3/G3*60) -> #DIV/0!
C4: 2 | G4: =SUM(E4*60+F4) -> 0 | H4: =SUM(D4/G4*60) -> #DIV/0!
C5: 3 | G5: =SUM(E5*60+F5) -> 0 | H5: =SUM(D5/G5*60) -> #DIV/0!
C6: 4 | G6: =SUM(E6*60+F6) -> 0 | H6: =SUM(D6/G6*60) -> #DIV/0!
C7: 5 | G7: =SUM(E7*60+F7) -> 0 | H7: =SUM(D7/G7*60) -> #DIV/0!
C8: 6 | G8: =SUM(E8*60+F8) -> 0 | H8: =SUM(D8/G8*60) -> #DIV/0!
C9: 7 | G9: =SUM(E9*60+F9) -> 0 | H9: =SUM(D9/G9*60) -> #DIV/0!
C10: 8 | G10: =SUM(E10*60+F10) -> 0 | H10: =SUM(D10/G10*60) -> #DIV/0!
C11: 9 | G11: =SUM(E11*60+F11) -> 0 | H11: =SUM(D11/G11*60) -> #DIV/0!
C12: 10 | G12: =SUM(E12*60+F12) -> 0 | H12: =SUM(D12/G12*60) -> #DIV/0!
C13: 11 | G13: =SUM(E13*60+F13) -> 0 | H13: =SUM(D13/G13*60) -> #DIV/0!
C14: 12 | G14: =SUM(E14*60+F14) -> 0 | H14: =SUM(D14/G14*60) -> #DIV/0!
... C23: 21 | G23: =SUM(E23*60+F23) -> 0 | H23: =SUM(D23/G23*60) -> #DIV/0!
D24: =SUM(D3:D23) -> 0 | I24: =SUM(I3:I23) -> 0 | K24: =SUM(K3:K23) -> 0 | L24: =SUM(L3:L23) -> 0
A25: Km total 2026 | B25: =SUM(Avr!B25+Mai!D24) -> 1047 | H25: =SUM(Janv!H22+Fév!I21) -> 2227 | K25: =SUM(Avr!K25+Mai!K24) -> 0 | L25: =SUM(Avr!L25+Mai!L24) -> 1047
J26: Année 2021 | K26: 1843 | L26: 9688
J27: Année 2022 | K27: 2920 | L27: 6089
J28: Année 2023 | K28: 7538 | L28: 3488
J29: Année 2024 | K29: 624 | L29: 4941
J30: Année 2025 | K30: 289 | L30: 6903
J31: Année 2026
J33: KM total | K33: =SUM(K26:K32) -> 13214 | L33: =SUM(L26:L32) -> 31109

Sheet Juin
A1: Suivi Performances Juin | H1: =SUM(Janv!H1) -> 2026
A2: Dates | B2: Désignation Sorties | C2: Nb | D2: Distances | E2: Durées | H2: Vit. Moy. | I2: Dév + | J2: Remarques | K2: Brochard | L2: S1NEO
C3: 1 | G3: =SUM(E3*60+F3) -> 0 | H3: =IF(G3<>0,D3/G3*60,"")
C4: 2 | G4: =SUM(E4*60+F4) -> 0 | H4: =IF(G4<>0,D4/G4*60,"")
C5: 3 | G5: =SUM(E5*60+F5) -> 0 | H5: =IF(G5<>0,D5/G5*60,"")
C6: 4 | G6: =SUM(E6*60+F6) -> 0 | H6: =IF(G6<>0,D6/G6*60,"")
C7: 5 | G7: =SUM(E7*60+F7) -> 0 | H7: =IF(G7<>0,D7/G7*60,"")
C8: 6 | G8: =SUM(E8*60+F8) -> 0 | H8: =IF(G8<>0,D8/G8*60,"")
C9: 7 | G9: =SUM(E9*60+F9) -> 0 | H9: =IF(G9<>0,D9/G9*60,"")
C10: 8 | G10: =SUM(E10*60+F10) -> 0 | H10: =IF(G10<>0,D10/G10*60,"")
C11: 9 | G11: =SUM(E11*60+F11) -> 0 | H11: =IF(G11<>0,D11/G11*60,"")
C12: 10 | G12: =SUM(E12*60+F12) -> 0 | H12: =IF(G12<>0,D12/G12*60,"")
C13: 11 | G13: =SUM(E13*60+F13) -> 0 | H13: =IF(G13<>0,D13/G13*60,"")
C14: 12 | G14: =SUM(E14*60+F14) -> 0 | H14: =IF(G14<>0,D14/G14*60,"")
... C23: 21 | G23: =SUM(E23*60+F23) -> 0 | H23: =IF(G23<>0,D23/G23*60,"")
D24: =SUM(D3:D23) -> 0 | I24: =SUM(I3:I23) -> 0 | K24: =SUM(K3:K23) -> 0 | L24: =SUM(L3:L23) -> 0
A25: Km total 2026 | B25: =SUM(Mai!B25+Juin!D24) -> 1047 | H25: =SUM(Janv!H22+Fév!I21) -> 2227 | K25: =SUM(Mai!K25+Juin!K24) -> 0 | L25: =SUM(Mai!L25+Juin!L24) -> 1047
J26: Année 2021 | K26: 1843 | L26: 9688
J27: Année 2022 | K27: 2920 | L27: 6089
J28: Année 2023 | K28: 7538 | L28: 3488
J29: Année 2024 | K29: 624 | L29: 4941
J30: Année 2025 | K30: 289 | L30: 6903
J31: Année 2026
J33: KM total | K33: =SUM(K26:K32) -> 13214 | L33: =SUM(L26:L32) -> 31109

Sheet Juil
A1: Suivi Performances Juillet | H1: =SUM(Janv!H1) -> 2026
A2: Dates | B2: Désignation Sorties | C2: Nb | D2: Distances | E2: Durées | H2: Vit. Moy. | I2: Dév + | J2: Remarques | K2: Brochard | L2: S1NEO
C3: 1 | G3: =SUM(E3*60+F3) -> 0 | H3: =IF(G3<>0,D3/G3*60,"")
C4: 2 | G4: =SUM(E4*60+F4) -> 0 | H4: =IF(G4<>0,D4/G4*60,"")
C5: 3 | G5: =SUM(E5*60+F5) -> 0 | H5: =IF(G5<>0,D5/G5*60,"")
C6: 4 | G6: =SUM(E6*60+F6) -> 0 | H6: =IF(G6<>0,D6/G6*60,"")
C7: 5 | G7: =SUM(E7*60+F7) -> 0 | H7: =IF(G7<>0,D7/G7*60,"")
C8: 6 | G8: =SUM(E8*60+F8) -> 0 | H8: =IF(G8<>0,D8/G8*60,"")
C9: 7 | G9: =SUM(E9*60+F9) -> 0 | H9: =IF(G9<>0,D9/G9*60,"")
C10: 8 | G10: =SUM(E10*60+F10) -> 0 | H10: =IF(G10<>0,D10/G10*60,"")
C11: 9 | G11: =SUM(E11*60+F11) -> 0 | H11: =IF(G11<>0,D11/G11*60,"")
C12: 10 | G12: =SUM(E12*60+F12) -> 0 | H12: =IF(G12<>0,D12/G12*60,"")
C13: 11 | G13: =SUM(E13*60+F13) -> 0 | H13: =IF(G13<>0,D13/G13*60,"")
C14: 12 | G14: =SUM(E14*60+F14) -> 0 | H14: =IF(G14<>0,D14/G14*60,"")
... C23: 21 | G23: =SUM(E23*60+F23) -> 0 | H23: =IF(G23<>0,D23/G23*60,"")
D24: =SUM(D3:D23) -> 0 | I24: =SUM(I3:I23) -> 0 | K24: =SUM(K3:K23) -> 0 | L24: =SUM(L3:L23) -> 0
A25: Km total 2026 | B25: =SUM(Juin!B25+Juil!D24) -> 1047 | H25: =SUM(Juin!H25+Juil!I24) -> 2227 | K25: =SUM(Juin!K25+Juil!K24) -> 0 | L25: =SUM(Juin!L25+Juil!L24) -> 1047
J26: Année 2021 | K26: 1843 | L26: 9688
J27: Année 2022 | K27: 2920 | L27: 6089
J28: Année 2023 | K28: 7538 | L28: 3488
J29: Année 2024 | K29: 624 | L29: 4941
J30: Année 2025 | K30: 289 | L30: 6903
J31: Année 2026
J33: KM total | K33: =SUM(K26:K32) -> 13214 | L33: =SUM(L26:L32) -> 31109

Sheet Aout
A1: Suivi Performances Août | H1: =SUM(Janv!H1) -> 2026
A2: Dates | B2: Désignation Sorties | C2: Nb | D2: Distances | E2: Durées | H2: Vit. Moy. | I2: Dév + | J2: Remarques | K2: Brochard | L2: S1NEO
C3: 1 | G3: =SUM(E3*60+F3) -> 0 | H3: =SUM(D3/G3*60) -> #DIV/0!
C4: 2 | G4: =SUM(E4*60+F4) -> 0 | H4: =SUM(D4/G4*60) -> #DIV/0!
C5: 3 | G5: =SUM(E5*60+F5) -> 0 | H5: =SUM(D5/G5*60) -> #DIV/0!
C6: 4 | G6: =SUM(E6*60+F6) -> 0 | H6: =SUM(D6/G6*60) -> #DIV/0!
C7: 5 | G7: =SUM(E7*60+F7) -> 0 | H7: =SUM(D7/G7*60) -> #DIV/0!
C8: 6 | G8: =SUM(E8*60+F8) -> 0 | H8: =SUM(D8/G8*60) -> #DIV/0!
C9: 7 | G9: =SUM(E9*60+F9) -> 0 | H9: =SUM(D9/G9*60) -> #DIV/0!
C10: 8 | G10: =SUM(E10*60+F10) -> 0 | H10: =SUM(D10/G10*60) -> #DIV/0!
C11: 9 | G11: =SUM(E11*60+F11) -> 0 | H11: =SUM(D11/G11*60) -> #DIV/0!
C12: 10 | G12: =SUM(E12*60+F12) -> 0 | H12: =SUM(D12/G12*60) -> #DIV/0!
C13: 11 | G13: =SUM(E13*60+F13) -> 0 | H13: =SUM(D13/G13*60) -> #DIV/0!
C14: 12 | G14: =SUM(E14*60+F14) -> 0 | H14: =SUM(D14/G14*60) -> #DIV/0!
... C23: 21 | G23: =SUM(E23*60+F23) -> 0 | H23: =SUM(D23/G23*60) -> #DIV/0!
D24: =SUM(D2:D23) -> 0 | I24: =SUM(I3:I23) -> 0 | K24: =SUM(K1:K23) -> 0 | L24: =SUM(L1:L23) -> 0
A25: Km total 2026 | B25: =SUM(Juil!B25+Aout!D24) -> 1047 | H25: =SUM(Juil!H25+Aout!I24) -> 2227 | K25: =SUM(Juil!K25+Aout!K24) -> 0 | L25: =SUM(Juil!L25+Aout!L24) -> 1047
J26: Année 2021 | K26: 1843 | L26: 9688
J27: Année 2022 | K27: 2920 | L27: 6089
J28: Année 2023 | K28: 7538 | L28: 3488
J29: Année 2024 | K29: 624 | L29: 4941
J30: Année 2025 | K30: 289 | L30: 6903
J31: Année 2026
J33: KM total | K33: =SUM(K26:K32) -> 13214 | L33: =SUM(L26:L32) -> 31109

Sheet Sept
A1: Suivi Performances Septembre | H1: =SUM(Janv!H1) -> 2026
A2: Dates | B2: Désignation Sorties | C2: Nb | D2: Distances | E2: Durées | H2: Vit. Moy. | I2: Dév + | J2: Remarques | K2: Brochard | L2: S1NEO
C3: 1 | G3: =SUM(E3*60+F3) -> 0 | H3: =SUM(D3/G3*60) -> #DIV/0!
C4: 2 | G4: =SUM(E4*60+F4) -> 0 | H4: =SUM(D4/G4*60) -> #DIV/0!
C5: 3 | G5: =SUM(E5*60+F5) -> 0 | H5: =SUM(D5/G5*60) -> #DIV/0!
C6: 2 | G6: =SUM(E6*60+F6) -> 0 | H6: =SUM(D6/G6*60) -> #DIV/0!
C7: 5 | G7: =SUM(E7*60+F7) -> 0 | H7: =SUM(D7/G7*60) -> #DIV/0!
C8: 6 | G8: =SUM(E8*60+F8) -> 0 | H8: =SUM(D8/G8*60) -> #DIV/0!
C9: 7 | G9: =SUM(E9*60+F9) -> 0 | H9: =SUM(D9/G9*60) -> #DIV/0!
C10: 8 | G10: =SUM(E10*60+F10) -> 0 | H10: =SUM(D10/G10*60) -> #DIV/0!
C11: 9 | G11: =SUM(E11*60+F11) -> 0 | H11: =SUM(D11/G11*60) -> #DIV/0!
C12: 10 | G12: =SUM(E12*60+F12) -> 0 | H12: =SUM(D12/G12*60) -> #DIV/0!
C13: 11 | G13: =SUM(E13*60+F13) -> 0 | H13: =SUM(D13/G13*60) -> #DIV/0!
C14: 12 | G14: =SUM(E14*60+F14) -> 0 | H14: =SUM(D14/G14*60) -> #DIV/0!
... C23: 21 | G23: =SUM(E23*60+F23) -> 0 | H23: =SUM(D23/G23*60) -> #DIV/0!
D24: =SUM(D3:D23) -> 0 | I24: =SUM(I3:I23) -> 0 | K24: =SUM(K1:K23) -> 0 | L24: =SUM(L1:L23) -> 0
A25: Km total 2026 | B25: =SUM(Aout!B25+Sept!D24) -> 1047 | H25: =SUM(Aout!H25+Sept!I24) -> 2227 | K25: =SUM(Aout!K25+Sept!K24) -> 0 | L25: =SUM(Aout!L25+Sept!L24) -> 1047
J26: Année 2021 | K26: 1843 | L26: 9688
J27: Année 2022 | K27: 2920 | L27: 6089
J28: Année 2023 | K28: 7538 | L28: 3488
J29: Année 2024 | K29: 624 | L29: 4941
J30: Année 2025 | K30: 289 | L30: 6903
J31: Année 2026
J33: KM total | K33: =SUM(K26:K32) -> 13214 | L33: =SUM(L26:L32) -> 31109

Sheet Oct
A1: Suivi Performances Octobre | H1: =SUM(Janv!H1) -> 2026
A2: Dates | B2: Désignation Sorties | C2: Nb | D2: Distances | E2: Durées | H2: Vit. Moy. | I2: Dév + | J2: Remarques | K2: Brochard | L2: S1NEO
C3: 1 | G3: =SUM(E3*60+F3) -> 0 | H3: =SUM(D3/G3*60) -> #DIV/0!
C4: 2 | G4: =SUM(E4*60+F4) -> 0 | H4: =SUM(D4/G4*60) -> #DIV/0!
C5: 3 | G5: =SUM(E5*60+F5) -> 0 | H5: =SUM(D5/G5*60) -> #DIV/0!
C6: 4 | G6: =SUM(E6*60+F6) -> 0 | H6: =SUM(D6/G6*60) -> #DIV/0!
C7: 5 | G7: =SUM(E7*60+F7) -> 0 | H7: =SUM(D7/G7*60) -> #DIV/0!
C8: 6 | G8: =SUM(E8*60+F8) -> 0 | H8: =SUM(D8/G8*60) -> #DIV/0!
C9: 7 | G9: =SUM(E9*60+F9) -> 0 | H9: =SUM(D9/G9*60) -> #DIV/0!
C10: 8 | G10: =SUM(E10*60+F10) -> 0 | H10: =SUM(D10/G10*60) -> #DIV/0!
C11: 9 | G11: =SUM(E11*60+F11) -> 0 | H11: =SUM(D11/G11*60) -> #DIV/0!
C12: 10 | G12: =SUM(E12*60+F12) -> 0 | H12: =SUM(D12/G12*60) -> #DIV/0!
C13: 11 | G13: =SUM(E13*60+F13) -> 0 | H13: =SUM(D13/G13*60) -> #DIV/0!
C14: 12 | G14: =SUM(E14*60+F14) -> 0 | H14: =SUM(D14/G14*60) -> #DIV/0!
... C23: 21 | G23: =SUM(E23*60+F23) -> 0 | H23: =SUM(D23/G23*60) -> #DIV/0!
D24: =SUM(D3:D23) -> 0 | I24: =SUM(I3:I23) -> 0 | K24: =SUM(K1:K23) -> 0 | L24: =SUM(L1:L23) -> 0
A25: Km total 2025 | B25: =SUM(Sept!B25+Oct!D24) -> 1047 | H25: =SUM(Sept!H25+Oct!I24) -> 2227 | K25: =SUM(Sept!K25+Oct!K24) -> 0 | L25: =SUM(Sept!L25+Oct!L24) -> 1047
J26: Année 2021 | K26: 1843 | L26: 9688
J27: Année 2022 | K27: 2920 | L27: 6089
J28: Année 2023 | K28: 7538 | L28: 3488
J29: Année 2024 | K29: 624 | L29: 4941
J30: Année 2025 | K30: 289 | L30: 6903
J31: Année 2026
J33: KM total | K33: =SUM(K26:K32) -> 13214 | L33: =SUM(L26:L32) -> 31109

Sheet Nov
A1: Suivi Performances Novembre | H1: =SUM(Janv!H1) -> 2026
A2: Dates | B2: Désignation Sorties | C2: Nb | D2: Distances | E2: Durées | H2: Vit. Moy. | I2: Dév + | J2: Remarques | K2: Brochard | L2: S1NEO
A3: 45965 | C3: 1 | G3: =SUM(E3*60+F3) -> 0 | H3: =SUM(D3/G3*60) -> #DIV/0!
A4: 45974 | C4: 2 | G4: =SUM(E4*60+F4) -> 0 | H4: =SUM(D4/G4*60) -> #DIV/0!
A5: 45979 | C5: 3 | G5: =SUM(E5*60+F5) -> 0 | H5: =SUM(D5/G5*60) -> #DIV/0!
A6: 45986 | C6: 4 | G6: =SUM(E6*60+F6) -> 0 | H6: =SUM(D6/G6*60) -> #DIV/0!
A7: 45990 | C7: 5 | G7: =SUM(E7*60+F7) -> 0 | H7: =SUM(D7/G7*60) -> #DIV/0!
C8: 6 | G8: =SUM(E8*60+F8) -> 0 | H8: =SUM(D8/G8*60) -> #DIV/0!
C9: 7 | G9: =SUM(E9*60+F9) -> 0 | H9: =SUM(D9/G9*60) -> #DIV/0!
C10: 8 | G10: =SUM(E10*60+F10) -> 0 | H10: =SUM(D10/G10*60) -> #DIV/0!
C11: 9 | G11: =SUM(E11*60+F11) -> 0 | H11: =SUM(D11/G11*60) -> #DIV/0!
C12: 10 | G12: =SUM(E12*60+F12) -> 0 | H12: =SUM(D12/G12*60) -> #DIV/0!
C13: 3 | G13: =SUM(E13*60+F13) -> 0 | H13: =SUM(D13/G13*60) -> #DIV/0!
C14: 12 | G14: =SUM(E14*60+F14) -> 0 | H14: =SUM(D14/G14*60) -> #DIV/0!
C15: 13 | G15: =SUM(E15*60+F15) -> 0 | H15: =SUM(D15/G15*60) -> #DIV/0!
C16: 14 | G16: =SUM(E16*60+F16) -> 0 | H16: =SUM(D16/G16*60) -> #DIV/0!
C17: 15 | G17: =SUM(E17*60+F17) -> 0 | H17: =SUM(D17/G17*60) -> #DIV/0!
C18: 16 | G18: =SUM(E18*60+F18) -> 0 | H18: =SUM(D18/G18*60) -> #DIV/0!
C19: 17 | G19: =SUM(E19*60+F19) -> 0 | H19: =SUM(D19/G19*60) -> #DIV/0!
... C23: 21 | G23: =SUM(E23*60+F23) -> 0 | H23: =SUM(D23/G23*60) -> #DIV/0!
D24: =SUM(D3:D23) -> 0 | I24: =SUM(I3:I23) -> 0 | K24: =SUM(K1:K23) -> 0 | L24: =SUM(L1:L23) -> 0
A25: Km total 2025 | B25: =SUM(Oct!B25+Nov!D24) -> 1047 | H25: =SUM(Oct!H25+Nov!I24) -> 2227 | K25: =SUM(Oct!K25+Nov!K24) -> 0 | L25: =SUM(Oct!L25+Nov!L24) -> 1047
J26: Année 2021 | K26: 1843 | L26: 9688
J27: Année 2022 | K27: 2920 | L27: 6089
J28: Année 2023 | K28: 7538 | L28: 3488
J29: Année 2024 | K29: 624 | L29: 4941
J30: Année 2025 | K30: 289 | L30: 6903
J31: Année 2026
J33: KM total | K33: =SUM(K26:K32) -> 13214 | L33: =SUM(L26:L32) -> 31109

Sheet Déc
A1: Suivi Performances Décembre | H1: =SUM(Janv!H1) -> 2026
A2: Dates | B2: Désignation Sorties | C2: Nb | D2: Distances | E2: Durées | H2: Vit. Moy. | I2: Dév + | J2: Remarques | K2: Brochard | L2: S1NEO
C3: 1 | G3: =SUM(E3*60+F3) -> 0 | H3: =SUM(D3/G3*60) -> #DIV/0!
C4: 2 | G4: =SUM(E4*60+F4) -> 0 | H4: =SUM(D4/G4*60) -> #DIV/0!
C5: 3 | G5: =SUM(E5*60+F5) -> 0 | H5: =SUM(D5/G5*60) -> #DIV/0!
C6: 4 | G6: =SUM(E6*60+F6) -> 0 | H6: =SUM(D6/G6*60) -> #DIV/0!
C7: 5 | G7: =SUM(E7*60+F7) -> 0 | H7: =SUM(D7/G7*60) -> #DIV/0!
C8: 6 | G8: =SUM(E8*60+F8) -> 0 | H8: =SUM(D8/G8*60) -> #DIV/0!
C9: 7 | G9: =SUM(E9*60+F9) -> 0 | H9: =SUM(D9/G9*60) -> #DIV/0!
C10: 8 | G10: =SUM(E10*60+F10) -> 0 | H10: =SUM(D10/G10*60) -> #DIV/0!
C11: 9 | G11: =SUM(E11*60+F11) -> 0 | H11: =SUM(D11/G11*60) -> #DIV/0!
C12: 10 | G12: =SUM(E12*60+F12) -> 0 | H12: =SUM(D12/G12*60) -> #DIV/0!
C13: 11 | G13: =SUM(E13*60+F13) -> 0 | H13: =SUM(D13/G13*60) -> #DIV/0!
C14: 12 | G14: =SUM(E14*60+F14) -> 0 | H14: =SUM(D14/G14*60) -> #DIV/0!
... C22: 20 | G22: =SUM(E22*60+F22) -> 0 | H22: =SUM(D22/G22*60) -> #DIV/0!
G23: =SUM(E23*60+F23) -> 0 | H23: =SUM(D23/G23*60) -> #DIV/0!
D24: =SUM(D3:D23) -> 0 | I24: =SUM(I3:I23) -> 0 | K24: =SUM(K1:K23) -> 0 | L24: =SUM(L1:L23) -> 0
A25: Km total 2025 | B25: =SUM(Nov!B25+Déc!D24) -> 1047 | H25: =SUM(Nov!H25+Déc!I24) -> 2227 | K25: =SUM(Nov!K25+Déc!K24) -> 0 | L25: =SUM(Nov!L25+Déc!L24) -> 1047
J26: Année 2021 | K26: 1843 | L26: 9688
J27: Année 2022 | K27: 2920 | L27: 6089
J28: Année 2023 | K28: 7538 | L28: 3488
J29: Année 2024 | K29: 624 | L29: 4941
J30: Année 2025 | K30: 289 | L30: 6903
J31: Année 2026
J33: KM total | K33: =SUM(K26:K32) -> 13214 | L33: =SUM(L26:L32) -> 31109

Sheet Feuil1

Sheet Feuil2
