Workbook

Sheet Janv
A1: Suivi Performances Janvier | H1: 2024
A2: Dates | B2: Désignation Sorties | C2: Nb | D2: Distances | E2: Durées | H2: Vit. Moy. | I2: Dév + | J2: Remarques | K2: Brochard | L2: S1NEO
A3: 45297 | B3: Avoine La Breille Allonnes | C3: 1 | D3: 64 | E3: 2 | F3: 52 | G3: =SUM(E3*60+F3) -> 172 | H3: =SUM(D3/G3*60) -> 22.325581 | I3: 282 | L3: 64
A4: 45300 | B4: Chinon Restigné Langeais Huismes | C4: 2 | D4: 81 | E4: 3 | F4: 22 | G4: =SUM(E4*60+F4) -> 202 | H4: =SUM(D4/G4*60) -> 24.059406 | I4: 306 | L4: 81
A5: 45302 | B5: Chinon Huismes Langeais Restigné | C5: 3 | D5: 81 | E5: 3 | F5: 22 | G5: =SUM(E5*60+F5) -> 202 | H5: =SUM(D5/G5*60) -> 24.059406 | I5: 306 | L5: 81
A6: 45307 | B6: Avoine Panzoult Cheillé Rigny Ussé | C6: 4 | D6: 61 | E6: 2 | F6: 37 | G6: =SUM(E6*60+F6) -> 157 | H6: =SUM(D6/G6*60) -> 23.312102 | I6: 322 | L6: 61
A7: 45309 | B7: Avoine Ingrandes Langeais chinon | C7: 5 | D7: 82 | E7: 3 | F7: 24 | G7: =SUM(E7*60+F7) -> 204 | H7: =SUM(D7/G7*60) -> 24.117647 | I7: 322 | L7: 82
A8: 45314 | B8: Avoine Chacé Morton Couziers | C8: 6 | D8: 83 | E8: 3 | F8: 23 | G8: =SUM(E8*60+F8) -> 203 | H8: =SUM(D8/G8*60) -> 24.53202 | I8: 465 | L8: 83
A9: 45316 | B9: Chinon Lerné Basses ceaux | C9: 7 | D9: 79 | E9: 3 | F9: 19 | G9: =SUM(E9*60+F9) -> 199 | H9: =SUM(D9/G9*60) -> 23.819095 | I9: 382 | L9: 79
A10: 45318 | B10: Avoine Lignière vallère St Benoit | C10: 8 | D10: 69 | E10: 3 | F10: 2 | G10: =SUM(E10*60+F10) -> 182 | H10: =SUM(D10/G10*60) -> 22.747253 | I10: 389 | L10: 69
A11: 45321 | B11: Chinon Fontevraud Chacé Saix Roiffé | C11: 9 | D11: 80 | E11: 3 | F11: 21 | G11: =SUM(E11*60+F11) -> 201 | H11: =SUM(D11/G11*60) -> 23.880597 | I11: 470 | L11: 80
A12: 45322 | B12: Avoine | C12: 10 | D12: 24 | E12: 1 | F12: 22 | G12: =SUM(E12*60+F12) -> 82 | H12: =SUM(D12/G12*60) -> 17.560976 | I12: 40 | L12: 24
C13: 11 | G13: =SUM(E13*60+F13) -> 0 | H13: =SUM(D13/G13*60) -> #DIV/0!
C14: 12 | G14: =SUM(E14*60+F14) -> 0 | H14: =SUM(D14/G14*60) -> #DIV/0!
C15: 13 | G15: =SUM(E15*60+F15) -> 0 | H15: =SUM(D15/G15*60) -> #DIV/0!
C16: 14 | G16: =SUM(E16*60+F16) -> 0 | H16: =SUM(D16/G16*60) -> #DIV/0!
C17: 15 | G17: =SUM(E17*60+F17) -> 0 | H17: =SUM(D17/G17*60) -> #DIV/0!
C18: 16 | G18: =SUM(E18*60+F18) -> 0 | H18: =SUM(D18/G18*60) -> #DIV/0!
C19: 17 | G19: =SUM(E19*60+F19) -> 0 | H19: =SUM(D19/G19*60) -> #DIV/0!
C20: 18 | G20: =SUM(E20*60+F20) -> 0 | H20: =SUM(D20/G20*60) -> #DIV/0!
C21: 19 | G21: =SUM(E21*60+F21) -> 0 | H21: =SUM(D21/G21*60) -> #DIV/0!
C22: 20 | G22: =SUM(E22*60+F22) -> 0 | H22: =SUM(D22/G22*60) -> #DIV/0!
C23: 21 | G23: =SUM(E23*60+F23) -> 0 | H23: =SUM(D23/G23*60) -> #DIV/0!
D24: =SUM(D3:D23) -> 704 | I24: =SUM(I3:I23) -> 3284 | K24: =SUM(K3:K23) -> 0 | L24: =SUM(L3:L23) -> 704
A25: Km total 2024 | B25: =SUM(D24+0) -> 704 | H25: =SUM(I24+0) -> 3284 | K25: =SUM(K24) -> 0 | L25: =SUM(L24) -> 704
J26: Année 2021 | K26: 1843 | L26: 9688
J27: Année 2022 | K27: 2920 | L27: 6043
J28: Année 2023 | K28: 7538 | L28: 3488
J29: Année
J30: KM total | K30: =SUM(K25:K28) -> 12301 | L30: =SUM(L25:L28) -> 19923

Sheet Fév
A1: Suivi Performances Février | H1: =SUM(Janv!H1) -> 2024
A2: Dates | B2: Désignation Sorties | C2: Nb | D2: Distances | E2: Durées | H2: Vit. Moy. | I2: Dév + | J2: Remarques | K2: Brochard | L2: S1NEO
A3: 45323 | B3: Chinon La Breille Allonnes | C3: 1 | D3: 89 | E3: 3 | F3: 48 | G3: =SUM(E3*60+F3) -> 228 | H3: =SUM(D3/G3*60) -> 23.421053 | I3: 348 | L3: 89
A4: 45328 | B4: Chinon fontevraud 3 Moutiers vézières ceaux | C4: 2 | D4: 89 | E4: 3 | F4: 51 | G4: =SUM(E4*60+F4) -> 231 | H4: =SUM(D4/G4*60) -> 23.116883 | I4: 550 | L4: 89
A5: 45335 | B5: Chinon IB Luzé Richelieu | C5: 3 | D5: 93 | E5: 3 | F5: 59 | G5: =SUM(E5*60+F5) -> 239 | H5: =SUM(D5/G5*60) -> 23.34728 | I5: 560 | L5: 93
A6: 45337 | B6: Chinon Roiffé 3 moutiers basses Ceaux | C6: 4 | D6: 91 | E6: 3 | F6: 55 | G6: =SUM(E6*60+F6) -> 235 | H6: =SUM(D6/G6*60) -> 23.234043 | I6: 401 | L6: 91
A7: 45339 | B7: Avoine Saumur Les Ulmes St Cyr | C7: 5 | D7: 72 | E7: 3 | F7: 2 | G7: =SUM(E7*60+F7) -> 182 | H7: =SUM(D7/G7*60) -> 23.736264 | I7: 418 | K7: 72
A8: 45342 | B8: Chinon Saumur Meigné Montreuil Roiffé | C8: 6 | D8: 100 | E8: 4 | F8: 15 | G8: =SUM(E8*60+F8) -> 255 | H8: =SUM(D8/G8*60) -> 23.529412 | I8: 446 | L8: 100
A9: 45349 | B9: Chinon Courléon Les essarts restigné | C9: 7 | D9: 90 | E9: 4 | F9: 0 | G9: =SUM(E9*60+F9) -> 240 | H9: =SUM(D9/G9*60) -> 22.5 | I9: 486 | L9: 90
C10: 8 | G10: =SUM(E10*60+F10) -> 0 | H10: =SUM(D10/G10*60) -> #DIV/0!
C11: 9 | G11: =SUM(E11*60+F11) -> 0 | H11: =SUM(D11/G11*60) -> #DIV/0!
C12: 10 | G12: =SUM(E12*60+F12) -> 0 | H12: =SUM(D12/G12*60) -> #DIV/0!
C13: 11 | G13: =SUM(E13*60+F13) -> 0 | H13: =SUM(D13/G13*60) -> #DIV/0!
C14: 12 | G14: =SUM(E14*60+F14) -> 0 | H14: =SUM(D14/G14*60) -> #DIV/0!
C15: 13 | G15: =SUM(E15*60+F15) -> 0 | H15: =SUM(D15/G15*60) -> #DIV/0!
C16: 14 | G16: =SUM(E16*60+F16) -> 0 | H16: =SUM(D16/G16*60) -> #DIV/0!
C17: 15 | G17: =SUM(E17*60+F17) -> 0 | H17: =SUM(D17/G17*60) -> #DIV/0!
C18: 16 | G18: =SUM(E18*60+F18) -> 0 | H18: =SUM(D18/G18*60) -> #DIV/0!
C19: 17 | G19: =SUM(E19*60+F19) -> 0 | H19: =SUM(D19/G19*60) -> #DIV/0!
C20: 18 | G20: =SUM(E20*60+F20) -> 0 | H20: =SUM(D20/G20*60) -> #DIV/0!
C21: 19 | G21: =SUM(E21*60+F21) -> 0 | H21: =SUM(D21/G21*60) -> #DIV/0!
... C23: 21 | G23: =SUM(E23*60+F23) -> 0 | H23: =SUM(D23/G23*60) -> #DIV/0!
D24: =SUM(D3:D23) -> 624 | I24: =SUM(I3:I23) -> 3209 | K24: =SUM(K3:K23) -> 72 | L24: =SUM(L3:L23) -> 552
A25: Km total 2024 | B25: =SUM(Janv!B25+Fév!D24) -> 1328 | H25: =SUM(Janv!H25+Fév!I24) -> 6493 | K25: =SUM(Janv!K24+Fév!K24) -> 72 | L25: =SUM(Janv!L24+Fév!L24) -> 1256
J26: Année 2021 | K26: 1843 | L26: 9688
J27: Année 2022 | K27: =SUM(Janv!K27) -> 2920 | L27: =SUM(Janv!L27) -> 6043
J28: Année 2023 | K28: 7538 | L28: 3488
J29: Année
J30: KM total | K30: =SUM(K25:K28) -> 12373 | L30: =SUM(L25:L28) -> 20475

Sheet Mar
A1: Suivi Performances Mars | H1: =SUM(Janv!H1) -> 2024
A2: Dates | B2: Désignation Sorties | C2: Nb | D2: Distances | E2: Durées | H2: Vit. Moy. | I2: Dév + | J2: Remarques | K2: Brochard | L2: S1NEO
A3: 45358 | B3: Chinon Ussé Saché St Epain Cravant | C3: 1 | D3: 85 | E3: 3 | F3: 35 | G3: =SUM(E3*60+F3) -> 215 | H3: =SUM(D3/G3*60) -> 23.72093 | I3: 594 | L3: 85
A4: 45365 | B4: Chinon Roiffé Mouterre Rossay | C4: 2 | D4: 92 | E4: 3 | F4: 58 | G4: =SUM(E4*60+F4) -> 238 | H4: =SUM(D4/G4*60) -> 23.193277 | I4: 494 | L4: 92
A5: 45370 | B5: Chinon Richelieu Marigny Port IB | C5: 3 | D5: 101 | E5: 3 | F5: 53 | G5: =SUM(E5*60+F5) -> 233 | H5: =SUM(D5/G5*60) -> 26.008584 | I5: 411 | L5: 101
A6: 45372 | B6: Chinon Messemé Angliers Rossay | C6: 4 | D6: 93 | E6: 3 | F6: 48 | G6: =SUM(E6*60+F6) -> 228 | H6: =SUM(D6/G6*60) -> 24.473684 | I6: 452 | L6: 93
A7: 45381 | B7: Avoine sa&ix 3 Moutiers Verniers Sammarçolles | C7: 5 | D7: 73 | E7: 3 | F7: 14 | G7: =SUM(E7*60+F7) -> 194 | H7: =SUM(D7/G7*60) -> 22.57732 | I7: 439 | L7: 73
C8: 6 | G8: =SUM(E8*60+F8) -> 0 | H8: =SUM(D8/G8*60) -> #DIV/0!
C9: 7 | G9: =SUM(E9*60+F9) -> 0 | H9: =SUM(D9/G9*60) -> #DIV/0!
C10: 8 | G10: =SUM(E10*60+F10) -> 0 | H10: =SUM(D10/G10*60) -> #DIV/0!
C11: 9 | G11: =SUM(E11*60+F11) -> 0 | H11: =SUM(D11/G11*60) -> #DIV/0!
C12: 10 | G12: =SUM(E12*60+F12) -> 0 | H12: =SUM(D12/G12*60) -> #DIV/0!
C13: 11 | G13: =SUM(E13*60+F13) -> 0 | H13: =SUM(D13/G13*60) -> #DIV/0!
C14: 12 | G14: =SUM(E14*60+F14) -> 0 | H14: =SUM(D14/G14*60) -> #DIV/0!
C15: 13 | G15: =SUM(E15*60+F15) -> 0 | H15: =SUM(D15/G15*60) -> #DIV/0!
C16: 14 | G16: =SUM(E16*60+F16) -> 0 | H16: =SUM(D16/G16*60) -> #DIV/0!
C17: 15 | G17: =SUM(E17*60+F17) -> 0 | H17: =SUM(D17/G17*60) -> #DIV/0!
C18: 16 | G18: =SUM(E18*60+F18) -> 0 | H18: =SUM(D18/G18*60) -> #DIV/0!
C19: 17 | G19: =SUM(E19*60+F19) -> 0 | H19: =SUM(D19/G19*60) -> #DIV/0!
... C23: 21 | G23: =SUM(E23*60+F23) -> 0 | H23: =SUM(D23/G23*60) -> #DIV/0!
D24: =SUM(D3:D23) -> 444 | I24: =SUM(I3:I23) -> 2390 | K24: =SUM(K3:K23) -> 0 | L24: =SUM(L3:L23) -> 444
A25: Km total 2024 | B25: =SUM(Fév!B25+Mar!D24) -> 1772 | H25: =SUM(Fév!H25+Mar!I24) -> 8883 | K25: =A414/3=SUM(Fév!K25+Mar!K24) -> FALSE | L25: =SUM(Fév!L25+Mar!L24) -> 1700
J26: Année 2021 | K26: 1843 | L26: 9688
J27: Année 2022 | K27: =SUM(Janv!K27) -> 2920 | L27: =SUM(Janv!L27) -> 6043
J28: Année 2023 | K28: 7538 | L28: 3488
J29: Année
J30: KM total | K30: =SUM(K25:K28) -> 12301 | L30: =SUM(L25:L28) -> 20919

Sheet Avr
A1: Suivi Performances Avril | H1: =SUM(Janv!H1) -> 2024
A2: Dates | B2: Désignation Sorties | C2: Nb | D2: Distances | E2: Durées | H2: Vit. Moy. | I2: Dév + | J2: Remarques | K2: Brochard | L2: S1NEO
A3: 45384 | B3: Chinon Ceaux Pouant Dercé Rossay Marçay | C3: 1 | D3: 80 | E3: 3 | F3: 42 | G3: =SUM(E3*60+F3) -> 222 | H3: =SUM(D3/G3*60) -> 21.621622 | I3: 551 | L3: 80
A4: 45388 | B4: BRM 200 2024 ANGERS | C4: 2 | D4: 201 | E4: 8 | F4: 1 | G4: =SUM(E4*60+F4) -> 481 | H4: =SUM(D4/G4*60) -> 25.072765 | I4: 1555 | K4: 201
A5: 45392 | B5: Avoine Courléon La Breille Blou Varenne | C5: 3 | D5: 79 | E5: 3 | F5: 6 | G5: =SUM(E5*60+F5) -> 186 | H5: =SUM(D5/G5*60) -> 25.483871 | I5: 520 | L5: 79
A6: 45395 | B6: Avoine Lémeré Tour St Gelin Braslou Nueil Ceaux | C6: 4 | D6: 89 | E6: 3 | F6: 59 | G6: =SUM(E6*60+F6) -> 239 | H6: =SUM(D6/G6*60) -> 22.343096 | I6: 575 | L6: 89
A7: 45400 | B7: Chinon Bourgueil Continvoir Langeais | C7: 5 | D7: 83 | E7: 3 | F7: 35 | G7: =SUM(E7*60+F7) -> 215 | H7: =SUM(D7/G7*60) -> 23.162791 | I7: 379 | L7: 83
A8: 45402 | B8: Avoine Vernoil Mouliherne Blou | C8: 6 | D8: 83 | E8: 3 | F8: 32 | G8: =SUM(E8*60+F8) -> 212 | H8: =SUM(D8/G8*60) -> 23.490566 | I8: 337 | L8: 83
A9: 45405 | B9: Chinon Courléon Avrillé Langeais | C9: 7 | D9: 89 | E9: 3 | F9: 52 | G9: =SUM(E9*60+F9) -> 232 | H9: =SUM(D9/G9*60) -> 23.017241 | I9: 446 | L9: 89
A10: 45411 | B10: Montsoreu | C10: 8 | D10: 10 | F10: 26 | G10: =SUM(E10*60+F10) -> 26 | H10: =SUM(D10/G10*60) -> 23.076923 | I10: 20 | L10: 10
A11: 45412 | B11: Chinon 3 moutiers Silly Rossay | C11: 9 | D11: 97 | E11: 4 | F11: 17 | G11: =SUM(E11*60+F11) -> 257 | H11: =SUM(D11/G11*60) -> 22.645914 | I11: 579 | L11: 97
C12: 10 | G12: =SUM(E12*60+F12) -> 0 | H12: =SUM(D12/G12*60) -> #DIV/0!
C13: 11 | G13: =SUM(E13*60+F13) -> 0 | H13: =SUM(D13/G13*60) -> #DIV/0!
C14: 12 | G14: =SUM(E14*60+F14) -> 0 | H14: =SUM(D14/G14*60) -> #DIV/0!
C15: 13 | G15: =SUM(E15*60+F15) -> 0 | H15: =SUM(D15/G15*60) -> #DIV/0!
C16: 14 | G16: =SUM(E16*60+F16) -> 0 | H16: =SUM(D16/G16*60) -> #DIV/0!
C17: 15 | G17: =SUM(E17*60+F17) -> 0 | H17: =SUM(D17/G17*60) -> #DIV/0!
C18: 16 | G18: =SUM(E18*60+F18) -> 0 | H18: =SUM(D18/G18*60) -> #DIV/0!
C19: 17 | G19: =SUM(E19*60+F19) -> 0 | H19: =SUM(D19/G19*60) -> #DIV/0!
C20: 18 | G20: =SUM(E20*60+F20) -> 0 | H20: =SUM(D20/G20*60) -> #DIV/0!
C21: 19 | G21: =SUM(E21*60+F21) -> 0 | H21: =SUM(D21/G21*60) -> #DIV/0!
C22: 20 | G22: =SUM(E22*60+F22) -> 0 | H22: =SUM(D22/G22*60) -> #DIV/0!
C23: 21 | G23: =SUM(E23*60+F23) -> 0 | H23: =SUM(D23/G23*60) -> #DIV/0!
D24: =SUM(D3:D23) -> 811 | I24: =SUM(I3:I23) -> 4962 | K24: =SUM(K3:K23) -> 201 | L24: =SUM(L3:L23) -> 610
A25: Km total 2024 | B25: =SUM(Mar!B25+Avr!D24) -> 2583 | H25: =SUM(Mar!H25+Avr!I24) -> 13845 | K25: =SUM(Mar!K25+Avr!K24) -> 201 | L25: =SUM(Mar!L25+Avr!L24) -> 2310
J26: Année 2021 | K26: 1843 | L26: 9688
J27: Année 2022 | K27: =SUM(Janv!K27) -> 2920 | L27: =SUM(Janv!L27) -> 6043
J28: Année 2023 | K28: 7538 | L28: 3488
J29: Année
J30: KM total | K30: =SUM(K25:K28) -> 12502 | L30: =SUM(L25:L28) -> 21529

Sheet Mai
A1: Suivi Performances Mai | H1: =SUM(Janv!H1) -> 2024
A2: Dates | B2: Désignation Sorties | C2: Nb | D2: Distances | E2: Durées | H2: Vit. Moy. | I2: Dév + | J2: Remarques | K2: Brochard | L2: S1NEO
A3: 45419 | B3: Chinon Langeais Mazière St Etienne Langeais | C3: 1 | D3: 91.3 | E3: 44 | G3: =SUM(E3*60+F3) -> 2640 | H3: =SUM(D3/G3*60) -> 2.075 | I3: 519 | L3: 91
A4: 45423 | B4: Avoine Cheillé Azay Druye Ussé | C4: 2 | D4: 78 | E4: 3 | F4: 27 | G4: =SUM(E4*60+F4) -> 207 | H4: =SUM(D4/G4*60) -> 22.608696 | I4: 636 | K4: 78
A5: 45435 | B5: Avoine Couziers Chinon | C5: 3 | D5: 49 | E5: 2 | F5: 22 | G5: =SUM(E5*60+F5) -> 142 | H5: =SUM(D5/G5*60) -> 20.704225 | I5: 307 | L5: 49
A6: 45437 | B6: Avoine Richelieu Lémeré Ligré | C6: 4 | D6: 73 | E6: 3 | F6: 27 | G6: =SUM(E6*60+F6) -> 207 | H6: =SUM(D6/G6*60) -> 21.15942 | I6: 481 | L6: 73
A7: 45624 | B7: Montsoreau Flamme olympique | C7: 5 | D7: 24 | F7: 47 | G7: =SUM(E7*60+F7) -> 47 | H7: =SUM(D7/G7*60) -> 30.638298 | I7: 71 | L7: 24
C8: 6 | G8: =SUM(E8*60+F8) -> 0 | H8: =SUM(D8/G8*60) -> #DIV/0!
C9: 7 | G9: =SUM(E9*60+F9) -> 0 | H9: =SUM(D9/G9*60) -> #DIV/0!
C10: 8 | G10: =SUM(E10*60+F10) -> 0 | H10: =SUM(D10/G10*60) -> #DIV/0!
C11: 9 | G11: =SUM(E11*60+F11) -> 0 | H11: =SUM(D11/G11*60) -> #DIV/0!
C12: 10 | G12: =SUM(E12*60+F12) -> 0 | H12: =SUM(D12/G12*60) -> #DIV/0!
C13: 11 | G13: =SUM(E13*60+F13) -> 0 | H13: =SUM(D13/G13*60) -> #DIV/0!
C14: 12 | G14: =SUM(E14*60+F14) -> 0 | H14: =SUM(D14/G14*60) -> #DIV/0!
C15: 13 | G15: =SUM(E15*60+F15) -> 0 | H15: =SUM(D15/G15*60) -> #DIV/0!
C16: 14 | G16: =SUM(E16*60+F16) -> 0 | H16: =SUM(D16/G16*60) -> #DIV/0!
C17: 15 | G17: =SUM(E17*60+F17) -> 0 | H17: =SUM(D17/G17*60) -> #DIV/0!
C18: 16 | G18: =SUM(E18*60+F18) -> 0 | H18: =SUM(D18/G18*60) -> #DIV/0!
C19: 17 | G19: =SUM(E19*60+F19) -> 0 | H19: =SUM(D19/G19*60) -> #DIV/0!
... C23: 21 | G23: =SUM(E23*60+F23) -> 0 | H23: =SUM(D23/G23*60) -> #DIV/0!
D24: =SUM(D3:D23) -> 315.3 | I24: =SUM(I3:I23) -> 2014 | K24: =SUM(K3:K23) -> 78 | L24: =SUM(L3:L23) -> 237
A25: Km total 2024 | B25: =SUM(Avr!B25+Mai!D24) -> 2898.3 | H25: =SUM(Avr!H25+Mai!I24) -> 15859 | K25: =SUM(Avr!K25+Mai!K24) -> 279 | L25: =SUM(Avr!L25+Mai!L24) -> 2547
J26: Année 2021 | K26: 1843 | L26: 9688
J27: Année 2022 | K27: =SUM(Janv!K27) -> 2920 | L27: =SUM(Janv!L27) -> 6043
J28: Année 2023 | K28: 7538 | L28: 3488
J29: Année
J30: KM total | K30: =SUM(K25:K28) -> 12580 | L30: =SUM(L25:L28) -> 21766

Sheet Juin
A1: Suivi Performances Juin | H1: =SUM(Janv!H1) -> 2024
A2: Dates | B2: Désignation Sorties | C2: Nb | D2: Distances | E2: Durées | H2: Vit. Moy. | I2: Dév + | J2: Remarques | K2: Brochard | L2: S1NEO
A3: 45447 | B3: Chinon Saumur Rou Cisay St Cyr | C3: 1 | D3: 87 | E3: 3 | F3: 56 | G3: =SUM(E3*60+F3) -> 236 | H3: =SUM(D3/G3*60) -> 22.118644 | I3: 415 | L3: 87
A4: 45449 | B4: Chinon Courléon La Breille Blou | C4: 2 | D4: 100 | E4: 4 | F4: 6 | G4: =SUM(E4*60+F4) -> 246 | H4: =SUM(D4/G4*60) -> 24.390244 | I4: 507 | L4: 100
A5: 45453 | B5: BRASPARTS Lac Brennilis | C5: 3 | D5: 58 | E5: 3 | F5: 15 | G5: =SUM(E5*60+F5) -> 195 | H5: =SUM(D5/G5*60) -> 17.846154 | I5: 975 | K5: 58
A6: 45454 | B6: Brasparts Landevennec Crozon | C6: 4 | D6: 105 | E6: 6 | F6: 6 | G6: =SUM(E6*60+F6) -> 366 | H6: =SUM(D6/G6*60) -> 17.213115 | I6: 1565 | K6: 105
A7: 45455 | B7: Brasparts Huelgoat Chapelle St Michel | C7: 5 | D7: 86 | E7: 4 | F7: 49 | G7: =SUM(E7*60+F7) -> 289 | H7: =SUM(D7/G7*60) -> 17.854671 | I7: 1519 | K7: 86
A8: 45456 | B8: Brasparts Le Faou | C8: 6 | D8: 48 | E8: 2 | F8: 47 | G8: =SUM(E8*60+F8) -> 167 | H8: =SUM(D8/G8*60) -> 17.245509 | I8: 816 | K8: 48
A9: 45461 | B9: Chinon Roiffé Mouterre Messemé Marçay | C9: 7 | D9: 96 | E9: 4 | F9: 9 | G9: =SUM(E9*60+F9) -> 249 | H9: =SUM(D9/G9*60) -> 23.13253 | I9: 532 | L9: 96
A10: 45468 | B10: Chinon St Epain Villeperdue Azay | C10: 8 | D10: 89 | E10: 3 | F10: 56 | G10: =SUM(E10*60+F10) -> 236 | H10: =SUM(D10/G10*60) -> 22.627119 | I10: 495 | L10: 89
A11: 45472 | B11: Avoine Bourgueil Avrillé Langeais | C11: 9 | D11: 76 | E11: 3 | F11: 6 | G11: =SUM(E11*60+F11) -> 186 | H11: =SUM(D11/G11*60) -> 24.516129 | I11: 297 | L11: 76
C12: 10 | G12: =SUM(E12*60+F12) -> 0 | H12: =SUM(D12/G12*60) -> #DIV/0!
C13: 11 | G13: =SUM(E13*60+F13) -> 0 | H13: =SUM(D13/G13*60) -> #DIV/0!
C14: 12 | G14: =SUM(E14*60+F14) -> 0 | H14: =SUM(D14/G14*60) -> #DIV/0!
C15: 13 | G15: =SUM(E15*60+F15) -> 0 | H15: =SUM(D15/G15*60) -> #DIV/0!
C16: 14 | G16: =SUM(E16*60+F16) -> 0 | H16: =SUM(D16/G16*60) -> #DIV/0!
C17: 15 | G17: =SUM(E17*60+F17) -> 0 | H17: =SUM(D17/G17*60) -> #DIV/0!
C18: 16 | G18: =SUM(E18*60+F18) -> 0 | H18: =SUM(D18/G18*60) -> #DIV/0!
C19: 17 | G19: =SUM(E19*60+F19) -> 0 | H19: =SUM(D19/G19*60) -> #DIV/0!
C20: 18 | G20: =SUM(E20*60+F20) -> 0 | H20: =SUM(D20/G20*60) -> #DIV/0!
C21: 19 | G21: =SUM(E21*60+F21) -> 0 | H21: =SUM(D21/G21*60) -> #DIV/0!
C22: 20 | G22: =SUM(E22*60+F22) -> 0 | H22: =SUM(D22/G22*60) -> #DIV/0!
C23: 21 | G23: =SUM(E23*60+F23) -> 0 | H23: =SUM(D23/G23*60) -> #DIV/0!
D24: =SUM(D3:D23) -> 745 | I24: =SUM(I3:I23) -> 7121 | K24: =SUM(K3:K23) -> 297 | L24: =SUM(L3:L23) -> 448
A25: Km total 2024 | B25: =SUM(Mai!B25+Juin!D24) -> 3643.3 | H25: =SUM(Mai!H25+Juin!I24) -> 22980 | K25: =SUM(Mai!K25+Juin!K24) -> 576 | L25: =SUM(Mai!L25+Juin!L24) -> 2995
J26: Année 2021 | K26: 1843 | L26: 9688
J27: Année 2022 | K27: =SUM(Janv!K27) -> 2920 | L27: =SUM(Janv!L27) -> 6043
J28: Année 2023 | K28: 7538 | L28: 3488
J29: Année
J30: KM total | K30: =SUM(K25:K28) -> 12877 | L30: =SUM(L25:L28) -> 22214

Sheet Juil
A1: Suivi Performances Juillet | H1: =SUM(Janv!H1) -> 2024
A2: Dates | B2: Désignation Sorties | C2: Nb | D2: Distances | E2: Durées | H2: Vit. Moy. | I2: Dév + | J2: Remarques | K2: Brochard | L2: S1NEO
A3: 45475 | B3: Chinon Saumur Meigné Montreuil Roiffé | C3: 1 | D3: 111 | E3: 4 | F3: 33 | G3: =SUM(E3*60+F3) -> 273 | H3: =SUM(D3/G3*60) -> 24.395604 | I3: 508 | L3: 111
A4: 45477 | B4: Avoine Couziers Chacé Milly Gennes Saumur | C4: 2 | D4: 102 | E4: 4 | F4: 9 | G4: =SUM(E4*60+F4) -> 249 | H4: =SUM(D4/G4*60) -> 24.578313 | I4: 520 | L4: 102
A5: 45482 | B5: Chinon St Epain Ville perdue Monts Azay | C5: 3 | D5: 103 | E5: 4 | F5: 7 | G5: =SUM(E5*60+F5) -> 247 | H5: =SUM(D5/G5*60) -> 25.020243 | I5: 569 | L5: 103
A6: 45484 | B6: Chinon Marçay Nueil Serigny Marigny Lemeré | C6: 4 | D6: 105 | E6: 4 | F6: 23 | G6: =SUM(E6*60+F6) -> 263 | H6: =SUM(D6/G6*60) -> 23.954373 | I6: 711 | L6: 105
A7: 45491 | B7: Le Bourg d'Hem Pont du Diable | C7: 5 | D7: 26 | E7: 1 | F7: 37 | G7: =SUM(E7*60+F7) -> 97 | H7: =SUM(D7/G7*60) -> 16.082474 | I7: 417 | K7: 26
A8: 45492 | B8: Le Bourg d'Hem Bonnat | C8: 6 | D8: 22 | E8: 1 | F8: 3 | G8: =SUM(E8*60+F8) -> 63 | H8: =SUM(D8/G8*60) -> 20.952381 | I8: 308 | K8: 22
C9: 7 | G9: =SUM(E9*60+F9) -> 0 | H9: =SUM(D9/G9*60) -> #DIV/0!
C10: 8 | G10: =SUM(E10*60+F10) -> 0 | H10: =SUM(D10/G10*60) -> #DIV/0!
C11: 9 | G11: =SUM(E11*60+F11) -> 0 | H11: =SUM(D11/G11*60) -> #DIV/0!
C12: 10 | G12: =SUM(E12*60+F12) -> 0 | H12: =SUM(D12/G12*60) -> #DIV/0!
C13: 11 | G13: =SUM(E13*60+F13) -> 0 | H13: =SUM(D13/G13*60) -> #DIV/0!
C14: 12 | G14: =SUM(E14*60+F14) -> 0 | H14: =SUM(D14/G14*60) -> #DIV/0!
C15: 13 | G15: =SUM(E15*60+F15) -> 0 | H15: =SUM(D15/G15*60) -> #DIV/0!
C16: 14 | G16: =SUM(E16*60+F16) -> 0 | H16: =SUM(D16/G16*60) -> #DIV/0!
C17: 15 | G17: =SUM(E17*60+F17) -> 0 | H17: =SUM(D17/G17*60) -> #DIV/0!
C18: 16 | G18: =SUM(E18*60+F18) -> 0 | H18: =SUM(D18/G18*60) -> #DIV/0!
C19: 17 | G19: =SUM(E19*60+F19) -> 0 | H19: =SUM(D19/G19*60) -> #DIV/0!
C20: 18 | G20: =SUM(E20*60+F20) -> 0 | H20: =SUM(D20/G20*60) -> #DIV/0!
... C23: 21 | G23: =SUM(E23*60+F23) -> 0 | H23: =SUM(D23/G23*60) -> #DIV/0!
D24: =SUM(D3:D23) -> 469 | I24: =SUM(I3:I23) -> 3033 | K24: =SUM(K3:K23) -> 48 | L24: =SUM(L3:L23) -> 421
A25: Km total 2024 | B25: =SUM(Juin!B25+Juil!D24) -> 4112.3 | H25: =SUM(Juin!H25+Juil!I24) -> 26013 | K25: =SUM(Juin!K25+Juil!K24) -> 624 | L25: =SUM(Juin!L25+Juil!L24) -> 3416
J26: Année 2021 | K26: 1843 | L26: 9688
J27: Année 2022 | K27: =SUM(Janv!K27) -> 2920 | L27: =SUM(Janv!L27) -> 6043
J28: Année 2023 | K28: 7538 | L28: 3488
J29: Année
J30: KM total | K30: =SUM(K25:K28) -> 12925 | L30: =SUM(L25:L28) -> 22635

Sheet Aout
A1: Suivi Performances Août | H1: =SUM(Janv!H1) -> 2024
A2: Dates | B2: Désignation Sorties | C2: Nb | D2: Distances | E2: Durées | H2: Vit. Moy. | I2: Dév + | J2: Remarques | K2: Brochard | L2: S1NEO
A3: 45505 | B3: Chinon Candes Vernoil Blou | C3: 1 | D3: 89 | E3: 3 | F3: 40 | G3: =SUM(E3*60+F3) -> 220 | H3: =SUM(D3/G3*60) -> 24.272727 | I3: 365 | L3: 89
A4: 45507 | B4: Avoine Gennes | C4: 2 | D4: 90 | E4: 3 | F4: 35 | G4: =SUM(E4*60+F4) -> 215 | H4: =SUM(D4/G4*60) -> 25.116279 | I4: 137 | L4: 90
A5: 45514 | B5: Avoine Vernoil St philbert Allonnes | C5: 3 | D5: 84 | E5: 3 | F5: 18 | G5: =SUM(E5*60+F5) -> 198 | H5: =SUM(D5/G5*60) -> 25.454545 | I5: 309 | L5: 84
A6: 45517 | B6: Chinon Cravant Rivarennes Langeais Ingrandes | C6: 4 | D6: 92 | E6: 3 | F6: 27 | G6: =SUM(E6*60+F6) -> 207 | H6: =SUM(D6/G6*60) -> 26.666667 | I6: 338 | L6: 92
A7: 45528 | B7: Avoine Montsoreau Chaintre Distré Monfort Montreuil | C7: 5 | D7: 81 | E7: 3 | F7: 25 | G7: =SUM(E7*60+F7) -> 205 | H7: =SUM(D7/G7*60) -> 23.707317 | I7: 519 | L7: 81
A8: 45531 | B8: Chinon Champigny La tour St Gelin Marcilly Trogues | C8: 6 | D8: 90 | E8: 3 | F8: 42 | G8: =SUM(E8*60+F8) -> 222 | H8: =SUM(D8/G8*60) -> 24.324324 | I8: 524 | L8: 90
A9: 45532 | B9: Avoine Varennes Montsoreau | C9: 7 | D9: 38 | E9: 1 | F9: 39 | G9: =SUM(E9*60+F9) -> 99 | H9: =SUM(D9/G9*60) -> 23.030303 | I9: 79
A10: 45533 | B10: Chinon St Epain St Catherine St Maure Pouzay IB | C10: 8 | D10: 98 | E10: 3 | F10: 48 | G10: =SUM(E10*60+F10) -> 228 | H10: =SUM(D10/G10*60) -> 25.789474 | I10: 456 | L10: 98
C11: 9 | G11: =SUM(E11*60+F11) -> 0 | H11: =SUM(D11/G11*60) -> #DIV/0!
C12: 10 | G12: =SUM(E12*60+F12) -> 0 | H12: =SUM(D12/G12*60) -> #DIV/0!
C13: 11 | G13: =SUM(E13*60+F13) -> 0 | H13: =SUM(D13/G13*60) -> #DIV/0!
C14: 12 | G14: =SUM(E14*60+F14) -> 0 | H14: =SUM(D14/G14*60) -> #DIV/0!
C15: 13 | G15: =SUM(E15*60+F15) -> 0 | H15: =SUM(D15/G15*60) -> #DIV/0!
C16: 14 | G16: =SUM(E16*60+F16) -> 0 | H16: =SUM(D16/G16*60) -> #DIV/0!
C17: 15 | G17: =SUM(E17*60+F17) -> 0 | H17: =SUM(D17/G17*60) -> #DIV/0!
C18: 16 | G18: =SUM(E18*60+F18) -> 0 | H18: =SUM(D18/G18*60) -> #DIV/0!
C19: 17 | G19: =SUM(E19*60+F19) -> 0 | H19: =SUM(D19/G19*60) -> #DIV/0!
C20: 18 | G20: =SUM(E20*60+F20) -> 0 | H20: =SUM(D20/G20*60) -> #DIV/0!
C21: 19 | G21: =SUM(E21*60+F21) -> 0 | H21: =SUM(D21/G21*60) -> #DIV/0!
C22: 20 | G22: =SUM(E22*60+F22) -> 0 | H22: =SUM(D22/G22*60) -> #DIV/0!
C23: 21 | G23: =SUM(E23*60+F23) -> 0 | H23: =SUM(D23/G23*60) -> #DIV/0!
D24: =SUM(D2:D23) -> 662 | I24: =SUM(I3:I23) -> 2727 | K24: =SUM(K1:K23) -> 0 | L24: =SUM(L1:L23) -> 624
A25: Km total 2024 | B25: =SUM(Juil!B25+Aout!D24) -> 4774.3 | H25: =SUM(Juil!H25+Aout!I24) -> 28740 | K25: =SUM(Juil!K25+Aout!K24) -> 624 | L25: =SUM(Juil!L25+Aout!L24) -> 4040
J26: Année 2021 | K26: 1843 | L26: 9688
J27: Année 2022 | K27: =SUM(Janv!K27) -> 2920 | L27: =SUM(Janv!L27) -> 6043
J28: Année 2023 | K28: 7538 | L28: 3488
J29: Année
J30: KM total | K30: =SUM(K25:K28) -> 12925 | L30: =SUM(L25:L28) -> 23259

Sheet Feuil1

Sheet Sept
A1: Suivi Performances Septembre | H1: =SUM(Janv!H1) -> 2024
A2: Dates | B2: Désignation Sorties | C2: Nb | D2: Distances | E2: Durées | H2: Vit. Moy. | I2: Dév + | J2: Remarques | K2: Brochard | L2: S1NEO
A3: 45917 | B3: Avoine Avrillé La Rouchouze Langeais | C3: 1 | D3: 81 | E3: 3 | F3: 11 | G3: =SUM(E3*60+F3) -> 191 | H3: =SUM(D3/G3*60) -> 25.445026 | I3: 390 | L3: 81
A4: 45919 | B4: Avoine Villandry St Epain Chinon | C4: 2 | D4: 101 | E4: 3 | F4: 51 | G4: =SUM(E4*60+F4) -> 231 | H4: =SUM(D4/G4*60) -> 26.233766 | I4: 562 | L4: 101
A5: 45921 | B5: Avoine Bourgueil Avrllé Langeais | C5: 3 | D5: 73 | E5: 3 | F5: 20 | G5: =SUM(E5*60+F5) -> 200 | H5: =SUM(D5/G5*60) -> 21.9 | I5: 474 | L5: 73
A6: 45924 | B6: Avoine Courléon Vernoil Saumur | C6: 2 | D6: 83 | E6: 3 | F6: 10 | G6: =SUM(E6*60+F6) -> 190 | H6: =SUM(D6/G6*60) -> 26.210526 | I6: 402 | L6: 83
A7: 45928 | B7: Avoine Vernante Allonnes | C7: 5 | D7: 79 | E7: 3 | F7: 14 | G7: =SUM(E7*60+F7) -> 194 | H7: =SUM(D7/G7*60) -> 24.43299 | I7: 331 | L7: 79
A8: 45928 | B8: Azay VTT Loulou | C8: 6 | D8: 19 | E8: 1 | F8: 16 | G8: =SUM(E8*60+F8) -> 76 | H8: =SUM(D8/G8*60) -> 15 | I8: 134 | J8: VTT Loulou
C9: 7 | G9: =SUM(E9*60+F9) -> 0 | H9: =SUM(D9/G9*60) -> #DIV/0!
C10: 8 | G10: =SUM(E10*60+F10) -> 0 | H10: =SUM(D10/G10*60) -> #DIV/0!
C11: 9 | G11: =SUM(E11*60+F11) -> 0 | H11: =SUM(D11/G11*60) -> #DIV/0!
C12: 10 | G12: =SUM(E12*60+F12) -> 0 | H12: =SUM(D12/G12*60) -> #DIV/0!
C13: 11 | G13: =SUM(E13*60+F13) -> 0 | H13: =SUM(D13/G13*60) -> #DIV/0!
C14: 12 | G14: =SUM(E14*60+F14) -> 0 | H14: =SUM(D14/G14*60) -> #DIV/0!
C15: 13 | G15: =SUM(E15*60+F15) -> 0 | H15: =SUM(D15/G15*60) -> #DIV/0!
C16: 14 | G16: =SUM(E16*60+F16) -> 0 | H16: =SUM(D16/G16*60) -> #DIV/0!
C17: 15 | G17: =SUM(E17*60+F17) -> 0 | H17: =SUM(D17/G17*60) -> #DIV/0!
C18: 16 | G18: =SUM(E18*60+F18) -> 0 | H18: =SUM(D18/G18*60) -> #DIV/0!
C19: 17 | G19: =SUM(E19*60+F19) -> 0 | H19: =SUM(D19/G19*60) -> #DIV/0!
C20: 18 | G20: =SUM(E20*60+F20) -> 0 | H20: =SUM(D20/G20*60) -> #DIV/0!
... C23: 21 | G23: =SUM(E23*60+F23) -> 0 | H23: =SUM(D23/G23*60) -> #DIV/0!
D24: =SUM(D3:D23) -> 436 | I24: =SUM(I3:I23) -> 2293 | K24: =SUM(K1:K23) -> 0 | L24: =SUM(L1:L23) -> 417
A25: Km total 2024 | B25: =SUM(Aout!B25+Sept!D24) -> 5210.3 | H25: =SUM(Aout!H25+Sept!I24) -> 31033 | K25: =SUM(Aout!K25+Sept!K24) -> 624 | L25: =SUM(Aout!L25+Sept!L24) -> 4457
J26: Année 2021 | K26: 1843 | L26: 9688
J27: Année 2022 | K27: =SUM(Janv!K27) -> 2920 | L27: =SUM(Janv!L27) -> 6043
J28: Année 2023 | K28: 7538 | L28: 3488
J29: Année
J30: KM total | K30: =SUM(K25:K28) -> 12925 | L30: =SUM(L25:L28) -> 23676

Sheet Oct
A1: Suivi Performances Octobre | H1: =SUM(Janv!H1) -> 2024
A2: Dates | B2: Désignation Sorties | C2: Nb | D2: Distances | E2: Durées | H2: Vit. Moy. | I2: Dév + | J2: Remarques | K2: Brochard | L2: S1NEO
A3: 45933 | B3: Avoine Avon Vilaine Saché Azay | C3: 1 | D3: 84 | E3: 3 | F3: 34 | G3: =SUM(E3*60+F3) -> 214 | H3: =SUM(D3/G3*60) -> 23.551402 | I3: 454 | L3: 84
A4: 45935 | B4: Avoine St Benoit Marnay Lignière | C4: 2 | D4: 54 | E4: 2 | F4: 13 | G4: =SUM(E4*60+F4) -> 133 | H4: =SUM(D4/G4*60) -> 24.360902 | I4: 275 | L4: 54
A5: 45956 | B5: Avoine Benais Les Essarts Langeais | C5: 3 | D5: 62 | E5: 2 | F5: 27 | G5: =SUM(E5*60+F5) -> 147 | H5: =SUM(D5/G5*60) -> 25.306122 | I5: 212 | L5: 62
C6: 4 | G6: =SUM(E6*60+F6) -> 0 | H6: =SUM(D6/G6*60) -> #DIV/0!
C7: 5 | G7: =SUM(E7*60+F7) -> 0 | H7: =SUM(D7/G7*60) -> #DIV/0!
C8: 6 | G8: =SUM(E8*60+F8) -> 0 | H8: =SUM(D8/G8*60) -> #DIV/0!
C9: 7 | G9: =SUM(E9*60+F9) -> 0 | H9: =SUM(D9/G9*60) -> #DIV/0!
C10: 8 | G10: =SUM(E10*60+F10) -> 0 | H10: =SUM(D10/G10*60) -> #DIV/0!
C11: 9 | G11: =SUM(E11*60+F11) -> 0 | H11: =SUM(D11/G11*60) -> #DIV/0!
C12: 10 | G12: =SUM(E12*60+F12) -> 0 | H12: =SUM(D12/G12*60) -> #DIV/0!
C13: 11 | G13: =SUM(E13*60+F13) -> 0 | H13: =SUM(D13/G13*60) -> #DIV/0!
C14: 12 | G14: =SUM(E14*60+F14) -> 0 | H14: =SUM(D14/G14*60) -> #DIV/0!
C15: 13 | G15: =SUM(E15*60+F15) -> 0 | H15: =SUM(D15/G15*60) -> #DIV/0!
C16: 14 | G16: =SUM(E16*60+F16) -> 0 | H16: =SUM(D16/G16*60) -> #DIV/0!
C17: 15 | G17: =SUM(E17*60+F17) -> 0 | H17: =SUM(D17/G17*60) -> #DIV/0!
... C23: 21 | G23: =SUM(E23*60+F23) -> 0 | H23: =SUM(D23/G23*60) -> #DIV/0!
D24: =SUM(D3:D23) -> 200 | I24: =SUM(I3:I23) -> 941 | K24: =SUM(K1:K23) -> 0 | L24: =SUM(L1:L23) -> 200
A25: Km total 2024 | B25: =SUM(Sept!B25+Oct!D24) -> 5410.3 | H25: =SUM(Sept!H25+Oct!I24) -> 31974 | K25: =SUM(Sept!K25+Oct!K24) -> 624 | L25: =SUM(Sept!L25+Oct!L24) -> 4657
J26: Année 2021 | K26: 1843 | L26: 9688
J27: Année 2022 | K27: =SUM(Janv!K27) -> 2920 | L27: =SUM(Janv!L27) -> 6043
J28: Année 2023 | K28: 7538 | L28: 3488
J29: Année
J30: KM total | K30: =SUM(K25:K28) -> 12925 | L30: =SUM(L25:L28) -> 23876

Sheet Feuil2

Sheet Nov
A1: Suivi Performances Novembre | H1: =SUM(Janv!H1) -> 2024
A2: Dates | B2: Désignation Sorties | C2: Nb | D2: Distances | E2: Durées | H2: Vit. Moy. | I2: Dév + | J2: Remarques | K2: Brochard | L2: S1NEO
A3: 45963 | B3: Avoine Gizeux Langeais | C3: 1 | D3: 73 | E3: 3 | F3: 7 | G3: =SUM(E3*60+F3) -> 187 | H3: =SUM(D3/G3*60) -> 23.42246 | I3: 399 | L3: 73
A4: 45970 | B4: Avoine Marçay Basses 3 Moutiers Saix | C4: 2 | D4: 72 | E4: 2 | F4: 58 | G4: =SUM(E4*60+F4) -> 178 | H4: =SUM(D4/G4*60) -> 24.269663 | I4: 415 | L4: 72
A5: 45977 | B5: Avoine Bourgueil Avrillé Langeais | C5: 3 | D5: 74 | E5: 3 | F5: 15 | G5: =SUM(E5*60+F5) -> 195 | H5: =SUM(D5/G5*60) -> 22.769231 | I5: 322 | L5: 74
A6: 45984 | B6: Avoine Marçay Basses Bournand Couziers | C6: 4 | D6: 65 | E6: 2 | F6: 49 | G6: =SUM(E6*60+F6) -> 169 | H6: =SUM(D6/G6*60) -> 23.076923 | I6: 345 | L6: 65
C7: 5 | G7: =SUM(E7*60+F7) -> 0 | H7: =SUM(D7/G7*60) -> #DIV/0!
C8: 6 | G8: =SUM(E8*60+F8) -> 0 | H8: =SUM(D8/G8*60) -> #DIV/0!
C9: 7 | G9: =SUM(E9*60+F9) -> 0 | H9: =SUM(D9/G9*60) -> #DIV/0!
C10: 8 | G10: =SUM(E10*60+F10) -> 0 | H10: =SUM(D10/G10*60) -> #DIV/0!
C11: 9 | G11: =SUM(E11*60+F11) -> 0 | H11: =SUM(D11/G11*60) -> #DIV/0!
C12: 10 | G12: =SUM(E12*60+F12) -> 0 | H12: =SUM(D12/G12*60) -> #DIV/0!
C13: 3 | G13: =SUM(E13*60+F13) -> 0 | H13: =SUM(D13/G13*60) -> #DIV/0!
C14: 12 | G14: =SUM(E14*60+F14) -> 0 | H14: =SUM(D14/G14*60) -> #DIV/0!
C15: 13 | G15: =SUM(E15*60+F15) -> 0 | H15: =SUM(D15/G15*60) -> #DIV/0!
C16: 14 | G16: =SUM(E16*60+F16) -> 0 | H16: =SUM(D16/G16*60) -> #DIV/0!
C17: 15 | G17: =SUM(E17*60+F17) -> 0 | H17: =SUM(D17/G17*60) -> #DIV/0!
C18: 16 | G18: =SUM(E18*60+F18) -> 0 | H18: =SUM(D18/G18*60) -> #DIV/0!
... C23: 21 | G23: =SUM(E23*60+F23) -> 0 | H23: =SUM(D23/G23*60) -> #DIV/0!
D24: =SUM(D3:D23) -> 284 | I24: =SUM(I3:I23) -> 1481 | K24: =SUM(K1:K23) -> 0 | L24: =SUM(L1:L23) -> 284
A25: Km total 2024 | B25: =SUM(Oct!B25+Nov!D24) -> 5694.3 | H25: =SUM(Oct!H25+Nov!I24) -> 33455 | K25: =SUM(Oct!K25+Nov!K24) -> 624 | L25: =SUM(Oct!L25+Nov!L24) -> 4941
J26: Année 2021 | K26: 1843 | L26: 9688
J27: Année 2022 | K27: =SUM(Janv!K27) -> 2920 | L27: =SUM(Janv!L27) -> 6043
J28: Année 2023 | K28: 7538 | L28: 3488
J29: Année
J30: KM total | K30: =SUM(K25:K28) -> 12925 | L30: =SUM(L25:L28) -> 24160

Sheet Déc
A1: Suivi Performances Décembre | H1: =SUM(Janv!H1) -> 2024
A2: Dates | B2: Désignation Sorties | C2: Nb | D2: Distances | E2: Durées | H2: Vit. Moy. | I2: Dév + | J2: Remarques | K2: Brochard | L2: S1NEO
C3: 1 | G3: =SUM(E3*60+F3) -> 0 | H3: =SUM(D3/G3*60) -> #DIV/0!
C4: 2 | G4: =SUM(E4*60+F4) -> 0 | H4: =SUM(D4/G4*60) -> #DIV/0!
C5: 3 | G5: =SUM(E5*60+F5) -> 0 | H5: =SUM(D5/G5*60) -> #DIV/0!
C6: 4 | G6: =SUM(E6*60+F6) -> 0 | H6: =SUM(D6/G6*60) -> #DIV/0!
C7: 5 | G7: =SUM(E7*60+F7) -> 0 | H7: =SUM(D7/G7*60) -> #DIV/0!
C8: 6 | G8: =SUM(E8*60+F8) -> 0 | H8: =SUM(D8/G8*60) -> #DIV/0!
C9: 7 | G9: =SUM(E9*60+F9) -> 0 | H9: =SUM(D9/G9*60) -> #DIV/0!
C10: 8 | G10: =SUM(E10*60+F10) -> 0 | H10: =SUM(D10/G10*60) -> #DIV/0!
C11: 9 | G11: =SUM(E11*60+F11) -> 0 | H11: =SUM(D11/G11*60) -> #DIV/0!
C12: 10 | G12: =SUM(E12*60+F12) -> 0 | H12: =SUM(D12/G12*60) -> #DIV/0!
C13: 11 | G13: =SUM(E13*60+F13) -> 0 | H13: =SUM(D13/G13*60) -> #DIV/0!
C14: 12 | G14: =SUM(E14*60+F14) -> 0 | H14: =SUM(D14/G14*60) -> #DIV/0!
... C22: 20 | G22: =SUM(E22*60+F22) -> 0 | H22: =SUM(D22/G22*60) -> #DIV/0!
G23: =SUM(E23*60+F23) -> 0 | H23: =SUM(D23/G23*60) -> #DIV/0!
D24: =SUM(D3:D23) -> 0 | I24: =SUM(I3:I23) -> 0 | K24: =SUM(K1:K23) -> 0 | L24: =SUM(L1:L23) -> 0
A25: Km total 2024 | B25: =SUM(Nov!B25+Déc!D24) -> 5694.3 | H25: =SUM(Nov!H25+Déc!I24) -> 33455 | K25: =SUM(Nov!K25+Déc!K24) -> 624 | L25: =SUM(Nov!L25+Déc!L24) -> 4941
J26: Année 2021 | K26: 1843 | L26: 9688
J27: Année 2022 | K27: =SUM(Janv!K27) -> 2920 | L27: =SUM(Janv!L27) -> 6043
J28: Année 2023 | K28: 7538 | L28: 3488
J29: Année
J30: KM total | K30: =SUM(K25:K28) -> 12925 | L30: =SUM(L25:L28) -> 24160
