Workbook

Sheet Janv
A1: Suivi Performances Janvier | H1: 2018
A2: Dates | B2: Désignation Sorties | C2: Nb | D2: Distances | E2: Durées | H2: Vit. Moy. | I2: Remarques
A3: 43102 | B3: Chinon Bournand Basses Messmé Ceaux | C3: 1 | D3: 72.5 | E3: 2 | F3: 50 | G3: =SUM(E3*60+F3) -> 170 | H3: =SUM(D3/G3*60) -> 25.588235
A4: 43106 | B4: Avoine Rivarenne Vallère | C4: 2 | D4: 63 | E4: 2 | F4: 30 | G4: =SUM(E4*60+F4) -> 150 | H4: =SUM(D4/G4*60) -> 25.2
A5: 43106 | B5: Avoine Balade Club USEAB | C5: 3 | D5: 25 | E5: 1 | F5: 20 | G5: =SUM(E5*60+F5) -> 80 | H5: =SUM(D5/G5*60) -> 18.75
A6: 43109 | B6: Chinon IB Rilly Tour St Gelin Champigny | C6: 4 | D6: 87 | E6: 3 | F6: 50 | G6: =SUM(E6*60+F6) -> 230 | H6: =SUM(D6/G6*60) -> 22.695652
A7: 43111 | B7: Chinon Chacé Brézé Pouant Roiffé | C7: 5 | D7: 96 | E7: 4 | F7: 0 | G7: =SUM(E7*60+F7) -> 240 | H7: =SUM(D7/G7*60) -> 24
A8: 43113 | B8: Avoine Azay saché Nueil Cravant | C8: 6 | D8: 75 | E8: 2 | F8: 44 | G8: =SUM(E8*60+F8) -> 164 | H8: =SUM(D8/G8*60) -> 27.439024
A9: 43113 | B9: Avoine Balade Club USEAB | C9: 7 | D9: 18 | E9: 1 | F9: 0 | G9: =SUM(E9*60+F9) -> 60 | H9: =SUM(D9/G9*60) -> 18
A10: 43116 | B10: Chinon Restigné les essarts Avrillé | C10: 8 | D10: 90 | E10: 3 | F10: 55 | G10: =SUM(E10*60+F10) -> 235 | H10: =SUM(D10/G10*60) -> 22.978723 | I10: Vent fort
A11: 43119 | B11: Chinon Restigné les essarts Avrillé | C11: 9 | D11: 81 | E11: 3 | F11: 17 | G11: =SUM(E11*60+F11) -> 197 | H11: =SUM(D11/G11*60) -> 24.670051 | I11: Seul
A12: 43123 | B12: Chinon Champigny La Motte B Bournand | C12: 10 | D12: 92 | E12: 4 | F12: 0 | G12: =SUM(E12*60+F12) -> 240 | H12: =SUM(D12/G12*60) -> 23
A13: 43126 | B13: Avoine Huismes | C13: 11 | D13: 26 | E13: 1 | F13: 20 | G13: =SUM(E13*60+F13) -> 80 | H13: =SUM(D13/G13*60) -> 19.5
A14: 43127 | B14: Avoine Vernoil Blou Varenne | C14: 12 | D14: 74 | E14: 3 | F14: 17 | G14: =SUM(E14*60+F14) -> 197 | H14: =SUM(D14/G14*60) -> 22.538071
A15: 43130 | B15: Chinon Roiffé Montreuil Chacé | C15: 13 | D15: 102 | E15: 4 | F15: 22 | G15: =SUM(E15*60+F15) -> 262 | H15: =SUM(D15/G15*60) -> 23.358779
C16: 14 | G16: =SUM(E16*60+F16) -> 0 | H16: =SUM(D16/G16*60) -> #DIV/0!
C17: 15 | G17: =SUM(E17*60+F17) -> 0 | H17: =SUM(D17/G17*60) -> #DIV/0!
C18: 16 | G18: =SUM(E18*60+F18) -> 0 | H18: =SUM(D18/G18*60) -> #DIV/0!
C19: 17 | G19: =SUM(E19*60+F19) -> 0 | H19: =SUM(D19/G19*60) -> #DIV/0!
C20: 18 | G20: =SUM(E20*60+F20) -> 0 | H20: =SUM(D20/G20*60) -> #DIV/0!
C21: 19 | G21: =SUM(E21*60+F21) -> 0 | H21: =SUM(D21/G21*60) -> #DIV/0!
C22: 20 | G22: =SUM(E22*60+F22) -> 0 | H22: =SUM(D22/G22*60) -> #DIV/0!
G23: =SUM(E23*60+F23) -> 0 | H23: =SUM(D23/G23*60) -> #DIV/0!
D24: =SUM(D3:D23) -> 901.5
B25: =SUM(D24+0) -> 901.5

Sheet Fév
A1: Suivi Performances Février | H1: =SUM(Janv!H1) -> 2018
A2: Dates | B2: Désignation Sorties | C2: Nb | D2: Distances | E2: Durées | H2: Vit. Moy. | I2: Remarques
A3: 43132 | B3: Chinon Bournand St Léger Brézé | C3: 1 | D3: 92 | E3: 3 | F3: 55 | G3: =SUM(E3*60+F3) -> 235 | H3: =SUM(D3/G3*60) -> 23.489362
A4: 43139 | B4: Chinon Beuxes 3 Moutiers Douvy Bizay | C4: 2 | D4: 86 | E4: 3 | F4: 27 | G4: =SUM(E4*60+F4) -> 207 | H4: =SUM(D4/G4*60) -> 24.927536
A5: 43147 | B5: Avoine Gizeux Avrillé Langeais ST Benoit | C5: 3 | D5: 83 | E5: 3 | F5: 21 | G5: =SUM(E5*60+F5) -> 201 | H5: =SUM(D5/G5*60) -> 24.776119
A6: 43151 | B6: Chinon Courléon Blou Varennes | C6: 4 | D6: 96 | E6: 3 | F6: 56 | G6: =SUM(E6*60+F6) -> 236 | H6: =SUM(D6/G6*60) -> 24.40678
A7: 43153 | B7: Chinon Bourgueil Avrillé langeais | C7: 5 | D7: 99 | E7: 4 | F7: 10 | G7: =SUM(E7*60+F7) -> 250 | H7: =SUM(D7/G7*60) -> 23.76
A8: 43155 | B8: Avoine Benais Avrillé Langeais ST Benoit | C8: 6 | D8: 74 | E8: 3 | F8: 3 | G8: =SUM(E8*60+F8) -> 183 | H8: =SUM(D8/G8*60) -> 24.262295
A9: 43155 | B9: Balade Avoine turquant Evelyne | C9: 7 | D9: 28 | E9: 1 | F9: 24 | G9: =SUM(E9*60+F9) -> 84 | H9: =SUM(D9/G9*60) -> 20 | I9: vent EST soutenu
C10: 8 | G10: =SUM(E10*60+F10) -> 0 | H10: =SUM(D10/G10*60) -> #DIV/0!
C11: 9 | G11: =SUM(E11*60+F11) -> 0 | H11: =SUM(D11/G11*60) -> #DIV/0!
C12: 10 | G12: =SUM(E12*60+F12) -> 0 | H12: =SUM(D12/G12*60) -> #DIV/0!
C13: 11 | G13: =SUM(E13*60+F13) -> 0 | H13: =SUM(D13/G13*60) -> #DIV/0!
C14: 12 | G14: =SUM(E14*60+F14) -> 0 | H14: =SUM(D14/G14*60) -> #DIV/0!
C15: 13 | G15: =SUM(E15*60+F15) -> 0 | H15: =SUM(D15/G15*60) -> #DIV/0!
C16: 14 | G16: =SUM(E16*60+F16) -> 0 | H16: =SUM(D16/G16*60) -> #DIV/0!
C17: 15 | G17: =SUM(E17*60+F17) -> 0 | H17: =SUM(D17/G17*60) -> #DIV/0!
C18: 16 | G18: =SUM(E18*60+F18) -> 0 | H18: =SUM(D18/G18*60) -> #DIV/0!
C19: 17 | G19: =SUM(E19*60+F19) -> 0 | H19: =SUM(D19/G19*60) -> #DIV/0!
C20: 18 | G20: =SUM(E20*60+F20) -> 0 | H20: =SUM(D20/G20*60) -> #DIV/0!
C21: 19 | G21: =SUM(E21*60+F21) -> 0 | H21: =SUM(D21/G21*60) -> #DIV/0!
C22: 20 | G22: =SUM(E22*60+F22) -> 0 | H22: =SUM(D22/G22*60) -> #DIV/0!
G23: =SUM(E23*60+F23) -> 0 | H23: =SUM(D23/G23*60) -> #DIV/0!
D24: =SUM(D3:D23) -> 558
B25: =SUM(Janv!B25+Fév!D24) -> 1459.5

Sheet Mar
A1: Suivi Performances Mars | H1: =SUM(Janv!H1) -> 2018
A2: Dates | B2: Désignation Sorties | C2: Nb | D2: Distances | E2: Durées | H2: Vit. Moy. | I2: Remarques
A3: 43161 | B3: Langeais Homme Rillé Parçay courléon | C3: 1 | D3: 85 | E3: 3 | F3: 27 | G3: =SUM(E3*60+F3) -> 207 | H3: =SUM(D3/G3*60) -> 24.637681
A4: 43162 | B4: Avoine Basses Insay Morton | C4: 2 | D4: 72 | E4: 2 | F4: 56 | G4: =SUM(E4*60+F4) -> 176 | H4: =SUM(D4/G4*60) -> 24.545455
A5: 43165 | B5: Chinon Azay IB Lémeré | C5: 3 | D5: 90 | E5: 3 | F5: 58 | G5: =SUM(E5*60+F5) -> 238 | H5: =SUM(D5/G5*60) -> 22.689076
A6: 43169 | B6: Avoine Basse Insay Morton Candes | C6: 4 | D6: 81 | E6: 3 | F6: 17 | G6: =SUM(E6*60+F6) -> 197 | H6: =SUM(D6/G6*60) -> 24.670051
A7: 43169 | B7: Avoine Balade Club USEAB | C7: 5 | D7: 24 | E7: 1 | F7: 43 | G7: =SUM(E7*60+F7) -> 103 | H7: =SUM(D7/G7*60) -> 13.980583
A8: 43172 | B8: Chinon Chacé Montreuil Curçay | C8: 6 | D8: 121 | E8: 4 | F8: 50 | G8: =SUM(E8*60+F8) -> 290 | H8: =SUM(D8/G8*60) -> 25.034483
A9: 43173 | B9: Avoine Mazière Ingrandes | C9: 7 | D9: 72 | E9: 2 | F9: 48 | G9: =SUM(E9*60+F9) -> 168 | H9: =SUM(D9/G9*60) -> 25.714286
A10: 43176 | B10: Rando200 Ménigoute | C10: 8 | D10: 205 | E10: 8 | F10: 24 | G10: =SUM(E10*60+F10) -> 504 | H10: =SUM(D10/G10*60) -> 24.404762 | I10: D+ 2128m
A11: 43179 | B11: Chinon Bourgueil les Essards Langeais | C11: 9 | D11: 76 | E11: 3 | F11: 20 | G11: =SUM(E11*60+F11) -> 200 | H11: =SUM(D11/G11*60) -> 22.8 | I11: Seul avec velo Evelyne
A12: 43181 | B12: Chinon Saumur Roumarson Douvy | C12: 10 | D12: 90 | E12: 3 | F12: 53 | G12: =SUM(E12*60+F12) -> 233 | H12: =SUM(D12/G12*60) -> 23.175966
A13: 43183 | B13: Avoine Azay Pont Ruan Nueil Chinon | C13: 11 | D13: 83 | E13: 3 | F13: 28 | G13: =SUM(E13*60+F13) -> 208 | H13: =SUM(D13/G13*60) -> 23.942308
A14: 43188 | B14: Chinon Sammarsolle Mont Guesne Ceaux | C14: 12 | D14: 90 | E14: 3 | F14: 55 | G14: =SUM(E14*60+F14) -> 235 | H14: =SUM(D14/G14*60) -> 22.978723
A15: 43190 | B15: Avoine Fontevraud Courchamps Meigné Munet | C15: 13 | D15: 81 | E15: 3 | F15: 24 | G15: =SUM(E15*60+F15) -> 204 | H15: =SUM(D15/G15*60) -> 23.823529
A16: 43190 | B16: Avoine Turquant | C16: 14 | D16: 13 | E16: 0 | F16: 34 | G16: =SUM(E16*60+F16) -> 34 | H16: =SUM(D16/G16*60) -> 22.941176
C17: 15 | G17: =SUM(E17*60+F17) -> 0 | H17: =SUM(D17/G17*60) -> #DIV/0!
C18: 16 | G18: =SUM(E18*60+F18) -> 0 | H18: =SUM(D18/G18*60) -> #DIV/0!
C19: 17 | G19: =SUM(E19*60+F19) -> 0 | H19: =SUM(D19/G19*60) -> #DIV/0!
C20: 18 | G20: =SUM(E20*60+F20) -> 0 | H20: =SUM(D20/G20*60) -> #DIV/0!
C21: 19 | G21: =SUM(E21*60+F21) -> 0 | H21: =SUM(D21/G21*60) -> #DIV/0!
C22: 20 | G22: =SUM(E22*60+F22) -> 0 | H22: =SUM(D22/G22*60) -> #DIV/0!
G23: =SUM(E23*60+F23) -> 0 | H23: =SUM(D23/G23*60) -> #DIV/0!
D24: =SUM(D3:D23) -> 1183
B25: =SUM(Fév!B25+Mar!D24) -> 2642.5

Sheet Avr
A1: Suivi Performances Avril | H1: =SUM(Janv!H1) -> 2018
A2: Dates | B2: Désignation Sorties | C2: Nb | D2: Distances | E2: Durées | H2: Vit. Moy. | I2: Dév + | J2: Remarques
A3: 43193 | B3: Avoine Chaintre Chacé Morton | C3: 1 | D3: 76 | E3: 3 | F3: 7 | G3: =SUM(E3*60+F3) -> 187 | H3: =SUM(D3/G3*60) -> 24.385027 | I3: 179
A4: 43196 | B4: Avoine | C4: 2 | D4: 14 | E4: 0 | F4: 42 | G4: =SUM(E4*60+F4) -> 42 | H4: =SUM(D4/G4*60) -> 20 | J4: Essai éclair dynamo
A5: 43197 | B5: Rando 300 Ménigoute | C5: 3 | D5: 303 | E5: 13 | F5: 14 | G5: =SUM(E5*60+F5) -> 794 | H5: =SUM(D5/G5*60) -> 22.896725 | I5: 2130
A6: 43204 | B6: Rando 200 St Georges | C6: 4 | D6: 210 | E6: 8 | F6: 45 | G6: =SUM(E6*60+F6) -> 525 | H6: =SUM(D6/G6*60) -> 24 | I6: 1380
A7: 43207 | B7: Chinon Richelieu Luzé Champigny | C7: 5 | D7: 100 | E7: 4 | F7: 2 | G7: =SUM(E7*60+F7) -> 242 | H7: =SUM(D7/G7*60) -> 24.793388 | I7: 345
A8: 43209 | B8: Chinon St Epain nouatre Richelieu | C8: 6 | D8: 109 | E8: 4 | F8: 35 | G8: =SUM(E8*60+F8) -> 275 | H8: =SUM(D8/G8*60) -> 23.781818 | I8: 354
A9: 43211 | B9: Audax 100 Chinon | C9: 7 | D9: 120 | E9: 4 | F9: 52 | G9: =SUM(E9*60+F9) -> 292 | H9: =SUM(D9/G9*60) -> 24.657534 | I9: 483
A10: 43211 | B10: Avoine Balade Club USEAB | C10: 8 | D10: 27 | E10: 1 | F10: 35 | G10: =SUM(E10*60+F10) -> 95 | H10: =SUM(D10/G10*60) -> 17.052632
A11: 43214 | B11: Chinon Montreuil Brion Curçay | C11: 9 | D11: 111 | E11: 4 | F11: 38 | G11: =SUM(E11*60+F11) -> 278 | H11: =SUM(D11/G11*60) -> 23.956835 | I11: 376
A12: 43218 | B12: Rando 400 Ménigoute | C12: 10 | D12: 401 | E12: 17 | F12: 31 | G12: =SUM(E12*60+F12) -> 1051 | H12: =SUM(D12/G12*60) -> 22.892483 | I12: 2391
C13: 11 | G13: =SUM(E13*60+F13) -> 0 | H13: =SUM(D13/G13*60) -> #DIV/0!
C14: 12 | G14: =SUM(E14*60+F14) -> 0 | H14: =SUM(D14/G14*60) -> #DIV/0!
C15: 13 | G15: =SUM(E15*60+F15) -> 0 | H15: =SUM(D15/G15*60) -> #DIV/0!
C16: 14 | G16: =SUM(E16*60+F16) -> 0 | H16: =SUM(D16/G16*60) -> #DIV/0!
C17: 15 | G17: =SUM(E17*60+F17) -> 0 | H17: =SUM(D17/G17*60) -> #DIV/0!
C18: 16 | G18: =SUM(E18*60+F18) -> 0 | H18: =SUM(D18/G18*60) -> #DIV/0!
C19: 17 | G19: =SUM(E19*60+F19) -> 0 | H19: =SUM(D19/G19*60) -> #DIV/0!
C20: 18 | G20: =SUM(E20*60+F20) -> 0 | H20: =SUM(D20/G20*60) -> #DIV/0!
C21: 19 | G21: =SUM(E21*60+F21) -> 0 | H21: =SUM(D21/G21*60) -> #DIV/0!
C22: 20 | G22: =SUM(E22*60+F22) -> 0 | H22: =SUM(D22/G22*60) -> #DIV/0!
G23: =SUM(E23*60+F23) -> 0 | H23: =SUM(D23/G23*60) -> #DIV/0!
D24: =SUM(D3:D23) -> 1471 | I24: =SUM(I3:I23) -> 7638
B25: =SUM(Mar!B25+Avr!D24) -> 4113.5

Sheet Mai
A1: Suivi Performances Mai | H1: =SUM(Janv!H1) -> 2018
A2: Dates | B2: Désignation Sorties | C2: Nb | D2: Distances | E2: Durées | H2: Vit. Moy. | I2: Dév + | J2: Remarques
A3: 43225 | B3: Rando 300 St Georges les Baillargeaux | C3: 1 | D3: 304 | E3: 13 | F3: 5 | G3: =SUM(E3*60+F3) -> 785 | H3: =SUM(D3/G3*60) -> 23.235669 | I3: 1703
A4: 43230 | B4: Avoine courléon La Breille Allonnes | C4: 2 | D4: 81 | E4: 3 | F4: 15 | G4: =SUM(E4*60+F4) -> 195 | H4: =SUM(D4/G4*60) -> 24.923077 | I4: 316
A5: 43235 | B5: Chinon Courléon Rillé Ingrandes | C5: 3 | D5: 104 | E5: 4 | F5: 10 | G5: =SUM(E5*60+F5) -> 250 | H5: =SUM(D5/G5*60) -> 24.96 | I5: 424
A6: 43237 | B6: Sortie MOULIHERNE | C6: 4 | D6: 141 | E6: 5 | F6: 59 | G6: =SUM(E6*60+F6) -> 359 | H6: =SUM(D6/G6*60) -> 23.56546 | I6: 420
A7: 43239 | B7: LECTOURE | C7: 5 | D7: 41 | E7: 2 | F7: 21 | G7: =SUM(E7*60+F7) -> 141 | H7: =SUM(D7/G7*60) -> 17.446809 | I7: 604 | J7: Avec Evelyne
A8: 43240 | B8: LECTOURE | C8: 6 | D8: 36 | E8: 2 | F8: 14 | G8: =SUM(E8*60+F8) -> 134 | H8: =SUM(D8/G8*60) -> 16.119403 | I8: 500 | J8: Avec Evelyne
A9: 43241 | B9: LECTOURE | C9: 7 | D9: 36 | E9: 1 | F9: 34 | G9: =SUM(E9*60+F9) -> 94 | H9: =SUM(D9/G9*60) -> 22.978723 | I9: 450
A10: 43242 | B10: LECTOURE | C10: 8 | D10: 49 | E10: 2 | F10: 26 | G10: =SUM(E10*60+F10) -> 146 | H10: =SUM(D10/G10*60) -> 20.136986 | I10: 730
A11: 43242 | B11: LECTOURE | C11: 9 | D11: 35 | E11: 1 | F11: 58 | G11: =SUM(E11*60+F11) -> 118 | H11: =SUM(D11/G11*60) -> 17.79661 | I11: 385 | J11: Avec Evelyne
A12: 43243 | B12: LECTOURE | C12: 10 | D12: 53 | E12: 2 | F12: 29 | G12: =SUM(E12*60+F12) -> 149 | H12: =SUM(D12/G12*60) -> 21.342282 | I12: 604
A13: 43244 | B13: LECTOURE | C13: 11 | D13: 56 | E13: 2 | F13: 35 | G13: =SUM(E13*60+F13) -> 155 | H13: =SUM(D13/G13*60) -> 21.677419 | I13: 916
A14: 43245 | B14: LECTOURE | C14: 12 | D14: 43 | E14: 2 | F14: 0 | G14: =SUM(E14*60+F14) -> 120 | H14: =SUM(D14/G14*60) -> 21.5 | I14: 540
A15: 43246 | B15: LECTOURE | C15: 13 | D15: 59 | E15: 2 | F15: 35 | G15: =SUM(E15*60+F15) -> 155 | H15: =SUM(D15/G15*60) -> 22.83871 | I15: 786
A16: 43249 | B16: LECTOURE | C16: 14 | D16: 70 | E16: 3 | F16: 19 | G16: =SUM(E16*60+F16) -> 199 | H16: =SUM(D16/G16*60) -> 21.105528 | I16: 952
A17: 43249 | B17: LECTOURE | C17: 15 | D17: 35 | E17: 1 | F17: 55 | G17: =SUM(E17*60+F17) -> 115 | H17: =SUM(D17/G17*60) -> 18.26087 | I17: 325 | J17: Avec Evelyne
A18: 43250 | B18: LECTOURE | C18: 16 | D18: 50 | E18: 2 | F18: 30 | G18: =SUM(E18*60+F18) -> 150 | H18: =SUM(D18/G18*60) -> 20 | I18: 710
A19: 43251 | B19: LECTOURE | C19: 17 | D19: 75 | E19: 3 | F19: 27 | G19: =SUM(E19*60+F19) -> 207 | H19: =SUM(D19/G19*60) -> 21.73913 | I19: 1083
A20: 43251 | B20: LECTOURE | C20: 18 | D20: 40 | E20: 2 | F20: 12 | G20: =SUM(E20*60+F20) -> 132 | H20: =SUM(D20/G20*60) -> 18.181818 | I20: 464 | J20: Avec Evelyne
C21: 19 | G21: =SUM(E21*60+F21) -> 0 | H21: =SUM(D21/G21*60) -> #DIV/0!
C22: 20 | G22: =SUM(E22*60+F22) -> 0 | H22: =SUM(D22/G22*60) -> #DIV/0!
G23: =SUM(E23*60+F23) -> 0 | H23: =SUM(D23/G23*60) -> #DIV/0!
D24: =SUM(D3:D23) -> 1308 | I24: =SUM(I3:I23) -> 11912
B25: =SUM(Avr!B25+Mai!D24) -> 5421.5

Sheet Juin
A1: Suivi Performances Juin | H1: =SUM(Janv!H1) -> 2018
A2: Dates | B2: Désignation Sorties | C2: Nb | D2: Distances | E2: Durées | H2: Vit. Moy. | I2: Dév + | J2: Remarques
A3: 43252 | B3: LECTOURE | C3: 1 | D3: 50 | E3: 2 | F3: 21 | G3: =SUM(E3*60+F3) -> 141 | H3: =SUM(D3/G3*60) -> 21.276596 | I3: 659
A4: 43253 | B4: LECTOURE | C4: 2 | D4: 82 | E4: 3 | F4: 44 | G4: =SUM(E4*60+F4) -> 224 | H4: =SUM(D4/G4*60) -> 21.964286 | I4: 982
A5: 43253 | B5: LECTOURE | C5: 3 | D5: 43 | E5: 2 | F5: 31 | G5: =SUM(E5*60+F5) -> 151 | H5: =SUM(D5/G5*60) -> 17.086093 | I5: 597 | J5: Avec Evelyne
A6: 43255 | B6: LECTOURE | C6: 4 | D6: 32 | E6: 1 | F6: 24 | G6: =SUM(E6*60+F6) -> 84 | H6: =SUM(D6/G6*60) -> 22.857143 | I6: 328
A7: 43255 | B7: LECTOURE | C7: 5 | D7: 31 | E7: 1 | F7: 49 | G7: =SUM(E7*60+F7) -> 109 | H7: =SUM(D7/G7*60) -> 17.06422 | I7: 472 | J7: Avec Evelyne
A8: 43256 | B8: LECTOURE | C8: 6 | D8: 86 | E8: 4 | F8: 0 | G8: =SUM(E8*60+F8) -> 240 | H8: =SUM(D8/G8*60) -> 21.5 | I8: 1272
A9: 43257 | B9: LECTOURE | C9: 7 | D9: 61 | E9: 2 | F9: 55 | G9: =SUM(E9*60+F9) -> 175 | H9: =SUM(D9/G9*60) -> 20.914286 | I9: 775
A10: 43258 | B10: LECTOURE | C10: 8 | D10: 78 | E10: 3 | F10: 36 | G10: =SUM(E10*60+F10) -> 216 | H10: =SUM(D10/G10*60) -> 21.666667 | I10: 880
A11: 43258 | B11: LECTOURE | C11: 9 | D11: 47 | E11: 2 | F11: 38 | G11: =SUM(E11*60+F11) -> 158 | H11: =SUM(D11/G11*60) -> 17.848101 | I11: 575 | J11: Avec Evelyne
A12: 43259 | B12: LECTOURE | C12: 10 | D12: 42 | E12: 1 | F12: 53 | G12: =SUM(E12*60+F12) -> 113 | H12: =SUM(D12/G12*60) -> 22.300885 | I12: 555
A13: 43262 | B13: BRASSY MORVAN | C13: 11 | D13: 50 | E13: 2 | F13: 56 | G13: =SUM(E13*60+F13) -> 176 | H13: =SUM(D13/G13*60) -> 17.045455 | I13: 1021
A14: 43263 | B14: BRASSY MORVAN | C14: 12 | D14: 89 | E14: 4 | F14: 54 | G14: =SUM(E14*60+F14) -> 294 | H14: =SUM(D14/G14*60) -> 18.163265 | I14: 1453
A15: 43264 | B15: BRASSY MORVAN | C15: 13 | D15: 91 | E15: 4 | F15: 46 | G15: =SUM(E15*60+F15) -> 286 | H15: =SUM(D15/G15*60) -> 19.090909 | I15: 987
A16: 43265 | B16: BRASSY MORVAN | C16: 14 | D16: 47 | E16: 2 | F16: 18 | G16: =SUM(E16*60+F16) -> 138 | H16: =SUM(D16/G16*60) -> 20.434783 | I16: 674
C17: 15 | G17: =SUM(E17*60+F17) -> 0 | H17: =SUM(D17/G17*60) -> #DIV/0!
C18: 16 | G18: =SUM(E18*60+F18) -> 0 | H18: =SUM(D18/G18*60) -> #DIV/0!
C19: 17 | G19: =SUM(E19*60+F19) -> 0 | H19: =SUM(D19/G19*60) -> #DIV/0!
C20: 18 | G20: =SUM(E20*60+F20) -> 0 | H20: =SUM(D20/G20*60) -> #DIV/0!
C21: 19 | G21: =SUM(E21*60+F21) -> 0 | H21: =SUM(D21/G21*60) -> #DIV/0!
C22: 20 | G22: =SUM(E22*60+F22) -> 0 | H22: =SUM(D22/G22*60) -> #DIV/0!
G23: =SUM(E23*60+F23) -> 0 | H23: =SUM(D23/G23*60) -> #DIV/0!
D24: =SUM(D3:D23) -> 829 | I24: =SUM(I3:I23) -> 11230
B25: =SUM(Mai!B25+Juin!D24) -> 6250.5

Sheet Juil
A1: Suivi Performances Juillet | H1: =SUM(Janv!H1) -> 2018
A2: Dates | B2: Désignation Sorties | C2: Nb | D2: Distances | E2: Durées | H2: Vit. Moy. | I2: Dév + | J2: Remarques
A3: 43284 | B3: Chinon richelieu Luzé Marcilly IB | C3: 1 | D3: 96.5 | E3: 3 | F3: 55 | G3: =SUM(E3*60+F3) -> 235 | H3: =SUM(D3/G3*60) -> 24.638298 | I3: 347
A4: 43293 | B4: Chinon Descartes Grd Pressigny Dangé | C4: 2 | D4: 142 | E4: 6 | F4: 8 | G4: =SUM(E4*60+F4) -> 368 | H4: =SUM(D4/G4*60) -> 23.152174 | I4: 724
A5: 43295 | B5: Avoine Azay st Epain Crouzille Cravant | C5: 3 | D5: 82 | E5: 3 | F5: 10 | G5: =SUM(E5*60+F5) -> 190 | H5: =SUM(D5/G5*60) -> 25.894737 | I5: 521
A6: 43300 | B6: Chinon Bourgueil Courléon Rillé | C6: 4 | D6: 97 | E6: 3 | F6: 58 | G6: =SUM(E6*60+F6) -> 238 | H6: =SUM(D6/G6*60) -> 24.453782 | I6: 329
A7: 43302 | B7: Avoine Courléon St Philbert Allonnes | C7: 5 | D7: 80 | E7: 3 | F7: 5 | G7: =SUM(E7*60+F7) -> 185 | H7: =SUM(D7/G7*60) -> 25.945946 | I7: 427
A8: 43302 | B8: Avoine Balade Club USEAB | C8: 7 | D8: 29 | E8: 1 | F8: 49 | G8: =SUM(E8*60+F8) -> 109 | H8: =SUM(D8/G8*60) -> 15.963303
A9: 43305 | B9: Chinon Curçay epieds Montsoreau | C9: 8 | D9: 91 | E9: 3 | F9: 43 | G9: =SUM(E9*60+F9) -> 223 | H9: =SUM(D9/G9*60) -> 24.484305 | I9: 390
A10: 43307 | B10: Chinon Ingrandes HOMMES Langeais | C10: 9 | D10: 94 | E10: 3 | F10: 45 | G10: =SUM(E10*60+F10) -> 225 | H10: =SUM(D10/G10*60) -> 25.066667 | I10: 343
A11: 43309 | B11: Avoine Vaudelnay Montfort Chacé | C11: 10 | D11: 82 | E11: 3 | F11: 10 | G11: =SUM(E11*60+F11) -> 190 | H11: =SUM(D11/G11*60) -> 25.894737 | I11: 350
C12: 11 | G12: =SUM(E12*60+F12) -> 0 | H12: =SUM(D12/G12*60) -> #DIV/0!
C13: 12 | G13: =SUM(E13*60+F13) -> 0 | H13: =SUM(D13/G13*60) -> #DIV/0!
C14: 13 | G14: =SUM(E14*60+F14) -> 0 | H14: =SUM(D14/G14*60) -> #DIV/0!
C15: 14 | G15: =SUM(E15*60+F15) -> 0 | H15: =SUM(D15/G15*60) -> #DIV/0!
C16: 15 | G16: =SUM(E16*60+F16) -> 0 | H16: =SUM(D16/G16*60) -> #DIV/0!
C17: 16 | G17: =SUM(E17*60+F17) -> 0 | H17: =SUM(D17/G17*60) -> #DIV/0!
C18: 17 | G18: =SUM(E18*60+F18) -> 0 | H18: =SUM(D18/G18*60) -> #DIV/0!
C19: 18 | G19: =SUM(E19*60+F19) -> 0 | H19: =SUM(D19/G19*60) -> #DIV/0!
C20: 19 | G20: =SUM(E20*60+F20) -> 0 | H20: =SUM(D20/G20*60) -> #DIV/0!
C21: 20 | G21: =SUM(E21*60+F21) -> 0 | H21: =SUM(D21/G21*60) -> #DIV/0!
C22: 21 | G22: =SUM(E22*60+F22) -> 0 | H22: =SUM(D22/G22*60) -> #DIV/0!
C23: 22 | G23: =SUM(E23*60+F23) -> 0 | H23: =SUM(D23/G23*60) -> #DIV/0!
D24: =SUM(D3:D23) -> 793.5 | I24: =SUM(I3:I23) -> 3431
B25: =SUM(Juin!B25+Juil!D24) -> 7044

Sheet Aout
A1: Suivi Performances Août | H1: =SUM(Janv!H1) -> 2018
A2: Dates | B2: Désignation Sorties | C2: Nb | D2: Distances | E2: Durées | H2: Vit. Moy. | I2: Dév + | J2: Remarques
A3: 43316 | B3: Avoine Brain la petite breille St nicolas | C3: 1 | D3: 62 | E3: 2 | F3: 39 | G3: =SUM(E3*60+F3) -> 159 | H3: =SUM(D3/G3*60) -> 23.396226
A4: 43323 | B4: Avoine Marçay Sammarçolles ternay | C4: 2 | D4: 82 | E4: 3 | F4: 4 | G4: =SUM(E4*60+F4) -> 184 | H4: =SUM(D4/G4*60) -> 26.73913 | I4: 467
A5: 43326 | B5: Chinon St Epain St Maure Pouzay IB | C5: 3 | D5: 99 | E5: 4 | F5: 13 | G5: =SUM(E5*60+F5) -> 253 | H5: =SUM(D5/G5*60) -> 23.478261 | I5: 313
A6: 43328 | B6: Chinon Beuxes Richelieu luzé IB | C6: 4 | D6: 92 | E6: 3 | F6: 52 | G6: =SUM(E6*60+F6) -> 232 | H6: =SUM(D6/G6*60) -> 23.793103 | I6: 351
A7: 43330 | B7: Avoine Vernoil Mouliherne Blou | C7: 5 | D7: 86 | E7: 3 | F7: 15 | G7: =SUM(E7*60+F7) -> 195 | H7: =SUM(D7/G7*60) -> 26.461538 | I7: 329
A8: 43333 | B8: Chinon St Epain Pont Ruan Azay | C8: 6 | D8: 100 | E8: 3 | F8: 55 | G8: =SUM(E8*60+F8) -> 235 | H8: =SUM(D8/G8*60) -> 25.531915 | I8: 466
A9: 43335 | B9: Chinon gizeux Langeais | C9: 7 | D9: 85 | E9: 3 | F9: 24 | G9: =SUM(E9*60+F9) -> 204 | H9: =SUM(D9/G9*60) -> 25 | I9: 250
A10: 43337 | B10: Avoine Courléon St philbert Allonnes | C10: 8 | D10: 81 | E10: 3 | F10: 10 | G10: =SUM(E10*60+F10) -> 190 | H10: =SUM(D10/G10*60) -> 25.578947 | I10: 256
C11: 9 | G11: =SUM(E11*60+F11) -> 0 | H11: =SUM(D11/G11*60) -> #DIV/0!
C12: 10 | G12: =SUM(E12*60+F12) -> 0 | H12: =SUM(D12/G12*60) -> #DIV/0!
C13: 11 | G13: =SUM(E13*60+F13) -> 0 | H13: =SUM(D13/G13*60) -> #DIV/0!
C14: 12 | G14: =SUM(E14*60+F14) -> 0 | H14: =SUM(D14/G14*60) -> #DIV/0!
C15: 13 | G15: =SUM(E15*60+F15) -> 0 | H15: =SUM(D15/G15*60) -> #DIV/0!
C16: 14 | G16: =SUM(E16*60+F16) -> 0 | H16: =SUM(D16/G16*60) -> #DIV/0!
C17: 15 | G17: =SUM(E17*60+F17) -> 0 | H17: =SUM(D17/G17*60) -> #DIV/0!
C18: 16 | G18: =SUM(E18*60+F18) -> 0 | H18: =SUM(D18/G18*60) -> #DIV/0!
C19: 17 | G19: =SUM(E19*60+F19) -> 0 | H19: =SUM(D19/G19*60) -> #DIV/0!
C20: 18 | G20: =SUM(E20*60+F20) -> 0 | H20: =SUM(D20/G20*60) -> #DIV/0!
C21: 19 | G21: =SUM(E21*60+F21) -> 0 | H21: =SUM(D21/G21*60) -> #DIV/0!
C22: 20 | G22: =SUM(E22*60+F22) -> 0 | H22: =SUM(D22/G22*60) -> #DIV/0!
C23: 21 | G23: =SUM(E23*60+F23) -> 0 | H23: =SUM(D23/G23*60) -> #DIV/0!
G24: =SUM(E24*60+F24) -> 0 | H24: =SUM(D24/G24*60) -> #DIV/0!
D25: =SUM(D3:D24) -> 687 | I25: =SUM(I4:I24) -> 2432
B26: =SUM(Juil!B25+Aout!D25) -> 7731

Sheet Sept
A1: Suivi Performances Septembre | H1: =SUM(Janv!H1) -> 2018
A2: Dates | B2: Désignation Sorties | C2: Nb | D2: Distances | E2: Durées | H2: Vit. Moy. | I2: Dév + | J2: Remarques
A3: 43347 | B3: Chinon Cravant Rivarenne vallère saché | C3: 1 | D3: 100 | E3: 4 | F3: 2 | G3: =SUM(E3*60+F3) -> 242 | H3: =SUM(D3/G3*60) -> 24.793388 | I3: 422
A4: 43350 | B4: Avoine Langeais Gizeux | C4: 2 | D4: 82 | E4: 3 | F4: 13 | G4: =SUM(E4*60+F4) -> 193 | H4: =SUM(D4/G4*60) -> 25.492228 | I4: 329
A5: 43354 | B5: Chinon 3Moutiers Arçay Rossay | C5: 3 | D5: 98 | E5: 3 | F5: 52 | G5: =SUM(E5*60+F5) -> 232 | H5: =SUM(D5/G5*60) -> 25.344828 | I5: 497
A6: 43356 | B6: St Nicolas Benais Langeais St Benoit | C6: 2 | D6: 98 | E6: 4 | G6: =SUM(E6*60+F6) -> 240 | H6: =SUM(D6/G6*60) -> 24.5
A7: 43358 | B7: Avoine Marçay vallère Druye Saché | C7: 5 | D7: 82 | E7: 3 | F7: 33 | G7: =SUM(E7*60+F7) -> 213 | H7: =SUM(D7/G7*60) -> 23.098592 | I7: 481
A8: 43358 | B8: Avoine Rigny St Benoit | C8: 6 | D8: 30 | E8: 1 | F8: 42 | G8: =SUM(E8*60+F8) -> 102 | H8: =SUM(D8/G8*60) -> 17.647059 | I8: 174
A9: 43361 | B9: Chinon Panzoult Cheillé Bréhémont | C9: 7 | D9: 74 | E9: 3 | F9: 3 | G9: =SUM(E9*60+F9) -> 183 | H9: =SUM(D9/G9*60) -> 24.262295 | I9: 226
A10: 43363 | B10: Chinon Fontevraud St Cyr la Motte Roiffé | C10: 8 | D10: 91 | E10: 3 | F10: 40 | G10: =SUM(E10*60+F10) -> 220 | H10: =SUM(D10/G10*60) -> 24.818182 | I10: 463 | J10: Seul
A11: 43365 | B11: Avoine Quellay Pouant Maulay Basse | C11: 9 | D11: 84 | E11: 3 | F11: 17 | G11: =SUM(E11*60+F11) -> 197 | H11: =SUM(D11/G11*60) -> 25.583756 | I11: 419
A12: 43365 | B12: Avoine Balade USEAB | C12: 10 | D12: 26 | E12: 1 | F12: 30 | G12: =SUM(E12*60+F12) -> 90 | H12: =SUM(D12/G12*60) -> 17.333333 | I12: 29
A13: 43368 | B13: Chinon Bourgueil Les Essarts Langeais | C13: 11 | D13: 84 | E13: 3 | F13: 20 | G13: =SUM(E13*60+F13) -> 200 | H13: =SUM(D13/G13*60) -> 25.2 | I13: 291
A14: 43370 | B14: Chinon Richlieu Marigny IB | C14: 12 | D14: 91 | E14: 3 | F14: 47 | G14: =SUM(E14*60+F14) -> 227 | H14: =SUM(D14/G14*60) -> 24.052863 | I14: 389
A15: 43372 | B15: Avoine ingrande Mazière Langeais | C15: 13 | D15: 72 | E15: 3 | F15: 18 | G15: =SUM(E15*60+F15) -> 198 | H15: =SUM(D15/G15*60) -> 21.818182 | I15: 270
A16: 43373 | B16: Rando du Cardinal RICHELIEU | C16: 14 | D16: 48 | E16: 2 | F16: 23 | G16: =SUM(E16*60+F16) -> 143 | H16: =SUM(D16/G16*60) -> 20.13986 | I16: 348 | J16: Avec Evelyne
C17: 15 | G17: =SUM(E17*60+F17) -> 0 | H17: =SUM(D17/G17*60) -> #DIV/0!
C18: 16 | G18: =SUM(E18*60+F18) -> 0 | H18: =SUM(D18/G18*60) -> #DIV/0!
C19: 17 | G19: =SUM(E19*60+F19) -> 0 | H19: =SUM(D19/G19*60) -> #DIV/0!
C20: 18 | G20: =SUM(E20*60+F20) -> 0 | H20: =SUM(D20/G20*60) -> #DIV/0!
C21: 19 | G21: =SUM(E21*60+F21) -> 0 | H21: =SUM(D21/G21*60) -> #DIV/0!
C22: 20 | G22: =SUM(E22*60+F22) -> 0 | H22: =SUM(D22/G22*60) -> #DIV/0!
G23: =SUM(E23*60+F23) -> 0 | H23: =SUM(D23/G23*60) -> #DIV/0!
D24: =SUM(D3:D23) -> 1060 | I24: =SUM(I3:I23) -> 4338
B25: =SUM(Aout!B26+Sept!D24) -> 8791

Sheet Oct
A1: Suivi Performances Octobre | H1: =SUM(Janv!H1) -> 2018
A2: Dates | B2: Désignation Sorties | C2: Nb | D2: Distances | E2: Durées | H2: Vit. Moy. | I2: Dév + | J2: Remarques
A3: 43375 | B3: Chinon Chacé Forge Montreuil Roiffé | C3: 1 | D3: 112 | E3: 4 | F3: 28 | G3: =SUM(E3*60+F3) -> 268 | H3: =SUM(D3/G3*60) -> 25.074627 | I3: 497
A4: 43377 | B4: Chinon Villeoerdue courtineau Crouzille | C4: 2 | D4: 103 | E4: 4 | F4: 13 | G4: =SUM(E4*60+F4) -> 253 | H4: =SUM(D4/G4*60) -> 24.426877 | I4: 373
A5: 43379 | B5: Avoine 3 Moutiers Verniers Couzier | C5: 3 | D5: 78 | E5: 3 | F5: 16 | G5: =SUM(E5*60+F5) -> 196 | H5: =SUM(D5/G5*60) -> 23.877551 | I5: 432
A6: 43379 | B6: Avoine Balade USEAB | C6: 4 | D6: 29 | E6: 1 | F6: 42 | G6: =SUM(E6*60+F6) -> 102 | H6: =SUM(D6/G6*60) -> 17.058824 | I6: 44
A7: 43382 | B7: Chinon Lémeré Luzé Port nouatre Cravant | C7: 5 | D7: 109 | E7: 4 | F7: 26 | G7: =SUM(E7*60+F7) -> 266 | H7: =SUM(D7/G7*60) -> 24.586466 | I7: 639 | J7: Seul
A8: 43384 | B8: Chinon 3 Moutiers Vrère Berry Roiffé | C8: 6 | D8: 101 | E8: 3 | F8: 58 | G8: =SUM(E8*60+F8) -> 238 | H8: =SUM(D8/G8*60) -> 25.462185 | I8: 482
A9: 43386 | B9: AZAY Octobre ROSE | C9: 7 | D9: 88 | E9: 4 | F9: 35 | G9: =SUM(E9*60+F9) -> 275 | H9: =SUM(D9/G9*60) -> 19.2 | I9: 460
A10: 43389 | B10: Chinon 3 Moutiers Vrère Oiron Silly | C10: 8 | D10: 114 | E10: 4 | F10: 20 | G10: =SUM(E10*60+F10) -> 260 | H10: =SUM(D10/G10*60) -> 26.307692 | I10: 522
A11: 43391 | B11: Chinon ingrande mazière St Etienne Langeais | C11: 9 | D11: 112 | E11: 4 | F11: 22 | G11: =SUM(E11*60+F11) -> 262 | H11: =SUM(D11/G11*60) -> 25.648855 | I11: 475
A12: 43393 | B12: Avoine Benais Avrillé Langeais | C12: 10 | D12: 70 | E12: 2 | F12: 48 | G12: =SUM(E12*60+F12) -> 168 | H12: =SUM(D12/G12*60) -> 25 | I12: 225
A13: 43396 | B13: Avoine Rillé Mouliherne Vernoil Brain | C13: 11 | D13: 110 | E13: 4 | F13: 29 | G13: =SUM(E13*60+F13) -> 269 | H13: =SUM(D13/G13*60) -> 24.535316 | I13: 417 | J13: seul
A14: 43398 | B14: Avoine Rillé Mouliherne Blou Allonnes | C14: 12 | D14: 109 | E14: 4 | F14: 24 | G14: =SUM(E14*60+F14) -> 264 | H14: =SUM(D14/G14*60) -> 24.772727 | I14: 378 | J14: Seul
A15: 43400 | B15: Avoine les Loges Bourgueil | C15: 13 | D15: 51 | E15: 2 | F15: 12 | G15: =SUM(E15*60+F15) -> 132 | H15: =SUM(D15/G15*60) -> 23.181818 | I15: 231
C16: 14 | G16: =SUM(E16*60+F16) -> 0 | H16: =SUM(D16/G16*60) -> #DIV/0!
C17: 15 | G17: =SUM(E17*60+F17) -> 0 | H17: =SUM(D17/G17*60) -> #DIV/0!
C18: 16 | G18: =SUM(E18*60+F18) -> 0 | H18: =SUM(D18/G18*60) -> #DIV/0!
C19: 17 | G19: =SUM(E19*60+F19) -> 0 | H19: =SUM(D19/G19*60) -> #DIV/0!
C20: 18 | G20: =SUM(E20*60+F20) -> 0 | H20: =SUM(D20/G20*60) -> #DIV/0!
C21: 19 | G21: =SUM(E21*60+F21) -> 0 | H21: =SUM(D21/G21*60) -> #DIV/0!
C22: 20 | G22: =SUM(E22*60+F22) -> 0 | H22: =SUM(D22/G22*60) -> #DIV/0!
G23: =SUM(E23*60+F23) -> 0 | H23: =SUM(D23/G23*60) -> #DIV/0!
D24: =SUM(D3:D23) -> 1186 | I24: =SUM(I3:I23) -> 5175
B25: =SUM(Sept!B25+Oct!D24) -> 9977

Sheet Nov
A1: Suivi Performances Novembre | H1: =SUM(Janv!H1) -> 2018
A2: Dates | B2: Désignation Sorties | C2: Nb | D2: Distances | E2: Durées | H2: Vit. Moy. | I2: Dév + | J2: Remarques
A3: 43407 | B3: Avoine Vallère Villandry bréhémont | C3: 1 | D3: 74 | E3: 3 | F3: 12 | G3: =SUM(E3*60+F3) -> 192 | H3: =SUM(D3/G3*60) -> 23.125 | I3: 374 | J3: Seul
A4: 43417 | B4: Avoine Gennes Verrie coudray Roiffé | C4: 2 | D4: 102 | E4: 4 | F4: 14 | G4: =SUM(E4*60+F4) -> 254 | H4: =SUM(D4/G4*60) -> 24.094488 | I4: 549 | J4: Seul
A5: 43419 | B5: Avoine Bec du CHER | C5: 3 | D5: 100 | E5: 3 | F5: 56 | G5: =SUM(E5*60+F5) -> 236 | H5: =SUM(D5/G5*60) -> 25.423729 | I5: 281 | J5: Seul
A6: 43427 | B6: Avoine Saché Panzoult Chinon | C6: 4 | D6: 75 | E6: 3 | G6: =SUM(E6*60+F6) -> 180 | H6: =SUM(D6/G6*60) -> 25 | I6: 303 | J6: Seul
A7: 43428 | B7: Avoine Fontevraud Bournand Ceaux | C7: 5 | D7: 70 | E7: 2 | F7: 56 | G7: =SUM(E7*60+F7) -> 176 | H7: =SUM(D7/G7*60) -> 23.863636 | I7: 394
A8: 43433 | B8: Avoine Allonne la breille Courléon | C8: 6 | D8: 75 | E8: 3 | G8: =SUM(E8*60+F8) -> 180 | H8: =SUM(D8/G8*60) -> 25 | I8: 292 | J8: Seul
A9: 43434 | B9: Avoine Fontevraud 3 Moutiers Insay Basse Marçay | C9: 7 | D9: 85 | E9: 3 | F9: 22 | G9: =SUM(E9*60+F9) -> 202 | H9: =SUM(D9/G9*60) -> 25.247525 | I9: 461 | J9: Seul
C10: 8 | G10: =SUM(E10*60+F10) -> 0 | H10: =SUM(D10/G10*60) -> #DIV/0!
C11: 9 | G11: =SUM(E11*60+F11) -> 0 | H11: =SUM(D11/G11*60) -> #DIV/0!
C12: 10 | G12: =SUM(E12*60+F12) -> 0 | H12: =SUM(D12/G12*60) -> #DIV/0!
C13: 11 | G13: =SUM(E13*60+F13) -> 0 | H13: =SUM(D13/G13*60) -> #DIV/0!
C14: 12 | G14: =SUM(E14*60+F14) -> 0 | H14: =SUM(D14/G14*60) -> #DIV/0!
C15: 13 | G15: =SUM(E15*60+F15) -> 0 | H15: =SUM(D15/G15*60) -> #DIV/0!
C16: 14 | G16: =SUM(E16*60+F16) -> 0 | H16: =SUM(D16/G16*60) -> #DIV/0!
C17: 15 | G17: =SUM(E17*60+F17) -> 0 | H17: =SUM(D17/G17*60) -> #DIV/0!
C18: 16 | G18: =SUM(E18*60+F18) -> 0 | H18: =SUM(D18/G18*60) -> #DIV/0!
C19: 17 | G19: =SUM(E19*60+F19) -> 0 | H19: =SUM(D19/G19*60) -> #DIV/0!
C20: 18 | G20: =SUM(E20*60+F20) -> 0 | H20: =SUM(D20/G20*60) -> #DIV/0!
C21: 19 | G21: =SUM(E21*60+F21) -> 0 | H21: =SUM(D21/G21*60) -> #DIV/0!
C22: 20 | G22: =SUM(E22*60+F22) -> 0 | H22: =SUM(D22/G22*60) -> #DIV/0!
G23: =SUM(E23*60+F23) -> 0 | H23: =SUM(D23/G23*60) -> #DIV/0!
D24: =SUM(D3:D23) -> 581 | I24: =SUM(I3:I23) -> 2654
B25: =SUM(Oct!B25+Nov!D24) -> 10558

Sheet Déc
A1: Suivi Performances Décembre | H1: =SUM(Janv!H1) -> 2018
A2: Dates | B2: Désignation Sorties | C2: Nb | D2: Distances | E2: Durées | H2: Vit. Moy. | I2: Dév + | J2: Remarques
A3: 43435 | B3: Avoine Saix 3Moutiers Lerné | C3: 1 | D3: 72 | E3: 3 | F3: 2 | G3: =SUM(E3*60+F3) -> 182 | H3: =SUM(D3/G3*60) -> 23.736264 | I3: 204 | J3: vent et pluie
A4: 43438 | B4: Avoine Morton Montreuil bellay | C4: 2 | D4: 80 | E4: 3 | F4: 11 | G4: =SUM(E4*60+F4) -> 191 | H4: =SUM(D4/G4*60) -> 25.13089 | I4: 433 | J4: Seul
A5: 43440 | B5: Avoine Montreuil Bellay | C5: 3 | D5: 72 | E5: 3 | F5: 1 | G5: =SUM(E5*60+F5) -> 181 | H5: =SUM(D5/G5*60) -> 23.867403 | I5: 217 | J5: Seul
A6: 43442 | B6: Avoine Montreuil Bellay | C6: 4 | D6: 69 | E6: 3 | G6: =SUM(E6*60+F6) -> 180 | H6: =SUM(D6/G6*60) -> 23 | I6: 333 | J6: Vent fort
A7: 43450 | B7: Avoine Langeais Les Essarts | C7: 5 | D7: 69 | E7: 2 | F7: 45 | G7: =SUM(E7*60+F7) -> 165 | H7: =SUM(D7/G7*60) -> 25.090909 | I7: 299 | J7: Seul
A8: 43454 | B8: Avoine Couziers Bournand Vézière | C8: 6 | D8: 55 | E8: 2 | F8: 20 | G8: =SUM(E8*60+F8) -> 140 | H8: =SUM(D8/G8*60) -> 23.571429 | I8: 198 | J8: Seul
C9: 7 | G9: =SUM(E9*60+F9) -> 0 | H9: =SUM(D9/G9*60) -> #DIV/0!
C10: 8 | G10: =SUM(E10*60+F10) -> 0 | H10: =SUM(D10/G10*60) -> #DIV/0!
C11: 9 | G11: =SUM(E11*60+F11) -> 0 | H11: =SUM(D11/G11*60) -> #DIV/0!
C12: 10 | G12: =SUM(E12*60+F12) -> 0 | H12: =SUM(D12/G12*60) -> #DIV/0!
C13: 11 | G13: =SUM(E13*60+F13) -> 0 | H13: =SUM(D13/G13*60) -> #DIV/0!
C14: 12 | G14: =SUM(E14*60+F14) -> 0 | H14: =SUM(D14/G14*60) -> #DIV/0!
C15: 13 | G15: =SUM(E15*60+F15) -> 0 | H15: =SUM(D15/G15*60) -> #DIV/0!
C16: 14 | G16: =SUM(E16*60+F16) -> 0 | H16: =SUM(D16/G16*60) -> #DIV/0!
C17: 15 | G17: =SUM(E17*60+F17) -> 0 | H17: =SUM(D17/G17*60) -> #DIV/0!
C18: 16 | G18: =SUM(E18*60+F18) -> 0 | H18: =SUM(D18/G18*60) -> #DIV/0!
C19: 17 | G19: =SUM(E19*60+F19) -> 0 | H19: =SUM(D19/G19*60) -> #DIV/0!
C20: 18 | G20: =SUM(E20*60+F20) -> 0 | H20: =SUM(D20/G20*60) -> #DIV/0!
... C22: 20 | G22: =SUM(E22*60+F22) -> 0 | H22: =SUM(D22/G22*60) -> #DIV/0!
G23: =SUM(E23*60+F23) -> 0 | H23: =SUM(D23/G23*60) -> #DIV/0!
D24: =SUM(D3:D23) -> 417 | I24: =SUM(I3:I23) -> 1684
B25: =SUM(Nov!B25+Déc!D24) -> 10975
