Workbook

Sheet Janv
A1: Suivi Performances Janvier | H1: 2023
A2: Dates | B2: Désignation Sorties | C2: Nb | D2: Distances | E2: Durées | H2: Vit. Moy. | I2: Dév + | J2: Remarques | K2: Brochard | L2: S1NEO
A3: 44929 | B3: Chinon3 Moutiers Veniers Ceaux | C3: 1 | D3: 79 | E3: 3 | F3: 26 | G3: =SUM(E3*60+F3) -> 206 | H3: =SUM(D3/G3*60) -> 23.009709 | I3: 380 | L3: 79
A4: 44931 | B4: Chinon Roiffé Meigné Champigny | C4: 2 | D4: 81 | E4: 3 | F4: 28 | G4: =SUM(E4*60+F4) -> 208 | H4: =SUM(D4/G4*60) -> 23.365385 | I4: 379 | L4: 81
A5: 44933 | B5: Avoine Epennes Sammarcolles Marçay | C5: 3 | D5: 65 | E5: 2 | F5: 52 | G5: =SUM(E5*60+F5) -> 172 | H5: =SUM(D5/G5*60) -> 22.674419 | I5: 320 | L5: 65
A6: 44937 | B6: Avoine Langeais Avrillé Bourgueil | C6: 4 | D6: 79 | E6: 3 | F6: 8 | G6: =SUM(E6*60+F6) -> 188 | H6: =SUM(D6/G6*60) -> 25.212766 | I6: 379 | L6: 79
A7: 44940 | B7: Avoine Chaintre Brézé Bournand | C7: 5 | D7: 68 | E7: 2 | F7: 53 | G7: =SUM(E7*60+F7) -> 173 | H7: =SUM(D7/G7*60) -> 23.583815 | I7: 257 | L7: 68
C8: 6 | G8: =SUM(E8*60+F8) -> 0 | H8: =SUM(D8/G8*60) -> #DIV/0!
C9: 7 | G9: =SUM(E9*60+F9) -> 0 | H9: =SUM(D9/G9*60) -> #DIV/0!
C10: 8 | G10: =SUM(E10*60+F10) -> 0 | H10: =SUM(D10/G10*60) -> #DIV/0!
C11: 9 | G11: =SUM(E11*60+F11) -> 0 | H11: =SUM(D11/G11*60) -> #DIV/0!
C12: 10 | G12: =SUM(E12*60+F12) -> 0 | H12: =SUM(D12/G12*60) -> #DIV/0!
C13: 11 | G13: =SUM(E13*60+F13) -> 0 | H13: =SUM(D13/G13*60) -> #DIV/0!
C14: 12 | G14: =SUM(E14*60+F14) -> 0 | H14: =SUM(D14/G14*60) -> #DIV/0!
C15: 13 | G15: =SUM(E15*60+F15) -> 0 | H15: =SUM(D15/G15*60) -> #DIV/0!
C16: 14 | G16: =SUM(E16*60+F16) -> 0 | H16: =SUM(D16/G16*60) -> #DIV/0!
C17: 15 | G17: =SUM(E17*60+F17) -> 0 | H17: =SUM(D17/G17*60) -> #DIV/0!
C18: 16 | G18: =SUM(E18*60+F18) -> 0 | H18: =SUM(D18/G18*60) -> #DIV/0!
C19: 17 | G19: =SUM(E19*60+F19) -> 0 | H19: =SUM(D19/G19*60) -> #DIV/0!
... C23: 21 | G23: =SUM(E23*60+F23) -> 0 | H23: =SUM(D23/G23*60) -> #DIV/0!
D24: =SUM(D3:D23) -> 372 | I24: =SUM(I3:I23) -> 1715 | K24: =SUM(K3:K23) -> 0 | L24: =SUM(L3:L23) -> 372
A25: Km total 2023 | B25: =SUM(D24+0) -> 372 | H25: =SUM(I24+0) -> 1715
J26: Année 2021 | K26: 1843 | L26: 9688
J27: Année 2022 | K27: 2920 | L27: 6043
J28: KM total | K28: =SUM(K24+K26+K27) -> 4763 | L28: =SUM(L24+L26+L27) -> 16103

Sheet Fév
A1: Suivi Performances Février | H1: =SUM(Janv!H1) -> 2023
A2: Dates | B2: Désignation Sorties | C2: Nb | D2: Distances | E2: Durées | H2: Vit. Moy. | I2: Dév + | J2: Remarques | K2: Brochard | L2: S1NEO
A3: 44961 | B3: Avoine Courléon La Breille | C3: 1 | D3: 62 | E3: 2 | F3: 49 | G3: =SUM(E3*60+F3) -> 169 | H3: =SUM(D3/G3*60) -> 22.011834 | I3: 259 | L3: 62
A4: 44964 | B4: Avoine Courléon Vernoil Candes | C4: 2 | D4: 68 | E4: 2 | F4: 50 | G4: =SUM(E4*60+F4) -> 170 | H4: =SUM(D4/G4*60) -> 24 | I4: 302 | L4: 68
A5: 44966 | B5: Avoine Couziers Morton 3 Moutiers | C5: 3 | D5: 80 | E5: 3 | F5: 22 | G5: =SUM(E5*60+F5) -> 202 | H5: =SUM(D5/G5*60) -> 23.762376 | I5: 340 | L5: 80
A6: 44968 | B6: Avoine La Chapelle aux Naux St Benoit | C6: 4 | D6: 54 | E6: 2 | F6: 21 | G6: =SUM(E6*60+F6) -> 141 | H6: =SUM(D6/G6*60) -> 22.978723 | I6: 160 | L6: 54
A7: 44971 | B7: Chinon Basses Insay Couziers | C7: 5 | D7: 90 | E7: 3 | F7: 37 | G7: =SUM(E7*60+F7) -> 217 | H7: =SUM(D7/G7*60) -> 24.884793 | I7: 447 | L7: 90
A8: 44973 | B8: Chinon Chaintre Montreuil Roiffé | C8: 6 | D8: 88 | E8: 3 | F8: 33 | G8: =SUM(E8*60+F8) -> 213 | H8: =SUM(D8/G8*60) -> 24.788732 | I8: 382 | L8: 88
A9: 44977 | B9: Avoine Langeais La Rouchouze et retour | C9: 7 | D9: 71 | E9: 2 | F9: 48 | G9: =SUM(E9*60+F9) -> 168 | H9: =SUM(D9/G9*60) -> 25.357143 | I9: 216 | L9: 71
A10: 44978 | B10: Chinon Marçay Rossay Pouant | C10: 8 | D10: 86 | E10: 3 | F10: 25 | G10: =SUM(E10*60+F10) -> 205 | H10: =SUM(D10/G10*60) -> 25.170732 | I10: 311 | L10: 86
A11: 44985 | B11: Chinon Bourgueil Les essarts Langeais | C11: 9 | D11: 76 | E11: 3 | F11: 19 | G11: =SUM(E11*60+F11) -> 199 | H11: =SUM(D11/G11*60) -> 22.914573 | I11: 234 | L11: 76
C12: 10 | G12: =SUM(E12*60+F12) -> 0 | H12: =SUM(D12/G12*60) -> #DIV/0!
C13: 11 | G13: =SUM(E13*60+F13) -> 0 | H13: =SUM(D13/G13*60) -> #DIV/0!
C14: 12 | G14: =SUM(E14*60+F14) -> 0 | H14: =SUM(D14/G14*60) -> #DIV/0!
C15: 13 | G15: =SUM(E15*60+F15) -> 0 | H15: =SUM(D15/G15*60) -> #DIV/0!
C16: 14 | G16: =SUM(E16*60+F16) -> 0 | H16: =SUM(D16/G16*60) -> #DIV/0!
C17: 15 | G17: =SUM(E17*60+F17) -> 0 | H17: =SUM(D17/G17*60) -> #DIV/0!
C18: 16 | G18: =SUM(E18*60+F18) -> 0 | H18: =SUM(D18/G18*60) -> #DIV/0!
C19: 17 | G19: =SUM(E19*60+F19) -> 0 | H19: =SUM(D19/G19*60) -> #DIV/0!
C20: 18 | G20: =SUM(E20*60+F20) -> 0 | H20: =SUM(D20/G20*60) -> #DIV/0!
C21: 19 | G21: =SUM(E21*60+F21) -> 0 | H21: =SUM(D21/G21*60) -> #DIV/0!
C22: 20 | G22: =SUM(E22*60+F22) -> 0 | H22: =SUM(D22/G22*60) -> #DIV/0!
C23: 21 | G23: =SUM(E23*60+F23) -> 0 | H23: =SUM(D23/G23*60) -> #DIV/0!
D24: =SUM(D3:D23) -> 675 | I24: =SUM(I3:I23) -> 2651 | K24: =SUM(K3:K23) -> 0 | L24: =SUM(L3:L23) -> 675
A25: Km total 2023 | B25: =SUM(Janv!B25+Fév!D24) -> 1047 | H25: =SUM(Janv!H25+Fév!I24) -> 4366 | K25: =SUM(Janv!K24+Fév!K24) -> 0 | L25: =SUM(Janv!L24+Fév!L24) -> 1047
J27: Année 2021 | K27: 1843 | L27: 9688
J28: Année 2022 | K28: =SUM(Janv!K27) -> 2920 | L28: =SUM(Janv!L27) -> 6043
J29: KM total | K29: =SUM(K25+K27+K28) -> 4763 | L29: =SUM(L25+L27+L28) -> 16778

Sheet Mar
A1: Suivi Performances Mars | H1: =SUM(Janv!H1) -> 2023
A2: Dates | B2: Désignation Sorties | C2: Nb | D2: Distances | E2: Durées | H2: Vit. Moy. | I2: Dév + | J2: Remarques | K2: Brochard | L2: S1NEO
A3: 44987 | B3: Chinon Courléon Vernoil Candes Chinon | C3: 1 | D3: 95 | E3: 3 | F3: 42 | G3: =SUM(E3*60+F3) -> 222 | H3: =SUM(D3/G3*60) -> 25.675676 | I3: 367 | L3: 95
A4: 44989 | B4: Avoinz Avrillé Langeais | C4: 2 | D4: 75 | E4: 3 | F4: 6 | G4: =SUM(E4*60+F4) -> 186 | H4: =SUM(D4/G4*60) -> 24.193548 | I4: 271 | K4: 75
A5: 44990 | B5: Rencontre de printemps à RICHELIEU | C5: 3 | D5: 67 | E5: 3 | F5: 12 | G5: =SUM(E5*60+F5) -> 192 | H5: =SUM(D5/G5*60) -> 20.9375 | I5: 258 | K5: 67
A6: 44992 | B6: Chinon Chaintre Courchamps Montreuil | C6: 4 | D6: 90 | E6: 3 | F6: 57 | G6: =SUM(E6*60+F6) -> 237 | H6: =SUM(D6/G6*60) -> 22.78481 | I6: 378 | K6: 90
A7: 44999 | B7: Avoine Courléon La breille | C7: 5 | D7: 82 | E7: 3 | F7: 28 | G7: =SUM(E7*60+F7) -> 208 | H7: =SUM(D7/G7*60) -> 23.653846 | I7: 419 | K7: 82
A8: 45001 | B8: Chinon IB Marigny Chaveigne | C8: 6 | D8: 94 | E8: 3 | F8: 58 | G8: =SUM(E8*60+F8) -> 238 | H8: =SUM(D8/G8*60) -> 23.697479 | I8: 390 | L8: 94
A9: 45003 | B9: Avoine Ceaux Claunay Bournand | C9: 7 | D9: 73 | E9: 3 | F9: 7 | G9: =SUM(E9*60+F9) -> 187 | H9: =SUM(D9/G9*60) -> 23.42246 | I9: 326 | K9: 73
A10: 45006 | B10: Montsoreau Airvault Prépa BRM | C10: 8 | D10: 154 | E10: 6 | F10: 30 | G10: =SUM(E10*60+F10) -> 390 | H10: =SUM(D10/G10*60) -> 23.692308 | I10: 742 | K10: 154
A11: 45008 | B11: Chinon Saumur MeignéBrézé Seuilly | C11: 9 | D11: 102 | E11: 4 | F11: 22 | G11: =SUM(E11*60+F11) -> 262 | H11: =SUM(D11/G11*60) -> 23.358779 | I11: 406 | K11: 102
A12: 45010 | B12: Avoine Cunault Meigné Couziers | C12: 10 | D12: 101 | E12: 4 | F12: 8 | G12: =SUM(E12*60+F12) -> 248 | H12: =SUM(D12/G12*60) -> 24.435484 | I12: 440 | K12: 101
A13: 45013 | B13: Avoine Gennes Dénezé Coudray Cinais | C13: 11 | D13: 107 | E13: 4 | F13: 25 | G13: =SUM(E13*60+F13) -> 265 | H13: =SUM(D13/G13*60) -> 24.226415 | I13: 459 | K13: 107
C14: 12 | G14: =SUM(E14*60+F14) -> 0 | H14: =SUM(D14/G14*60) -> #DIV/0!
C15: 13 | G15: =SUM(E15*60+F15) -> 0 | H15: =SUM(D15/G15*60) -> #DIV/0!
C16: 14 | G16: =SUM(E16*60+F16) -> 0 | H16: =SUM(D16/G16*60) -> #DIV/0!
C17: 15 | G17: =SUM(E17*60+F17) -> 0 | H17: =SUM(D17/G17*60) -> #DIV/0!
C18: 16 | G18: =SUM(E18*60+F18) -> 0 | H18: =SUM(D18/G18*60) -> #DIV/0!
C19: 17 | G19: =SUM(E19*60+F19) -> 0 | H19: =SUM(D19/G19*60) -> #DIV/0!
C20: 18 | G20: =SUM(E20*60+F20) -> 0 | H20: =SUM(D20/G20*60) -> #DIV/0!
C21: 19 | G21: =SUM(E21*60+F21) -> 0 | H21: =SUM(D21/G21*60) -> #DIV/0!
C22: 20 | G22: =SUM(E22*60+F22) -> 0 | H22: =SUM(D22/G22*60) -> #DIV/0!
C23: 21 | G23: =SUM(E23*60+F23) -> 0 | H23: =SUM(D23/G23*60) -> #DIV/0!
D24: =SUM(D3:D23) -> 1040 | I24: =SUM(I3:I23) -> 4456 | K24: =SUM(K3:K23) -> 851 | L24: =SUM(L3:L23) -> 189
A25: Km total 2023 | B25: =SUM(Fév!B25+Mar!D24) -> 2087 | H25: =SUM(Fév!H25+Mar!I24) -> 8822 | K25: =SUM(Fév!K25+Mar!K24) -> 851 | L25: =SUM(Fév!L25+Mar!L24) -> 1236
J27: Année 2021 | K27: 1843 | L27: 9688
J28: Année 2022 | K28: =SUM(Janv!K27) -> 2920 | L28: =SUM(Janv!L27) -> 6043
J29: KM total | K29: =SUM(K25+K27+K28) -> 5614 | L29: =SUM(L25+L27+L28) -> 16967

Sheet Avr
A1: Suivi Performances Avril | H1: =SUM(Janv!H1) -> 2023
A2: Dates | B2: Désignation Sorties | C2: Nb | D2: Distances | E2: Durées | H2: Vit. Moy. | I2: Dév + | J2: Remarques | K2: Brochard | L2: S1NEO
A3: 45018 | B3: BRM 200 Angers Laval Sablé | C3: 1 | D3: 201 | E3: 8 | F3: 49 | G3: =SUM(E3*60+F3) -> 529 | H3: =SUM(D3/G3*60) -> 22.797732 | I3: 1394 | K3: 201
A4: 45020 | B4: Chinon Courléon Hommes Langeais | C4: 2 | D4: 107 | E4: 4 | F4: 18 | G4: =SUM(E4*60+F4) -> 258 | H4: =SUM(D4/G4*60) -> 24.883721 | I4: 397 | K4: 107
A5: 45027 | B5: Avoine 3 Moutiers Brézé couziers | C5: 3 | D5: 95 | E5: 4 | G5: =SUM(E5*60+F5) -> 240 | H5: =SUM(D5/G5*60) -> 23.75 | I5: 586 | K5: 95
A6: 45029 | B6: Prépa BRM Avoine Brissac | C6: 4 | D6: 143 | E6: 6 | F6: 15 | G6: =SUM(E6*60+F6) -> 375 | H6: =SUM(D6/G6*60) -> 22.88 | I6: 674 | K6: 143
A7: 45032 | B7: Angers BRM 300 | C7: 5 | D7: 300 | E7: 12 | F7: 47 | G7: =SUM(E7*60+F7) -> 767 | H7: =SUM(D7/G7*60) -> 23.468057 | I7: 1536 | K7: 300
A8: 45034 | B8: Chinon Bourgueil Avrillé Langeais | C8: 6 | D8: 116 | E8: 4 | F8: 41 | G8: =SUM(E8*60+F8) -> 281 | H8: =SUM(D8/G8*60) -> 24.768683 | I8: 468 | K8: 116
A9: 45036 | B9: Chinon Langeais Ambillou Avrillé | C9: 7 | D9: 108 | E9: 4 | F9: 26 | G9: =SUM(E9*60+F9) -> 266 | H9: =SUM(D9/G9*60) -> 24.360902 | I9: 415 | K9: 108
A10: 45041 | B10: Avoine Montsoreau | C10: 8 | D10: 22 | E10: 1 | F10: 6 | G10: =SUM(E10*60+F10) -> 66 | H10: =SUM(D10/G10*60) -> 20 | I10: 43 | J10: Avec Evelyne | K10: 22
A11: 45041 | B11: Chinon Cunault Montreuil Roiffé | C11: 9 | D11: 114 | E11: 4 | F11: 30 | G11: =SUM(E11*60+F11) -> 270 | H11: =SUM(D11/G11*60) -> 25.333333 | I11: 468 | K11: 114
A12: 45043 | B12: Avoine Prépa BRM 400 | C12: 10 | D12: 125 | E12: 5 | F12: 40 | G12: =SUM(E12*60+F12) -> 340 | H12: =SUM(D12/G12*60) -> 22.058824 | I12: 850 | K12: 125
A13: 45045 | B13: Avoine Continvoir Cléré Langeais | C13: 11 | D13: 82 | E13: 3 | F13: 19 | G13: =SUM(E13*60+F13) -> 199 | H13: =SUM(D13/G13*60) -> 24.723618 | I13: 268 | K13: 82
C14: 12 | G14: =SUM(E14*60+F14) -> 0 | H14: =SUM(D14/G14*60) -> #DIV/0!
C15: 13 | G15: =SUM(E15*60+F15) -> 0 | H15: =SUM(D15/G15*60) -> #DIV/0!
C16: 14 | G16: =SUM(E16*60+F16) -> 0 | H16: =SUM(D16/G16*60) -> #DIV/0!
C17: 15 | G17: =SUM(E17*60+F17) -> 0 | H17: =SUM(D17/G17*60) -> #DIV/0!
C18: 16 | G18: =SUM(E18*60+F18) -> 0 | H18: =SUM(D18/G18*60) -> #DIV/0!
C19: 17 | G19: =SUM(E19*60+F19) -> 0 | H19: =SUM(D19/G19*60) -> #DIV/0!
C20: 18 | G20: =SUM(E20*60+F20) -> 0 | H20: =SUM(D20/G20*60) -> #DIV/0!
C21: 19 | G21: =SUM(E21*60+F21) -> 0 | H21: =SUM(D21/G21*60) -> #DIV/0!
C22: 20 | G22: =SUM(E22*60+F22) -> 0 | H22: =SUM(D22/G22*60) -> #DIV/0!
C23: 21 | G23: =SUM(E23*60+F23) -> 0 | H23: =SUM(D23/G23*60) -> #DIV/0!
D24: =SUM(D3:D23) -> 1413 | I24: =SUM(I3:I23) -> 7099 | K24: =SUM(K3:K23) -> 1413 | L24: =SUM(L3:L23) -> 0
A25: Km total 2023 | B25: =SUM(Mar!B25+Avr!D24) -> 3500 | H25: =SUM(Mar!H25+Avr!I24) -> 15921 | K25: =SUM(Mar!K25+Avr!K24) -> 2264 | L25: =SUM(Mar!L25+Avr!L24) -> 1236
J27: Année 2021 | K27: 1843 | L27: 9688
J28: Année 2022 | K28: =SUM(Janv!K27) -> 2920 | L28: =SUM(Janv!L27) -> 6043
J29: KM total | K29: =SUM(K25+K27+K28) -> 7027 | L29: =SUM(L25+L27+L28) -> 16967

Sheet Mai
A1: Suivi Performances Mai | H1: =SUM(Janv!H1) -> 2023
A2: Dates | B2: Désignation Sorties | C2: Nb | D2: Distances | E2: Durées | H2: Vit. Moy. | I2: Dév + | J2: Remarques | K2: Brochard | L2: S1NEO
A3: 45052 | B3: Angers BRM 400 km | C3: 1 | D3: 400 | E3: 17 | F3: 56 | G3: =SUM(E3*60+F3) -> 1076 | H3: =SUM(D3/G3*60) -> 22.304833 | I3: 2142 | K3: 400
A4: 45059 | B4: Prépa BRM Avoine St Paterne | C4: 2 | D4: 157 | E4: 6 | F4: 42 | G4: =SUM(E4*60+F4) -> 402 | H4: =SUM(D4/G4*60) -> 23.432836 | I4: 639 | K4: 157
A5: 45062 | B5: Chinon Courléon Hommes Langeais | C5: 3 | D5: 107 | E5: 4 | F5: 10 | G5: =SUM(E5*60+F5) -> 250 | H5: =SUM(D5/G5*60) -> 25.68 | I5: 438 | K5: 107
A6: 45064 | B6: Prépa BRM Avoine Neuillé Pont Pierre | C6: 4 | D6: 165 | E6: 7 | F6: 11 | G6: =SUM(E6*60+F6) -> 431 | H6: =SUM(D6/G6*60) -> 22.969838 | I6: 727 | K6: 165
A7: 45066 | B7: Avoine Avrillé Langeais | C7: 5 | D7: 77 | E7: 3 | F7: 9 | G7: =SUM(E7*60+F7) -> 189 | H7: =SUM(D7/G7*60) -> 24.444444 | I7: 332 | K7: 77
A8: 45069 | B8: Prépa BRM Langeais Chinon IB Assay | C8: 6 | D8: 156 | E8: 6 | F8: 45 | G8: =SUM(E8*60+F8) -> 405 | H8: =SUM(D8/G8*60) -> 23.111111 | I8: 794 | K8: 156
A9: 45072 | B9: Angers BRM 600 Carhaix Bretagne | C9: 7 | D9: 601 | E9: 30 | F9: 18 | G9: =SUM(E9*60+F9) -> 1818 | H9: =SUM(D9/G9*60) -> 19.834983 | I9: 5500 | K9: 601
A10: 45076 | B10: Chinon Continvoir Courléon | C10: 8 | D10: 84 | E10: 3 | F10: 44 | G10: =SUM(E10*60+F10) -> 224 | H10: =SUM(D10/G10*60) -> 22.5 | I10: 365 | K10: 84
C11: 9 | G11: =SUM(E11*60+F11) -> 0 | H11: =SUM(D11/G11*60) -> #DIV/0!
C12: 10 | G12: =SUM(E12*60+F12) -> 0 | H12: =SUM(D12/G12*60) -> #DIV/0!
C13: 11 | G13: =SUM(E13*60+F13) -> 0 | H13: =SUM(D13/G13*60) -> #DIV/0!
C14: 12 | G14: =SUM(E14*60+F14) -> 0 | H14: =SUM(D14/G14*60) -> #DIV/0!
C15: 13 | G15: =SUM(E15*60+F15) -> 0 | H15: =SUM(D15/G15*60) -> #DIV/0!
C16: 14 | G16: =SUM(E16*60+F16) -> 0 | H16: =SUM(D16/G16*60) -> #DIV/0!
C17: 15 | G17: =SUM(E17*60+F17) -> 0 | H17: =SUM(D17/G17*60) -> #DIV/0!
C18: 16 | G18: =SUM(E18*60+F18) -> 0 | H18: =SUM(D18/G18*60) -> #DIV/0!
C19: 17 | G19: =SUM(E19*60+F19) -> 0 | H19: =SUM(D19/G19*60) -> #DIV/0!
C20: 18 | G20: =SUM(E20*60+F20) -> 0 | H20: =SUM(D20/G20*60) -> #DIV/0!
C21: 19 | G21: =SUM(E21*60+F21) -> 0 | H21: =SUM(D21/G21*60) -> #DIV/0!
C22: 20 | G22: =SUM(E22*60+F22) -> 0 | H22: =SUM(D22/G22*60) -> #DIV/0!
C23: 21 | G23: =SUM(E23*60+F23) -> 0 | H23: =SUM(D23/G23*60) -> #DIV/0!
D24: =SUM(D3:D23) -> 1747 | I24: =SUM(I3:I23) -> 10937 | K24: =SUM(K3:K23) -> 1747 | L24: =SUM(L3:L23) -> 0
A25: Km total 2023 | B25: =SUM(Avr!B25+Mai!D24) -> 5247 | H25: =SUM(Avr!H25+Mai!I24) -> 26858 | K25: =SUM(Avr!K25+Mai!K24) -> 4011 | L25: =SUM(Avr!L25+Mai!L24) -> 1236
J27: Année 2021 | K27: 1843 | L27: 9688
J28: Année 2022 | K28: =SUM(Janv!K27) -> 2920 | L28: =SUM(Janv!L27) -> 6043
J29: KM total | K29: =SUM(K25+K27+K28) -> 8774 | L29: =SUM(L25+L27+L28) -> 16967

Sheet Juin
A1: Suivi Performances Juin | H1: =SUM(Janv!H1) -> 2023
A2: Dates | B2: Désignation Sorties | C2: Nb | D2: Distances | E2: Durées | H2: Vit. Moy. | I2: Dév + | J2: Remarques | K2: Brochard | L2: S1NEO
A3: 45079 | B3: Alpes Laffrey Grenoble | C3: 1 | D3: 84 | E3: 4 | F3: 48 | G3: =SUM(E3*60+F3) -> 288 | H3: =SUM(D3/G3*60) -> 17.5 | I3: 2087 | J3: 2 Cols 1153 et 1370 m | K3: 84
A4: 45080 | B4: Alpes Col du Granon 2413 m | C4: 2 | D4: 41 | E4: 2 | F4: 58 | G4: =SUM(E4*60+F4) -> 178 | H4: =SUM(D4/G4*60) -> 13.820225 | I4: 1264 | J4: 1 Col 2413 m | K4: 41
A5: 45081 | B5: Alpes Lautaret et Galibier | C5: 3 | D5: 77 | E5: 4 | F5: 26 | G5: =SUM(E5*60+F5) -> 266 | H5: =SUM(D5/G5*60) -> 17.368421 | I5: 1675 | J5: 2 Cols 2058 et 2642 m | K5: 77
A6: 45082 | B6: Alpes Izoard | C6: 4 | D6: 84 | E6: 4 | F6: 48 | G6: =SUM(E6*60+F6) -> 288 | H6: =SUM(D6/G6*60) -> 17.5 | I6: 1458 | J6: 1 Col 2360 m | K6: 84
A7: 45083 | B7: Alpes Montée Alpe d'Huez | C7: 5 | D7: 35 | E7: 2 | F7: 28 | G7: =SUM(E7*60+F7) -> 148 | H7: =SUM(D7/G7*60) -> 14.189189 | I7: 1224 | K7: 35
A8: 45087 | B8: Avoine Saumur Vivy Brain | C8: 6 | D8: 71 | E8: 2 | F8: 40 | G8: =SUM(E8*60+F8) -> 160 | H8: =SUM(D8/G8*60) -> 26.625 | I8: 139 | K8: 71
A9: 45089 | B9: EGUZON | C9: 7 | D9: 51 | E9: 2 | F9: 44 | G9: =SUM(E9*60+F9) -> 164 | H9: =SUM(D9/G9*60) -> 18.658537 | I9: 752 | K9: 51
A10: 45090 | B10: EGUZON MAUPUY | C10: 8 | D10: 100 | E10: 5 | G10: =SUM(E10*60+F10) -> 300 | H10: =SUM(D10/G10*60) -> 20 | I10: 852 | K10: 100
A11: 45091 | B11: EGUZON Gargilesse | C11: 9 | D11: 91 | E11: 4 | F11: 35 | G11: =SUM(E11*60+F11) -> 275 | H11: =SUM(D11/G11*60) -> 19.854545 | I11: 1100 | K11: 91
A12: 45092 | B12: EGUZON CROZANT | C12: 10 | D12: 43 | E12: 2 | F12: 12 | G12: =SUM(E12*60+F12) -> 132 | H12: =SUM(D12/G12*60) -> 19.545455 | I12: 578 | K12: 43
A13: 45101 | B13: Avoine Les Essards Langeais | C13: 11 | D13: 67 | E13: 2 | F13: 56 | G13: =SUM(E13*60+F13) -> 176 | H13: =SUM(D13/G13*60) -> 22.840909 | I13: 332 | K13: 67
A14: 45102 | B14: Avoine Loulou Mamoue | C14: 12 | D14: 25 | E14: 1 | F14: 20 | G14: =SUM(E14*60+F14) -> 80 | H14: =SUM(D14/G14*60) -> 18.75 | I14: 33 | K14: 25
A15: 45104 | B15: Chinon La Chapelle Blanche | C15: 13 | D15: 140 | E15: 6 | F15: 10 | G15: =SUM(E15*60+F15) -> 370 | H15: =SUM(D15/G15*60) -> 22.702703 | I15: 757 | K15: 140
C16: 14 | G16: =SUM(E16*60+F16) -> 0 | H16: =SUM(D16/G16*60) -> #DIV/0!
C17: 15 | G17: =SUM(E17*60+F17) -> 0 | H17: =SUM(D17/G17*60) -> #DIV/0!
C18: 16 | G18: =SUM(E18*60+F18) -> 0 | H18: =SUM(D18/G18*60) -> #DIV/0!
C19: 17 | G19: =SUM(E19*60+F19) -> 0 | H19: =SUM(D19/G19*60) -> #DIV/0!
C20: 18 | G20: =SUM(E20*60+F20) -> 0 | H20: =SUM(D20/G20*60) -> #DIV/0!
C21: 19 | G21: =SUM(E21*60+F21) -> 0 | H21: =SUM(D21/G21*60) -> #DIV/0!
C22: 20 | G22: =SUM(E22*60+F22) -> 0 | H22: =SUM(D22/G22*60) -> #DIV/0!
C23: 21 | G23: =SUM(E23*60+F23) -> 0 | H23: =SUM(D23/G23*60) -> #DIV/0!
D24: =SUM(D3:D23) -> 909 | I24: =SUM(I3:I23) -> 12251 | K24: =SUM(K3:K23) -> 909 | L24: =SUM(L3:L23) -> 0
A25: Km total 2023 | B25: =SUM(Mai!B25+Juin!D24) -> 6156 | H25: =SUM(Mai!H25+Juin!I24) -> 39109 | K25: =SUM(Mai!K25+Juin!K24) -> 4920 | L25: =SUM(Mai!L25+Juin!L24) -> 1236
J27: Année 2021 | K27: 1843 | L27: 9688
J28: Année 2022 | K28: =SUM(Janv!K27) -> 2920 | L28: =SUM(Janv!L27) -> 6043
J29: KM total | K29: =SUM(K25+K27+K28) -> 9683 | L29: =SUM(L25+L27+L28) -> 16967

Sheet Juil
A1: Suivi Performances Juillet | H1: =SUM(Janv!H1) -> 2023
A2: Dates | B2: Désignation Sorties | C2: Nb | D2: Distances | E2: Durées | H2: Vit. Moy. | I2: Dév + | J2: Remarques | K2: Brochard | L2: S1NEO
A3: 45120 | B3: Chinon Turquant Monfort Roiffé | C3: 1 | D3: 100 | E3: 3 | F3: 55 | G3: =SUM(E3*60+F3) -> 235 | H3: =SUM(D3/G3*60) -> 25.531915 | I3: 500 | K3: 100
A4: 45122 | B4: Avoine Bournand Curçay Roiffé | C4: 2 | D4: 84 | E4: 3 | F4: 32 | G4: =SUM(E4*60+F4) -> 212 | H4: =SUM(D4/G4*60) -> 23.773585 | I4: 487 | K4: 84
A5: 45124 | B5: Rando été 2023 Etape 1 | C5: 3 | D5: 44 | E5: 2 | F5: 46 | G5: =SUM(E5*60+F5) -> 166 | H5: =SUM(D5/G5*60) -> 15.903614 | I5: 122 | J5: VTT + remorque
A6: 45125 | B6: Rando été 2023 Etape 2 | C6: 4 | D6: 49 | E6: 3 | F6: 45 | G6: =SUM(E6*60+F6) -> 225 | H6: =SUM(D6/G6*60) -> 13.066667 | I6: 197 | J6: VTT + remorque
A7: 45126 | B7: Rando été 2023 Etape 3 | C7: 5 | D7: 60 | E7: 4 | F7: 9 | G7: =SUM(E7*60+F7) -> 249 | H7: =SUM(D7/G7*60) -> 14.457831 | I7: 369 | J7: VTT + remorque
A8: 45127 | B8: Rando été 2023 Etape 4 | C8: 6 | D8: 66 | E8: 4 | F8: 20 | G8: =SUM(E8*60+F8) -> 260 | H8: =SUM(D8/G8*60) -> 15.230769 | I8: 180 | J8: VTT + remorque
A9: 45128 | B9: Rando été 2023 Etape 5 | C9: 7 | D9: 52 | E9: 3 | F9: 39 | G9: =SUM(E9*60+F9) -> 219 | H9: =SUM(D9/G9*60) -> 14.246575 | I9: 97 | J9: VTT + remorque
A10: 45129 | B10: Avoine Courchamp Chacé | C10: 8 | D10: 83 | E10: 3 | F10: 32 | G10: =SUM(E10*60+F10) -> 212 | H10: =SUM(D10/G10*60) -> 23.490566 | I10: 486 | K10: 83
A11: 45132 | B11: prépa PBP 2023 | C11: 9 | D11: 161 | E11: 6 | F11: 51 | G11: =SUM(E11*60+F11) -> 411 | H11: =SUM(D11/G11*60) -> 23.50365 | I11: 850 | J11: Vent fort | K11: 160
A12: 45134 | B12: prépa 2 PBP 2023 | C12: 10 | D12: 153 | E12: 6 | F12: 53 | G12: =SUM(E12*60+F12) -> 413 | H12: =SUM(D12/G12*60) -> 22.227603 | I12: 731 | J12: Vent fort | K12: 153
A13: 45136 | B13: AVOINE | C13: 11 | D13: 87 | E13: 3 | F13: 45 | G13: =SUM(E13*60+F13) -> 225 | H13: =SUM(D13/G13*60) -> 23.2 | I13: 376 | J13: Vent fort | K13: 87
A14: 45137 | B14: Avoine LOUIS | C14: 12 | D14: 12 | F14: 30 | G14: =SUM(E14*60+F14) -> 30 | H14: =SUM(D14/G14*60) -> 24 | I14: 26 | K14: 12
A15: 45138 | B15: prépa 3 PBP 2023 | C15: 13 | D15: 161 | E15: 7 | F15: 9 | G15: =SUM(E15*60+F15) -> 429 | H15: =SUM(D15/G15*60) -> 22.517483 | I15: 944 | J15: Vent fort | K15: 161
C16: 14 | G16: =SUM(E16*60+F16) -> 0 | H16: =SUM(D16/G16*60) -> #DIV/0!
C17: 15 | G17: =SUM(E17*60+F17) -> 0 | H17: =SUM(D17/G17*60) -> #DIV/0!
C18: 16 | G18: =SUM(E18*60+F18) -> 0 | H18: =SUM(D18/G18*60) -> #DIV/0!
C19: 17 | G19: =SUM(E19*60+F19) -> 0 | H19: =SUM(D19/G19*60) -> #DIV/0!
C20: 18 | G20: =SUM(E20*60+F20) -> 0 | H20: =SUM(D20/G20*60) -> #DIV/0!
C21: 19 | G21: =SUM(E21*60+F21) -> 0 | H21: =SUM(D21/G21*60) -> #DIV/0!
C22: 20 | G22: =SUM(E22*60+F22) -> 0 | H22: =SUM(D22/G22*60) -> #DIV/0!
C23: 21 | G23: =SUM(E23*60+F23) -> 0 | H23: =SUM(D23/G23*60) -> #DIV/0!
D24: =SUM(D3:D23) -> 1112 | I24: =SUM(I3:I23) -> 5365 | K24: =SUM(K3:K23) -> 840 | L24: =SUM(L3:L23) -> 0
A25: Km total 2023 | B25: =SUM(Juin!B25+Juil!D24) -> 7268 | H25: =SUM(Juin!H25+Juil!I24) -> 44474 | K25: =SUM(Juin!K25+Juil!K24) -> 5760 | L25: =SUM(Juin!L25+Juil!L24) -> 1236
J27: Année 2021 | K27: 1843 | L27: 9688
J28: Année 2022 | K28: =SUM(Janv!K27) -> 2920 | L28: =SUM(Janv!L27) -> 6043
J29: KM total | K29: =SUM(K25+K27+K28) -> 10523 | L29: =SUM(L25+L27+L28) -> 16967

Sheet Aout
A1: Suivi Performances Août | H1: =SUM(Janv!H1) -> 2023
A2: Dates | B2: Désignation Sorties | C2: Nb | D2: Distances | E2: Durées | H2: Vit. Moy. | I2: Dév + | J2: Remarques | K2: Brochard | L2: S1NEO
A3: 45143 | B3: Avoine sortie club | C3: 1 | D3: 55 | E3: 2 | F3: 24 | G3: =SUM(E3*60+F3) -> 144 | H3: =SUM(D3/G3*60) -> 22.916667 | I3: 331 | K3: 55
A4: 45145 | B4: Avoine Prépa 4 PBP | C4: 2 | D4: 141 | E4: 5 | F4: 44 | G4: =SUM(E4*60+F4) -> 344 | H4: =SUM(D4/G4*60) -> 24.593023 | I4: 759 | K4: 141
A5: 45148 | B5: Avoine Prépa 5 PBP | C5: 3 | D5: 206 | E5: 8 | F5: 30 | G5: =SUM(E5*60+F5) -> 510 | H5: =SUM(D5/G5*60) -> 24.235294 | I5: 1064 | K5: 206
A6: 45158 | B6: Rambouillet Fougères | C6: 4 | D6: 291 | E6: 13 | F6: 30 | G6: =SUM(E6*60+F6) -> 810 | H6: =SUM(D6/G6*60) -> 21.555556 | I6: 2573 | J6: PBP 2023 | K6: 291
A7: 45159 | B7: Fougères Loudéac | C7: 5 | D7: 143 | E7: 6 | F7: 9 | G7: =SUM(E7*60+F7) -> 369 | H7: =SUM(D7/G7*60) -> 23.252033 | I7: 1309 | J7: PBP 2023 | K7: 143
A8: 45159 | B8: Loudéac Carhaix | C8: 6 | D8: 80 | E8: 3 | F8: 47 | G8: =SUM(E8*60+F8) -> 227 | H8: =SUM(D8/G8*60) -> 21.145374 | I8: 860 | J8: PBP 2023 | K8: 80
A9: 45160 | B9: Carhaix Brest Tinténiac | C9: 7 | D9: 353 | E9: 16 | F9: 20 | G9: =SUM(E9*60+F9) -> 980 | H9: =SUM(D9/G9*60) -> 21.612245 | I9: 3999 | J9: PBP 2023 | K9: 353
A10: 45161 | B10: Tinténiac Vilaines la Juhel Mortagne | C10: 8 | D10: 232 | E10: 13 | F10: 20 | G10: =SUM(E10*60+F10) -> 800 | H10: =SUM(D10/G10*60) -> 17.4 | I10: 1671 | J10: PBP 2023 | K10: 232
A11: 45161 | B11: Mortagne Dreux Rambouillet | C11: 9 | D11: 120 | E11: 6 | F11: 40 | G11: =SUM(E11*60+F11) -> 400 | H11: =SUM(D11/G11*60) -> 18 | I11: 993 | J11: PBP 2023 | K11: 120
A12: 45169 | B12: Chinon 3 Moutiers Berry Epieds | C12: 10 | D12: 80 | E12: 3 | F12: 30 | G12: =SUM(E12*60+F12) -> 210 | H12: =SUM(D12/G12*60) -> 22.857143 | I12: 326 | L12: 80
C13: 11 | G13: =SUM(E13*60+F13) -> 0 | H13: =SUM(D13/G13*60) -> #DIV/0!
C14: 12 | G14: =SUM(E14*60+F14) -> 0 | H14: =SUM(D14/G14*60) -> #DIV/0!
C15: 13 | G15: =SUM(E15*60+F15) -> 0 | H15: =SUM(D15/G15*60) -> #DIV/0!
C16: 14 | G16: =SUM(E16*60+F16) -> 0 | H16: =SUM(D16/G16*60) -> #DIV/0!
C17: 15 | G17: =SUM(E17*60+F17) -> 0 | H17: =SUM(D17/G17*60) -> #DIV/0!
C18: 16 | G18: =SUM(E18*60+F18) -> 0 | H18: =SUM(D18/G18*60) -> #DIV/0!
C19: 17 | G19: =SUM(E19*60+F19) -> 0 | H19: =SUM(D19/G19*60) -> #DIV/0!
C20: 18 | G20: =SUM(E20*60+F20) -> 0 | H20: =SUM(D20/G20*60) -> #DIV/0!
C21: 19 | G21: =SUM(E21*60+F21) -> 0 | H21: =SUM(D21/G21*60) -> #DIV/0!
C22: 20 | G22: =SUM(E22*60+F22) -> 0 | H22: =SUM(D22/G22*60) -> #DIV/0!
C23: 21 | G23: =SUM(E23*60+F23) -> 0 | H23: =SUM(D23/G23*60) -> #DIV/0!
I24: =SUM(I3:I23) -> 13885 | K24: =SUM(K1:K23) -> 1621 | L24: =SUM(L1:L23) -> 80
D25: =SUM(D3:D24) -> 1701 | H25: =SUM(Juil!H25+Aout!I24) -> 58359 | K25: =SUM(Juil!K25+Aout!K24) -> 7381 | L25: =SUM(Juil!L25+Aout!L24) -> 1316
A26: Km total 2023 | B26: =SUM(Juil!B25+Aout!D25) -> 8969
J27: Année 2021 | K27: 1843 | L27: 9688
J28: Année 2022 | K28: =SUM(Janv!K27) -> 2920 | L28: =SUM(Janv!L27) -> 6043
J29: KM total | K29: =SUM(K25+K27+K28) -> 12144 | L29: =SUM(L25+L27+L28) -> 17047

Sheet Feuil1

Sheet Sept
A1: Suivi Performances Septembre | H1: =SUM(Janv!H1) -> 2023
A2: Dates | B2: Désignation Sorties | C2: Nb | D2: Distances | E2: Durées | H2: Vit. Moy. | I2: Dév + | J2: Remarques | K2: Brochard | L2: S1NEO
A3: 45174 | B3: Baie de somme | C3: 1 | D3: 25 | E3: 1 | F3: 38 | G3: =SUM(E3*60+F3) -> 98 | H3: =SUM(D3/G3*60) -> 15.306122 | I3: 86 | K3: 25
A4: 45176 | B4: Baie de somme | C4: 2 | D4: 56 | E4: 3 | F4: 15 | G4: =SUM(E4*60+F4) -> 195 | H4: =SUM(D4/G4*60) -> 17.230769 | I4: 87 | K4: 56
A5: 45179 | B5: Baie de somme | C5: 3 | D5: 10 | F5: 34 | G5: =SUM(E5*60+F5) -> 34 | H5: =SUM(D5/G5*60) -> 17.647059 | I5: 50 | K5: 10
A6: 45182 | B6: Cayeux sur mer | C6: 2 | D6: 32 | E6: 2 | F6: 4 | G6: =SUM(E6*60+F6) -> 124 | H6: =SUM(D6/G6*60) -> 15.483871 | I6: 120 | K6: 32
A7: 45183 | B7: Ault Tréport | C7: 5 | D7: 34 | E7: 2 | F7: 40 | G7: =SUM(E7*60+F7) -> 160 | H7: =SUM(D7/G7*60) -> 12.75 | I7: 443 | K7: 34
A8: 45188 | B8: Chinon St epain Azay | C8: 6 | D8: 90 | E8: 3 | F8: 56 | G8: =SUM(E8*60+F8) -> 236 | H8: =SUM(D8/G8*60) -> 22.881356 | I8: 443 | L8: 90
A9: 45192 | B9: Avoine Fontevraud Meigné Distré | C9: 7 | D9: 81 | E9: 3 | F9: 28 | G9: =SUM(E9*60+F9) -> 208 | H9: =SUM(D9/G9*60) -> 23.365385 | I9: 490 | L9: 81
A10: 45195 | B10: Chinon Epenne Maulay Pouant | C10: 8 | D10: 98 | E10: 4 | F10: 2 | G10: =SUM(E10*60+F10) -> 242 | H10: =SUM(D10/G10*60) -> 24.297521 | I10: 542 | L10: 98
A11: 45197 | B11: Chinon St Epain SachéAzay | C11: 9 | D11: 92 | E11: 3 | F11: 48 | G11: =SUM(E11*60+F11) -> 228 | H11: =SUM(D11/G11*60) -> 24.210526 | I11: 527 | L11: 92
A12: 45199 | B12: Avoine Marçay Richelieu Tour St gelin | C12: 10 | D12: 73 | E12: 3 | F12: 15 | G12: =SUM(E12*60+F12) -> 195 | H12: =SUM(D12/G12*60) -> 22.461538 | I12: 465 | L12: 73
C13: 11 | G13: =SUM(E13*60+F13) -> 0 | H13: =SUM(D13/G13*60) -> #DIV/0!
C14: 12 | G14: =SUM(E14*60+F14) -> 0 | H14: =SUM(D14/G14*60) -> #DIV/0!
C15: 13 | G15: =SUM(E15*60+F15) -> 0 | H15: =SUM(D15/G15*60) -> #DIV/0!
C16: 14 | G16: =SUM(E16*60+F16) -> 0 | H16: =SUM(D16/G16*60) -> #DIV/0!
C17: 15 | G17: =SUM(E17*60+F17) -> 0 | H17: =SUM(D17/G17*60) -> #DIV/0!
C18: 16 | G18: =SUM(E18*60+F18) -> 0 | H18: =SUM(D18/G18*60) -> #DIV/0!
C19: 17 | G19: =SUM(E19*60+F19) -> 0 | H19: =SUM(D19/G19*60) -> #DIV/0!
C20: 18 | G20: =SUM(E20*60+F20) -> 0 | H20: =SUM(D20/G20*60) -> #DIV/0!
C21: 19 | G21: =SUM(E21*60+F21) -> 0 | H21: =SUM(D21/G21*60) -> #DIV/0!
C22: 20 | G22: =SUM(E22*60+F22) -> 0 | H22: =SUM(D22/G22*60) -> #DIV/0!
C23: 21 | G23: =SUM(E23*60+F23) -> 0 | H23: =SUM(D23/G23*60) -> #DIV/0!
D24: =SUM(D3:D23) -> 591 | I24: =SUM(I3:I23) -> 3253 | K24: =SUM(K1:K23) -> 157 | L24: =SUM(L1:L23) -> 434
A25: Km total 2023 | B25: =SUM(Aout!B26+Sept!D24) -> 9560 | H25: =SUM(Aout!H25+Sept!I24) -> 61612 | K25: =SUM(Aout!K25+Sept!K24) -> 7538 | L25: =SUM(Aout!L25+Sept!L24) -> 1750
J27: Année 2021 | K27: 1843 | L27: 9688
J28: Année 2022 | K28: =SUM(Janv!K27) -> 2920 | L28: =SUM(Janv!L27) -> 6043
J29: KM total | K29: =SUM(K25+K27+K28) -> 12301 | L29: =SUM(L25+L27+L28) -> 17481

Sheet Oct
A1: Suivi Performances Octobre | H1: =SUM(Janv!H1) -> 2023
A2: Dates | B2: Désignation Sorties | C2: Nb | D2: Distances | E2: Durées | H2: Vit. Moy. | I2: Dév + | J2: Remarques | K2: Brochard | L2: S1NEO
A3: 45200 | B3: Avoine Balade Loulou et Lulu | C3: 1 | D3: 35 | E3: 2 | F3: 9 | G3: =SUM(E3*60+F3) -> 129 | H3: =SUM(D3/G3*60) -> 16.27907 | I3: 142
A4: 45209 | B4: Chinon IB Luzé Marcilly IB | C4: 2 | D4: 89 | E4: 3 | F4: 47 | G4: =SUM(E4*60+F4) -> 227 | H4: =SUM(D4/G4*60) -> 23.524229 | I4: 307 | L4: 89
A5: 45211 | B5: Chinon Champigny Rou Forges Montreuil | C5: 3 | D5: 105 | E5: 4 | F5: 13 | G5: =SUM(E5*60+F5) -> 253 | H5: =SUM(D5/G5*60) -> 24.901186 | I5: 537 | L5: 105
A6: 45213 | B6: Avoine La Breille Blou Allonnes | C6: 4 | D6: 75 | E6: 3 | F6: 3 | G6: =SUM(E6*60+F6) -> 183 | H6: =SUM(D6/G6*60) -> 24.590164 | I6: 367 | L6: 75
A7: 45216 | B7: Chinon Villeperdue Courtineau | C7: 5 | D7: 102 | E7: 3 | F7: 47 | G7: =SUM(E7*60+F7) -> 227 | H7: =SUM(D7/G7*60) -> 26.960352 | I7: 490 | L7: 102
A8: 45218 | B8: Chinon St Léger Insay Roiffé | C8: 6 | D8: 87 | E8: 3 | F8: 42 | G8: =SUM(E8*60+F8) -> 222 | H8: =SUM(D8/G8*60) -> 23.513514 | I8: 524 | L8: 87
A9: 45220 | B9: Avoine 3 Moutiers Douvy | C9: 7 | D9: 76 | E9: 2 | F9: 55 | G9: =SUM(E9*60+F9) -> 175 | H9: =SUM(D9/G9*60) -> 26.057143 | I9: 449 | L9: 76
A10: 45230 | B10: Chinon Saumur Meigné balloire | C10: 8 | D10: 110 | E10: 4 | F10: 16 | G10: =SUM(E10*60+F10) -> 256 | H10: =SUM(D10/G10*60) -> 25.78125 | I10: 496 | L10: 110
C11: 9 | G11: =SUM(E11*60+F11) -> 0 | H11: =SUM(D11/G11*60) -> #DIV/0!
C12: 10 | G12: =SUM(E12*60+F12) -> 0 | H12: =SUM(D12/G12*60) -> #DIV/0!
C13: 11 | G13: =SUM(E13*60+F13) -> 0 | H13: =SUM(D13/G13*60) -> #DIV/0!
C14: 12 | G14: =SUM(E14*60+F14) -> 0 | H14: =SUM(D14/G14*60) -> #DIV/0!
C15: 13 | G15: =SUM(E15*60+F15) -> 0 | H15: =SUM(D15/G15*60) -> #DIV/0!
C16: 14 | G16: =SUM(E16*60+F16) -> 0 | H16: =SUM(D16/G16*60) -> #DIV/0!
C17: 15 | G17: =SUM(E17*60+F17) -> 0 | H17: =SUM(D17/G17*60) -> #DIV/0!
C18: 16 | G18: =SUM(E18*60+F18) -> 0 | H18: =SUM(D18/G18*60) -> #DIV/0!
C19: 17 | G19: =SUM(E19*60+F19) -> 0 | H19: =SUM(D19/G19*60) -> #DIV/0!
C20: 18 | G20: =SUM(E20*60+F20) -> 0 | H20: =SUM(D20/G20*60) -> #DIV/0!
C21: 19 | G21: =SUM(E21*60+F21) -> 0 | H21: =SUM(D21/G21*60) -> #DIV/0!
C22: 20 | G22: =SUM(E22*60+F22) -> 0 | H22: =SUM(D22/G22*60) -> #DIV/0!
C23: 21 | G23: =SUM(E23*60+F23) -> 0 | H23: =SUM(D23/G23*60) -> #DIV/0!
D24: =SUM(D3:D23) -> 679 | I24: =SUM(I3:I23) -> 3312 | K24: =SUM(K1:K23) -> 0 | L24: =SUM(L1:L23) -> 644
A25: Km total 2023 | B25: =SUM(Sept!B25+Oct!D24) -> 10239 | H25: =SUM(Sept!H25+Oct!I24) -> 64924 | K25: =SUM(Sept!K25+Oct!K24) -> 7538 | L25: =SUM(Sept!L25+Oct!L24) -> 2394
J27: Année 2021 | K27: 1843 | L27: 9688
J28: Année 2022 | K28: =SUM(Janv!K27) -> 2920 | L28: =SUM(Janv!L27) -> 6043
J29: KM total | K29: =SUM(K25+K27+K28) -> 12301 | L29: =SUM(L25+L27+L28) -> 18125

Sheet Nov
A1: Suivi Performances Novembre | H1: =SUM(Janv!H1) -> 2023
A2: Dates | B2: Désignation Sorties | C2: Nb | D2: Distances | E2: Durées | H2: Vit. Moy. | I2: Dév + | J2: Remarques | K2: Brochard | L2: S1NEO
A3: 45237 | B3: Chinon St Cyr Balloire Bournand | C3: 1 | D3: 84 | E3: 3 | F3: 32 | G3: =SUM(E3*60+F3) -> 212 | H3: =SUM(D3/G3*60) -> 23.773585 | I3: 398 | L3: 84
A4: 45239 | B4: Avoine Turquant | C4: 2 | D4: 36 | E4: 1 | F4: 35 | G4: =SUM(E4*60+F4) -> 95 | H4: =SUM(D4/G4*60) -> 22.736842 | I4: 145 | L4: 36
A5: 45244 | B5: Chinon Chaintre Balloire Roiffé | C5: 3 | D5: 86 | E5: 3 | F5: 41 | G5: =SUM(E5*60+F5) -> 221 | H5: =SUM(D5/G5*60) -> 23.348416 | I5: 470 | L5: 86
A6: 45247 | B6: Avoine la Breille Allonnes | C6: 4 | D6: 66 | E6: 2 | F6: 50 | G6: =SUM(E6*60+F6) -> 170 | H6: =SUM(D6/G6*60) -> 23.294118 | I6: 314 | L6: 66
A7: 45248 | B7: Avoine Ceaux Maulay Bournand | C7: 5 | D7: 71 | E7: 3 | F7: 9 | G7: =SUM(E7*60+F7) -> 189 | H7: =SUM(D7/G7*60) -> 22.539683 | I7: 374 | L7: 71
A8: 45251 | B8: Avoine Bourgueil les Loges | C8: 6 | D8: 58 | E8: 2 | F8: 28 | G8: =SUM(E8*60+F8) -> 148 | H8: =SUM(D8/G8*60) -> 23.513514 | I8: 270 | L8: 58
A9: 45255 | B9: Avoine Courléon La Breille | C9: 7 | D9: 68 | E9: 3 | F9: 5 | G9: =SUM(E9*60+F9) -> 185 | H9: =SUM(D9/G9*60) -> 22.054054 | I9: 391 | L9: 68
A10: 45258 | B10: Chinon Ingrandes Langeais | C10: 8 | D10: 82 | E10: 3 | F10: 32 | G10: =SUM(E10*60+F10) -> 212 | H10: =SUM(D10/G10*60) -> 23.207547 | I10: 306 | L10: 82
A11: 45260 | B11: Chinon Fontevraud Bournand Ceaux | C11: 9 | D11: 82 | E11: 3 | F11: 36 | G11: =SUM(E11*60+F11) -> 216 | H11: =SUM(D11/G11*60) -> 22.777778 | I11: 492 | L11: 82
C12: 10 | G12: =SUM(E12*60+F12) -> 0 | H12: =SUM(D12/G12*60) -> #DIV/0!
C13: 3 | G13: =SUM(E13*60+F13) -> 0 | H13: =SUM(D13/G13*60) -> #DIV/0!
C14: 12 | G14: =SUM(E14*60+F14) -> 0 | H14: =SUM(D14/G14*60) -> #DIV/0!
C15: 13 | G15: =SUM(E15*60+F15) -> 0 | H15: =SUM(D15/G15*60) -> #DIV/0!
C16: 14 | G16: =SUM(E16*60+F16) -> 0 | H16: =SUM(D16/G16*60) -> #DIV/0!
C17: 15 | G17: =SUM(E17*60+F17) -> 0 | H17: =SUM(D17/G17*60) -> #DIV/0!
C18: 16 | G18: =SUM(E18*60+F18) -> 0 | H18: =SUM(D18/G18*60) -> #DIV/0!
C19: 17 | G19: =SUM(E19*60+F19) -> 0 | H19: =SUM(D19/G19*60) -> #DIV/0!
C20: 18 | G20: =SUM(E20*60+F20) -> 0 | H20: =SUM(D20/G20*60) -> #DIV/0!
C21: 19 | G21: =SUM(E21*60+F21) -> 0 | H21: =SUM(D21/G21*60) -> #DIV/0!
C22: 20 | G22: =SUM(E22*60+F22) -> 0 | H22: =SUM(D22/G22*60) -> #DIV/0!
C23: 21 | G23: =SUM(E23*60+F23) -> 0 | H23: =SUM(D23/G23*60) -> #DIV/0!
D24: =SUM(D3:D23) -> 633 | I24: =SUM(I3:I23) -> 3160 | K24: =SUM(K1:K23) -> 0 | L24: =SUM(L1:L23) -> 633
A25: Km total 2023 | B25: =SUM(Oct!B25+Nov!D24) -> 10872 | H25: =SUM(Oct!H25+Nov!I24) -> 68084 | K25: =SUM(Oct!K25+Nov!K24) -> 7538 | L25: =SUM(Oct!L25+Nov!L24) -> 3027
J27: Année 2021 | K27: 1843 | L27: 9688
J28: Année 2022 | K28: =SUM(Janv!K27) -> 2920 | L28: =SUM(Janv!L27) -> 6043
J29: KM total | K29: =SUM(K25+K27+K28) -> 12301 | L29: =SUM(L25+L27+L28) -> 18758

Sheet Déc
A1: Suivi Performances Décembre | H1: =SUM(Janv!H1) -> 2023
A2: Dates | B2: Désignation Sorties | C2: Nb | D2: Distances | E2: Durées | H2: Vit. Moy. | I2: Dév + | J2: Remarques | K2: Brochard | L2: S1NEO
A3: 45265 | B3: Chinon Fontevraud Chacé Balloire Roiffé | C3: 1 | D3: 86 | E3: 3 | F3: 33 | G3: =SUM(E3*60+F3) -> 213 | H3: =SUM(D3/G3*60) -> 24.225352 | I3: 398 | L3: 86
A4: 45276 | B4: Avoine Bourgueil Les Essarts Langeais | C4: 2 | D4: 71 | E4: 3 | F4: 9 | G4: =SUM(E4*60+F4) -> 189 | H4: =SUM(D4/G4*60) -> 22.539683 | I4: 354 | L4: 71
A5: 45279 | B5: Chinon Chacé Saix Roiffé | C5: 3 | D5: 78 | E5: 3 | F5: 22 | G5: =SUM(E5*60+F5) -> 202 | H5: =SUM(D5/G5*60) -> 23.168317 | I5: 415 | L5: 78
A6: 45283 | B6: Avoine Saumur Les ulmes Le Coudray | C6: 4 | D6: 74 | E6: 3 | F6: 8 | G6: =SUM(E6*60+F6) -> 188 | H6: =SUM(D6/G6*60) -> 23.617021 | I6: 373 | L6: 74
A7: 45286 | B7: Chinon Champigny Saix Roiffé | C7: 5 | D7: 89 | E7: 3 | F7: 36 | G7: =SUM(E7*60+F7) -> 216 | H7: =SUM(D7/G7*60) -> 24.722222 | I7: 435 | L7: 89
A8: 45288 | B8: Avoine St Cyr Morton Fontevraud | C8: 6 | D8: 63 | E8: 2 | F8: 43 | G8: =SUM(E8*60+F8) -> 163 | H8: =SUM(D8/G8*60) -> 23.190184 | I8: 426 | L8: 63
C9: 7 | G9: =SUM(E9*60+F9) -> 0 | H9: =SUM(D9/G9*60) -> #DIV/0!
C10: 8 | G10: =SUM(E10*60+F10) -> 0 | H10: =SUM(D10/G10*60) -> #DIV/0!
C11: 9 | G11: =SUM(E11*60+F11) -> 0 | H11: =SUM(D11/G11*60) -> #DIV/0!
C12: 10 | G12: =SUM(E12*60+F12) -> 0 | H12: =SUM(D12/G12*60) -> #DIV/0!
C13: 11 | G13: =SUM(E13*60+F13) -> 0 | H13: =SUM(D13/G13*60) -> #DIV/0!
C14: 12 | G14: =SUM(E14*60+F14) -> 0 | H14: =SUM(D14/G14*60) -> #DIV/0!
C15: 13 | G15: =SUM(E15*60+F15) -> 0 | H15: =SUM(D15/G15*60) -> #DIV/0!
C16: 14 | G16: =SUM(E16*60+F16) -> 0 | H16: =SUM(D16/G16*60) -> #DIV/0!
C17: 15 | G17: =SUM(E17*60+F17) -> 0 | H17: =SUM(D17/G17*60) -> #DIV/0!
C18: 16 | G18: =SUM(E18*60+F18) -> 0 | H18: =SUM(D18/G18*60) -> #DIV/0!
C19: 17 | G19: =SUM(E19*60+F19) -> 0 | H19: =SUM(D19/G19*60) -> #DIV/0!
C20: 18 | G20: =SUM(E20*60+F20) -> 0 | H20: =SUM(D20/G20*60) -> #DIV/0!
... C22: 20 | G22: =SUM(E22*60+F22) -> 0 | H22: =SUM(D22/G22*60) -> #DIV/0!
G23: =SUM(E23*60+F23) -> 0 | H23: =SUM(D23/G23*60) -> #DIV/0!
D24: =SUM(D3:D23) -> 461 | I24: =SUM(I3:I23) -> 2401 | K24: =SUM(K1:K23) -> 0 | L24: =SUM(L1:L23) -> 461
A25: Km total 2023 | B25: =SUM(Nov!B25+Déc!D24) -> 11333 | H25: =SUM(Nov!H25+Déc!I24) -> 70485 | K25: =SUM(Nov!K25+Déc!K24) -> 7538 | L25: =SUM(Nov!L25+Déc!L24) -> 3488
J27: Année 2021 | K27: 1843 | L27: 9688
J28: Année 2022 | K28: =SUM(Janv!K27) -> 2920 | L28: =SUM(Janv!L27) -> 6043
J29: KM total | K29: =SUM(K25+K27+K28) -> 12301 | L29: =SUM(L25+L27+L28) -> 19219
