Workbook

Sheet Janv
A1: Suivi Performances Janvier 2017
A2: Dates | B2: Désignation Sorties | C2: Nb | D2: Distances | E2: Durées | H2: Vit. Moy. | I2: Remarques
A3: 42738 | B3: Avoine St Epain Mont Azay | C3: 1 | D3: 73.8 | E3: 3 | F3: 11 | G3: =SUM(E3*60+F3) -> 191 | H3: =SUM(D3/G3*60) -> 23.183246 | I3: Froid
A4: 42740 | B4: Chinon ingrande Avrillé Gizeux | C4: 2 | D4: 90.2 | E4: 3 | F4: 36 | G4: =SUM(E4*60+F4) -> 216 | H4: =SUM(D4/G4*60) -> 25.055556
A5: 42745 | B5: ChinonCourléon La Breille Allonnes | C5: 3 | D5: 92 | E5: 3 | F5: 47 | G5: =SUM(E5*60+F5) -> 227 | H5: =SUM(D5/G5*60) -> 24.317181
A6: 42749 | B6: Avoine Les Loges Blou Allonnes | C6: 4 | D6: 72.3 | E6: 2 | F6: 48 | G6: =SUM(E6*60+F6) -> 168 | H6: =SUM(D6/G6*60) -> 25.821429 | I6: Froid
A7: 42752 | B7: Chinon Benais Langeais Bréhémont | C7: 5 | D7: 90.7 | E7: 3 | F7: 54 | G7: =SUM(E7*60+F7) -> 234 | H7: =SUM(D7/G7*60) -> 23.25641 | I7: Froid
A8: 42754 | B8: Avoine Chinon St Benoit Cravant Rivarenne | C8: 6 | D8: 81.4 | E8: 3 | F8: 23 | G8: =SUM(E8*60+F8) -> 203 | H8: =SUM(D8/G8*60) -> 24.059113 | I8: Seul Très froid
A9: 42759 | B9: Chinon richelieu St benoit Rigny | C9: 7 | D9: 90.5 | E9: 3 | F9: 47 | G9: =SUM(E9*60+F9) -> 227 | H9: =SUM(D9/G9*60) -> 23.920705 | I9: Très froid
A10: 42761 | B10: Chinon St Epain Noyant Pouzay | C10: 8 | D10: 102.3 | E10: 4 | F10: 2 | G10: =SUM(E10*60+F10) -> 242 | H10: =SUM(D10/G10*60) -> 25.363636
A11: 42763 | B11: Avoine Basse Insay Saix | C11: 9 | D11: 73.2 | E11: 3 | F11: 1 | G11: =SUM(E11*60+F11) -> 181 | H11: =SUM(D11/G11*60) -> 24.265193
C12: 10 | G12: =SUM(E12*60+F12) -> 0 | H12: =SUM(D12/G12*60) -> #DIV/0!
C13: 11 | G13: =SUM(E13*60+F13) -> 0 | H13: =SUM(D13/G13*60) -> #DIV/0!
C14: 12 | G14: =SUM(E14*60+F14) -> 0 | H14: =SUM(D14/G14*60) -> #DIV/0!
C15: 13 | G15: =SUM(E15*60+F15) -> 0 | H15: =SUM(D15/G15*60) -> #DIV/0!
C16: 14 | G16: =SUM(E16*60+F16) -> 0 | H16: =SUM(D16/G16*60) -> #DIV/0!
C17: 15 | G17: =SUM(E17*60+F17) -> 0 | H17: =SUM(D17/G17*60) -> #DIV/0!
C18: 16 | G18: =SUM(E18*60+F18) -> 0 | H18: =SUM(D18/G18*60) -> #DIV/0!
C19: 17 | G19: =SUM(E19*60+F19) -> 0 | H19: =SUM(D19/G19*60) -> #DIV/0!
C20: 18 | G20: =SUM(E20*60+F20) -> 0 | H20: =SUM(D20/G20*60) -> #DIV/0!
C21: 19 | G21: =SUM(E21*60+F21) -> 0 | H21: =SUM(D21/G21*60) -> #DIV/0!
C22: 20 | G22: =SUM(E22*60+F22) -> 0 | H22: =SUM(D22/G22*60) -> #DIV/0!
G23: =SUM(E23*60+F23) -> 0 | H23: =SUM(D23/G23*60) -> #DIV/0!
D24: =SUM(D3:D23) -> 766.4
B25: =SUM(D24+0) -> 766.4

Sheet Fév
A1: Suivi Performances Février 2017
A2: Dates | B2: Désignation Sorties | C2: Nb | D2: Distances | E2: Durées | H2: Vit. Moy. | I2: Remarques
A3: 42772 | B3: Avoine Langeais Bourgueil | C3: 1 | D3: 75.3 | E3: 3 | F3: 6 | G3: =SUM(E3*60+F3) -> 186 | H3: =SUM(D3/G3*60) -> 24.290323
A4: 42773 | B4: Chinon Bourgueil Vernoil Brain Candes | C4: 2 | D4: 89.4 | E4: 3 | F4: 40 | G4: =SUM(E4*60+F4) -> 220 | H4: =SUM(D4/G4*60) -> 24.381818
A5: 42775 | B5: Chinon St Benoit Rivarenne Vilaine Nueil Crozilles | C5: 3 | D5: 100.8 | E5: 4 | F5: 3 | G5: =SUM(E5*60+F5) -> 243 | H5: =SUM(D5/G5*60) -> 24.888889
A6: 42776 | B6: Avoine Brain | C6: 4 | D6: 46.8 | E6: 1 | F6: 59 | G6: =SUM(E6*60+F6) -> 119 | H6: =SUM(D6/G6*60) -> 23.596639
A7: 42777 | B7: Avoine Langeais Avrille Benais | C7: 5 | D7: 69 | E7: 2 | F7: 53 | G7: =SUM(E7*60+F7) -> 173 | H7: =SUM(D7/G7*60) -> 23.930636
A8: 42780 | B8: Avoine 3Moutiers Arçay Rossay | C8: 6 | D8: 93.6 | E8: 3 | F8: 41 | G8: =SUM(E8*60+F8) -> 221 | H8: =SUM(D8/G8*60) -> 25.411765 | I8: Seul et vent
A9: 42782 | B9: Chinon Souzay Chacé Montreuil Roiffé | C9: 7 | D9: 95.3 | E9: 3 | F9: 47 | G9: =SUM(E9*60+F9) -> 227 | H9: =SUM(D9/G9*60) -> 25.189427
A10: 42784 | B10: Avoine Rivarenne Saché Nueil Panzoult | C10: 8 | D10: 77 | E10: 3 | F10: 10 | G10: =SUM(E10*60+F10) -> 190 | H10: =SUM(D10/G10*60) -> 24.315789
A11: 42787 | B11: Chinon ingrande Les Essarts Gizeux | C11: 9 | D11: 101.3 | E11: 4 | F11: 4 | G11: =SUM(E11*60+F11) -> 244 | H11: =SUM(D11/G11*60) -> 24.909836
A12: 42789 | B12: Chinon Couziers Lerné | C12: 10 | D12: 96.3 | E12: 3 | F12: 44 | G12: =SUM(E12*60+F12) -> 224 | H12: =SUM(D12/G12*60) -> 25.794643
A13: 42791 | B13: Avoine Basse Insay SaixCandes | C13: 11 | D13: 75.3 | E13: 3 | F13: 15 | G13: =SUM(E13*60+F13) -> 195 | H13: =SUM(D13/G13*60) -> 23.169231
A14: 42794 | C14: 12 | D14: 0 | G14: =SUM(E14*60+F14) -> 0 | H14: =SUM(D14/G14*60) -> #DIV/0! | I14: Tempète
C15: 13 | G15: =SUM(E15*60+F15) -> 0 | H15: =SUM(D15/G15*60) -> #DIV/0!
C16: 14 | G16: =SUM(E16*60+F16) -> 0 | H16: =SUM(D16/G16*60) -> #DIV/0!
C17: 15 | G17: =SUM(E17*60+F17) -> 0 | H17: =SUM(D17/G17*60) -> #DIV/0!
C18: 16 | G18: =SUM(E18*60+F18) -> 0 | H18: =SUM(D18/G18*60) -> #DIV/0!
C19: 17 | G19: =SUM(E19*60+F19) -> 0 | H19: =SUM(D19/G19*60) -> #DIV/0!
C20: 18 | G20: =SUM(E20*60+F20) -> 0 | H20: =SUM(D20/G20*60) -> #DIV/0!
C21: 19 | G21: =SUM(E21*60+F21) -> 0 | H21: =SUM(D21/G21*60) -> #DIV/0!
C22: 20 | G22: =SUM(E22*60+F22) -> 0 | H22: =SUM(D22/G22*60) -> #DIV/0!
G23: =SUM(E23*60+F23) -> 0 | H23: =SUM(D23/G23*60) -> #DIV/0!
D24: =SUM(D3:D23) -> 920.1
B25: =SUM(Janv!B25+Fév!D24) -> 1686.5 | C25: =SUM(Janv!E24+Fév!E24) -> 0

Sheet Mar
A1: Suivi Performances Mars 2017
A2: Dates | B2: Désignation Sorties | C2: Nb | D2: Distances | E2: Durées | H2: Vit. Moy. | I2: Remarques
A3: 42796 | B3: Avoine Ligré Lémeré Tour St Gelin IB | C3: 1 | D3: 75.5 | E3: 2 | F3: 57 | G3: =SUM(E3*60+F3) -> 177 | H3: =SUM(D3/G3*60) -> 25.59322 | I3: Seul
A4: 42798 | B4: Avoine Roiffé Montreuil Fontevraud | C4: 2 | D4: 82.7 | E4: 3 | F4: 32 | G4: =SUM(E4*60+F4) -> 212 | H4: =SUM(D4/G4*60) -> 23.40566
A5: 42799 | B5: Rencontre cyclo 37 Avoine | C5: 3 | D5: 19.7 | E5: 0 | F5: 52 | G5: =SUM(E5*60+F5) -> 52 | H5: =SUM(D5/G5*60) -> 22.730769
A6: 42801 | B6: Chinon Turquant Fontevraud Lerné | C6: 4 | D6: 64 | E6: 2 | F6: 45 | G6: =SUM(E6*60+F6) -> 165 | H6: =SUM(D6/G6*60) -> 23.272727
A7: 42803 | B7: Chinon Vernoil gizeux Benais Huismes | C7: 5 | D7: 110 | E7: 4 | F7: 26 | G7: =SUM(E7*60+F7) -> 266 | H7: =SUM(D7/G7*60) -> 24.81203
A8: 42805 | B8: Avoine Rivarenne Azay Saché Crissay Chinon | C8: 6 | D8: 75 | E8: 2 | F8: 59 | G8: =SUM(E8*60+F8) -> 179 | H8: =SUM(D8/G8*60) -> 25.139665
A9: 42805 | B9: Avoine Véron | C9: 7 | D9: 22 | E9: 1 | F9: 15 | G9: =SUM(E9*60+F9) -> 75 | H9: =SUM(D9/G9*60) -> 17.6
A10: 42808 | B10: Chinon Langeais Gizeux Bourgueil | C10: 8 | D10: 115.4 | E10: 4 | F10: 30 | G10: =SUM(E10*60+F10) -> 270 | H10: =SUM(D10/G10*60) -> 25.644444
A11: 42817 | B11: Chinon Bournand Mouterre Ceaux | C11: 9 | D11: 91 | E11: 3 | F11: 30 | G11: =SUM(E11*60+F11) -> 210 | H11: =SUM(D11/G11*60) -> 26
A12: 42818 | B12: Avoine Vivy | C12: 10 | D12: 68.6 | E12: 2 | F12: 50 | G12: =SUM(E12*60+F12) -> 170 | H12: =SUM(D12/G12*60) -> 24.211765
A13: 42819 | B13: Avoine Benais Cléré Langeais st Benoit | C13: 11 | D13: 86.8 | E13: 3 | F13: 30 | G13: =SUM(E13*60+F13) -> 210 | H13: =SUM(D13/G13*60) -> 24.8 | I13: vent fort rafale
A14: 42822 | B14: Chinon Le Puy ND | C14: 12 | D14: 115 | E14: 4 | F14: 25 | G14: =SUM(E14*60+F14) -> 265 | H14: =SUM(D14/G14*60) -> 26.037736 | I14: Seul
A15: 42824 | B15: Chinon St Maure Maillé IB | C15: 13 | D15: 116 | E15: 4 | F15: 26 | G15: =SUM(E15*60+F15) -> 266 | H15: =SUM(D15/G15*60) -> 26.165414
C16: 14 | G16: =SUM(E16*60+F16) -> 0 | H16: =SUM(D16/G16*60) -> #DIV/0!
C17: 15 | G17: =SUM(E17*60+F17) -> 0 | H17: =SUM(D17/G17*60) -> #DIV/0!
C18: 16 | G18: =SUM(E18*60+F18) -> 0 | H18: =SUM(D18/G18*60) -> #DIV/0!
C19: 17 | G19: =SUM(E19*60+F19) -> 0 | H19: =SUM(D19/G19*60) -> #DIV/0!
C20: 18 | G20: =SUM(E20*60+F20) -> 0 | H20: =SUM(D20/G20*60) -> #DIV/0!
C21: 19 | G21: =SUM(E21*60+F21) -> 0 | H21: =SUM(D21/G21*60) -> #DIV/0!
C22: 20 | G22: =SUM(E22*60+F22) -> 0 | H22: =SUM(D22/G22*60) -> #DIV/0!
G23: =SUM(E23*60+F23) -> 0 | H23: =SUM(D23/G23*60) -> #DIV/0!
D24: =SUM(D3:D23) -> 1041.7
B25: =SUM(Fév!B25+Mar!D24) -> 2728.2

Sheet Avr
A1: Suivi Performances Avril 2017
A2: Dates | B2: Désignation Sorties | C2: Nb | D2: Distances | E2: Durées | H2: Vit. Moy. | I2: Remarques
A3: 42826 | B3: Avoine Basse Mouterre Rossay | C3: 1 | D3: 81 | E3: 3 | F3: 13 | G3: =SUM(E3*60+F3) -> 193 | H3: =SUM(D3/G3*60) -> 25.181347
A4: 42829 | B4: Chinon ernoil Breil Homme Ingrande | C4: 2 | D4: 126 | E4: 5 | F4: 0 | G4: =SUM(E4*60+F4) -> 300 | H4: =SUM(D4/G4*60) -> 25.2
A5: 42831 | B5: Chinon Langeais Cléré Benais | C5: 3 | D5: 104 | E5: 4 | F5: 20 | G5: =SUM(E5*60+F5) -> 260 | H5: =SUM(D5/G5*60) -> 24
A6: 42833 | B6: Avoine Azay Pont Ruan Nueil chinon | C6: 4 | D6: 83 | E6: 2 | F6: 58 | G6: =SUM(E6*60+F6) -> 178 | H6: =SUM(D6/G6*60) -> 27.977528
A7: 42836 | B7: Chinon St epain Sorigny Mont Azay | C7: 5 | D7: 122.5 | E7: 4 | F7: 53 | G7: =SUM(E7*60+F7) -> 293 | H7: =SUM(D7/G7*60) -> 25.085324
A8: 42838 | B8: Chinon Chacé Coudray Cisay Le Puy St Léger | C8: 6 | D8: 112.5 | E8: 4 | F8: 29 | G8: =SUM(E8*60+F8) -> 269 | H8: =SUM(D8/G8*60) -> 25.092937
A9: 42840 | B9: Avoine Courléon St Philbert Allonnes | C9: 7 | D9: 82.5 | E9: 3 | F9: 11 | G9: =SUM(E9*60+F9) -> 191 | H9: =SUM(D9/G9*60) -> 25.91623
A10: 42843 | B10: Chinon Courléon Breil courcelle Langeais | C10: 8 | D10: 122.2 | E10: 4 | F10: 49 | G10: =SUM(E10*60+F10) -> 289 | H10: =SUM(D10/G10*60) -> 25.370242 | I10: Vent soutenu
A11: 42845 | B11: Repos | C11: 9 | G11: =SUM(E11*60+F11) -> 0 | H11: =SUM(D11/G11*60) -> #DIV/0!
A12: 42847 | B12: 200 Randonneur St GEORGES (Poitiers) | C12: 10 | D12: 213.6 | E12: 8 | F12: 32 | G12: =SUM(E12*60+F12) -> 512 | H12: =SUM(D12/G12*60) -> 25.03125 | I12: Vent soutenu
A13: 42850 | B13: Chinon La Breille Les Essarts Ingrandes | C13: 11 | D13: 100.7 | E13: 4 | F13: 2 | G13: =SUM(E13*60+F13) -> 242 | H13: =SUM(D13/G13*60) -> 24.966942 | I13: Pluie
A14: 42852 | B14: Chinon Allonne Gizeux St Patrice | C14: 12 | D14: 109.4 | E14: 4 | F14: 23 | G14: =SUM(E14*60+F14) -> 263 | H14: =SUM(D14/G14*60) -> 24.958175
A15: 42854 | B15: Avoine Azay pont Ruan Nueil Cravant | C15: 13 | D15: 83.1 | E15: 3 | F15: 28 | G15: =SUM(E15*60+F15) -> 208 | H15: =SUM(D15/G15*60) -> 23.971154
C16: 14 | G16: =SUM(E16*60+F16) -> 0 | H16: =SUM(D16/G16*60) -> #DIV/0!
C17: 15 | G17: =SUM(E17*60+F17) -> 0 | H17: =SUM(D17/G17*60) -> #DIV/0!
C18: 16 | G18: =SUM(E18*60+F18) -> 0 | H18: =SUM(D18/G18*60) -> #DIV/0!
C19: 17 | G19: =SUM(E19*60+F19) -> 0 | H19: =SUM(D19/G19*60) -> #DIV/0!
C20: 18 | G20: =SUM(E20*60+F20) -> 0 | H20: =SUM(D20/G20*60) -> #DIV/0!
C21: 19 | G21: =SUM(E21*60+F21) -> 0 | H21: =SUM(D21/G21*60) -> #DIV/0!
C22: 20 | G22: =SUM(E22*60+F22) -> 0 | H22: =SUM(D22/G22*60) -> #DIV/0!
G23: =SUM(E23*60+F23) -> 0 | H23: =SUM(D23/G23*60) -> #DIV/0!
D24: =SUM(D3:D23) -> 1340.5
B25: =SUM(Mar!B25+Avr!D24) -> 4068.7

Sheet Mai
A1: Suivi Performances Mai 2017
A2: Dates | B2: Désignation Sorties | C2: Nb | D2: Distances | E2: Durées | H2: Vit. Moy. | I2: Remarques
A3: 42857 | B3: Chinon St Patrice Gizeux Allonnes | C3: 1 | D3: 112.7 | E3: 4 | F3: 39 | G3: =SUM(E3*60+F3) -> 279 | H3: =SUM(D3/G3*60) -> 24.236559
A4: 42859 | B4: St MAURE Rando des GRIMPEURS | C4: 2 | D4: 94 | E4: 3 | F4: 46 | G4: =SUM(E4*60+F4) -> 226 | H4: =SUM(D4/G4*60) -> 24.955752 | I4: Dénivelé 860 m
A5: 42864 | B5: Chinon Allonne La Breille LesEssarts Langeais | C5: 3 | D5: 117.4 | E5: 4 | F5: 38 | G5: =SUM(E5*60+F5) -> 278 | H5: =SUM(D5/G5*60) -> 25.338129
A6: 42868 | B6: 300 Randonneur St GEORGES (Poitiers) | C6: 4 | D6: 304 | E6: 11 | F6: 49 | G6: =SUM(E6*60+F6) -> 709 | H6: =SUM(D6/G6*60) -> 25.726375
A7: 42871 | B7: Chinon Ceaux Nueil Faye Braslou IB | C7: 5 | D7: 95 | E7: 3 | F7: 57 | G7: =SUM(E7*60+F7) -> 237 | H7: =SUM(D7/G7*60) -> 24.050633
A8: 42875 | B8: Avoine samarsolle Ternay Bisay | C8: 6 | D8: 86 | E8: 3 | F8: 37 | G8: =SUM(E8*60+F8) -> 217 | H8: =SUM(D8/G8*60) -> 23.778802
A9: 42877 | B9: Lectoure Castelnau d'Arbieu Gramont | C9: 7 | D9: 55 | E9: 2 | F9: 35 | G9: =SUM(E9*60+F9) -> 155 | H9: =SUM(D9/G9*60) -> 21.290323 | I9: D+500 m
A10: 42878 | B10: Lectoure La Romieu Terraube | C10: 8 | D10: 59 | E10: 2 | F10: 50 | G10: =SUM(E10*60+F10) -> 170 | H10: =SUM(D10/G10*60) -> 20.823529 | I10: D+700 m
A11: 42879 | B11: Lectoure St Clar Casteron Marsac | C11: 9 | D11: 60 | E11: 2 | F11: 55 | G11: =SUM(E11*60+F11) -> 175 | H11: =SUM(D11/G11*60) -> 20.571429 | I11: D+950 m
A12: 42879 | B12: Lectoure Le Pont bord GERS | C12: 10 | D12: 35 | E12: 1 | F12: 50 | G12: =SUM(E12*60+F12) -> 110 | H12: =SUM(D12/G12*60) -> 19.090909 | I12: D+350 m Evelyne
A13: 42880 | B13: Lectoure Gramont St Créac Plieux | C13: 11 | D13: 53 | E13: 2 | F13: 35 | G13: =SUM(E13*60+F13) -> 155 | H13: =SUM(D13/G13*60) -> 20.516129 | I13: D+800 m
A14: 42881 | B14: LectoureRejaumont La sauvetat | C14: 12 | D14: 59 | E14: 2 | F14: 45 | G14: =SUM(E14*60+F14) -> 165 | H14: =SUM(D14/G14*60) -> 21.454545 | I14: D+950 m
A15: 42883 | B15: Soumoulou LE TOURMALET | C15: 13 | D15: 160 | E15: 7 | F15: 11 | G15: =SUM(E15*60+F15) -> 431 | H15: =SUM(D15/G15*60) -> 22.273782 | I15: D+2500 m
A16: 42884 | B16: Lectoure Castel Arouy | C16: 14 | D16: 35 | E16: 1 | F16: 55 | G16: =SUM(E16*60+F16) -> 115 | H16: =SUM(D16/G16*60) -> 18.26087 | I16: D+400 m Evelyne
A17: 42885 | B17: Lectoure Gramont Mansonville | C17: 15 | D17: 57 | E17: 2 | F17: 37 | G17: =SUM(E17*60+F17) -> 157 | H17: =SUM(D17/G17*60) -> 21.783439 | I17: D+800 m
C18: 16 | G18: =SUM(E18*60+F18) -> 0 | H18: =SUM(D18/G18*60) -> #DIV/0!
C19: 17 | G19: =SUM(E19*60+F19) -> 0 | H19: =SUM(D19/G19*60) -> #DIV/0!
C20: 18 | G20: =SUM(E20*60+F20) -> 0 | H20: =SUM(D20/G20*60) -> #DIV/0!
C21: 19 | G21: =SUM(E21*60+F21) -> 0 | H21: =SUM(D21/G21*60) -> #DIV/0!
C22: 20 | G22: =SUM(E22*60+F22) -> 0 | H22: =SUM(D22/G22*60) -> #DIV/0!
G23: =SUM(E23*60+F23) -> 0 | H23: =SUM(D23/G23*60) -> #DIV/0!
D24: =SUM(D3:D23) -> 1382.1
B25: =SUM(Avr!B25+Mai!D24) -> 5450.8

Sheet Juin
A1: Suivi Performances Juin 2017
A2: Dates | B2: Désignation Sorties | C2: Nb | D2: Distances | E2: Durées | H2: Vit. Moy. | I2: Remarques
A3: 42887 | B3: Lectoure Montcrabeau | C3: 1 | D3: 72 | E3: 3 | F3: 20 | G3: =SUM(E3*60+F3) -> 200 | H3: =SUM(D3/G3*60) -> 21.6 | I3: D + 1000 m
A4: 42888 | B4: Lectoure St Mezart Terraube | C4: 2 | D4: 64 | E4: 2 | F4: 55 | G4: =SUM(E4*60+F4) -> 175 | H4: =SUM(D4/G4*60) -> 21.942857 | I4: D + 900 m
A5: 42889 | B5: Lectoure Terraube Bord GERS | C5: 3 | D5: 40 | E5: 1 | F5: 45 | G5: =SUM(E5*60+F5) -> 105 | H5: =SUM(D5/G5*60) -> 22.857143 | I5: D + 450 m
A6: 42891 | B6: Lectoure Valence sur Baïse | C6: 4 | D6: 70 | E6: 3 | F6: 10 | G6: =SUM(E6*60+F6) -> 190 | H6: =SUM(D6/G6*60) -> 22.105263 | I6: D + 1000 m
A7: 42893 | B7: Lectoure Estramiac Cumont | C7: 5 | D7: 65 | E7: 3 | F7: 1 | G7: =SUM(E7*60+F7) -> 181 | H7: =SUM(D7/G7*60) -> 21.546961 | I7: D + 1100 m
A8: 42893 | B8: Lectoure Terraube Bord GERS | C8: 6 | D8: 36 | E8: 1 | F8: 57 | G8: =SUM(E8*60+F8) -> 117 | H8: =SUM(D8/G8*60) -> 18.461538 | I8: D + 350 m Evelyne
A9: 42894 | B9: Lectoure Casteron Miradoux | C9: 7 | D9: 72 | E9: 3 | F9: 15 | G9: =SUM(E9*60+F9) -> 195 | H9: =SUM(D9/G9*60) -> 22.153846 | I9: D + 950 m
A10: 42895 | B10: Lectoure Grimbede Astrafort | C10: 8 | D10: 53 | E10: 2 | F10: 25 | G10: =SUM(E10*60+F10) -> 145 | H10: =SUM(D10/G10*60) -> 21.931034 | I10: D + 600 m
A11: 42896 | B11: Lectoure St Clar Miradoux | C11: 9 | D11: 54 | E11: 2 | F11: 26 | G11: =SUM(E11*60+F11) -> 146 | H11: =SUM(D11/G11*60) -> 22.191781 | I11: D + 700 m
A12: 42897 | B12: Rando à BREZE (49) | C12: 10 | D12: 42 | E12: 2 | F12: 10 | G12: =SUM(E12*60+F12) -> 130 | H12: =SUM(D12/G12*60) -> 19.384615 | I12: Evelyne
A13: 42899 | B13: Chinon Vallée de Courtineau | C13: 11 | D13: 100 | E13: 4 | G13: =SUM(E13*60+F13) -> 240 | H13: =SUM(D13/G13*60) -> 25
A14: 42901 | B14: Chinon Souzay Brézé ternay Roiffé | C14: 12 | D14: 93 | E14: 3 | F14: 43 | G14: =SUM(E14*60+F14) -> 223 | H14: =SUM(D14/G14*60) -> 25.022422
A15: 42902 | B15: Avoine Rigny Ussé | C15: 13 | D15: 28 | E15: 1 | F15: 23 | G15: =SUM(E15*60+F15) -> 83 | H15: =SUM(D15/G15*60) -> 20.240964 | I15: Evelyne
A16: 42903 | B16: Avoine Azay Thilouze Panzoult | C16: 14 | D16: 81 | E16: 3 | F16: 10 | G16: =SUM(E16*60+F16) -> 190 | H16: =SUM(D16/G16*60) -> 25.578947
A17: 42905 | B17: VASSIVIERE | C17: 15 | D17: 38 | E17: 2 | F17: 5 | G17: =SUM(E17*60+F17) -> 125 | H17: =SUM(D17/G17*60) -> 18.24
A18: 42906 | B18: VASSIVIERE | C18: 16 | D18: 88 | E18: 4 | F18: 45 | G18: =SUM(E18*60+F18) -> 285 | H18: =SUM(D18/G18*60) -> 18.526316
A19: 42907 | B19: VASSIVIERE | C19: 17 | D19: 140 | E19: 7 | F19: 0 | G19: =SUM(E19*60+F19) -> 420 | H19: =SUM(D19/G19*60) -> 20
A20: 42908 | B20: VASSIVIERE | C20: 18 | D20: 40 | E20: 1 | F20: 52 | G20: =SUM(E20*60+F20) -> 112 | H20: =SUM(D20/G20*60) -> 21.428571
A21: 42913 | B21: Chinon Richelieu Braslou Rilly | C21: 19 | D21: 90 | E21: 3 | F21: 36 | G21: =SUM(E21*60+F21) -> 216 | H21: =SUM(D21/G21*60) -> 25
C22: 20 | G22: =SUM(E22*60+F22) -> 0 | H22: =SUM(D22/G22*60) -> #DIV/0!
G23: =SUM(E23*60+F23) -> 0 | H23: =SUM(D23/G23*60) -> #DIV/0!
D24: =SUM(D3:D23) -> 1266
B25: =SUM(Mai!B25+Juin!D24) -> 6716.8

Sheet Juil
A1: Suivi Performances Juillet 2017
A2: Dates | B2: Désignation Sorties | C2: Nb | D2: Distances | E2: Durées | H2: Vit. Moy. | I2: Remarques
A3: 42917 | B3: Avoine Vernoil Mouliherne Blou | C3: 1 | D3: 88 | E3: 3 | F3: 12 | G3: =SUM(E3*60+F3) -> 192 | H3: =SUM(D3/G3*60) -> 27.5
A4: 42919 | B4: LOUDUN Semaine Régionale ACADIE | C4: 2 | D4: 62 | E4: 3 | F4: 20 | G4: =SUM(E4*60+F4) -> 200 | H4: =SUM(D4/G4*60) -> 18.6 | I4: Avec Evelyne
A5: 42920 | B5: LOUDUN Semaine Régionale ETERNES | C5: 3 | D5: 155 | E5: 6 | F5: 32 | G5: =SUM(E5*60+F5) -> 392 | H5: =SUM(D5/G5*60) -> 23.72449
A6: 42921 | B6: LOUDUN Semaine Régionale Rabelais | C6: 4 | D6: 61 | E6: 3 | F6: 9 | G6: =SUM(E6*60+F6) -> 189 | H6: =SUM(D6/G6*60) -> 19.365079 | I6: Avec Evelyne
A7: 42927 | B7: Chinon MOULIHERNE | C7: 5 | D7: 147 | E7: 6 | F7: 1 | G7: =SUM(E7*60+F7) -> 361 | H7: =SUM(D7/G7*60) -> 24.432133
A8: 42931 | B8: Avoine Azay Saché Nueil Panzoult | C8: 7 | D8: 85 | E8: 3 | F8: 30 | G8: =SUM(E8*60+F8) -> 210 | H8: =SUM(D8/G8*60) -> 24.285714
A9: 42932 | B9: LOCHES 21° Rando | C9: 8 | D9: 61.5 | E9: 3 | F9: 0 | G9: =SUM(E9*60+F9) -> 180 | H9: =SUM(D9/G9*60) -> 20.5
A10: 42934 | B10: Chinon Crissay IB Chezelle Campigny Marcay | C10: 9 | D10: 81.5 | E10: 3 | F10: 26 | G10: =SUM(E10*60+F10) -> 206 | H10: =SUM(D10/G10*60) -> 23.737864
A11: 42936 | B11: Chinon Dampierre Coudray Montreuil | C11: 10 | D11: 101 | E11: 4 | F11: 2 | G11: =SUM(E11*60+F11) -> 242 | H11: =SUM(D11/G11*60) -> 25.041322
A12: 42937 | B12: LOIRE à Vélo Champvert Chevenon | C12: 11 | D12: 31 | E12: 1 | F12: 53 | G12: =SUM(E12*60+F12) -> 113 | H12: =SUM(D12/G12*60) -> 16.460177 | I12: Loire à vélo 2017
A13: 42938 | B13: LOIRE à Vélo Chevenon la Charité | C13: 12 | D13: 55 | E13: 3 | F13: 26 | G13: =SUM(E13*60+F13) -> 206 | H13: =SUM(D13/G13*60) -> 16.019417 | I13: Loire à vélo 2017
A14: 42939 | B14: LOIRE à Vélo La Charité Beaulieu | C14: 13 | D14: 66 | E14: 3 | F14: 56 | G14: =SUM(E14*60+F14) -> 236 | H14: =SUM(D14/G14*60) -> 16.779661 | I14: Loire à vélo 2017
A15: 42940 | B15: LOIRE à Vélo Beaulieu Sully | C15: 14 | D15: 58 | E15: 3 | F15: 50 | G15: =SUM(E15*60+F15) -> 230 | H15: =SUM(D15/G15*60) -> 15.130435 | I15: Loire à vélo 2017
A16: 42941 | B16: LOIRE à Vélo Sully Jargeau | C16: 15 | D16: 31 | E16: 2 | F16: 10 | G16: =SUM(E16*60+F16) -> 130 | H16: =SUM(D16/G16*60) -> 14.307692 | I16: Loire à vélo 2017
A17: 42942 | B17: LOIRE à Vélo Jargeau St Laurent | C17: 16 | D17: 61 | E17: 4 | F17: 9 | G17: =SUM(E17*60+F17) -> 249 | H17: =SUM(D17/G17*60) -> 14.698795 | I17: Loire à vélo 2017
A18: 42943 | B18: LOIRE à Vélo CHAMBORD | C18: 17 | D18: 39 | E18: 2 | F18: 49 | G18: =SUM(E18*60+F18) -> 169 | H18: =SUM(D18/G18*60) -> 13.846154 | I18: Loire à vélo 2017
A19: 42944 | B19: LOIRE à Vélo St Laurent Mosnes | C19: 18 | D19: 59 | E19: 4 | F19: 0 | G19: =SUM(E19*60+F19) -> 240 | H19: =SUM(D19/G19*60) -> 14.75 | I19: Loire à vélo 2017
A20: 42945 | B20: LOIRE à Vélo Mosnes Savonniére | C20: 19 | D20: 65 | E20: 4 | F20: 22 | G20: =SUM(E20*60+F20) -> 262 | H20: =SUM(D20/G20*60) -> 14.885496 | I20: Loire à vélo 2017
A21: 42946 | B21: LOIRE à Vélo Savonniére Avoine | C21: 20 | D21: 39 | E21: 2 | F21: 17 | G21: =SUM(E21*60+F21) -> 137 | H21: =SUM(D21/G21*60) -> 17.080292 | I21: Loire à vélo 2017
A22: 42947 | B22: Avoine Candes Couziers Lerné | C22: 21 | D22: 46 | E22: 2 | F22: 12 | G22: =SUM(E22*60+F22) -> 132 | H22: =SUM(D22/G22*60) -> 20.909091 | I22: Avec Evelyne
C23: 22 | G23: =SUM(E23*60+F23) -> 0 | H23: =SUM(D23/G23*60) -> #DIV/0!
D24: =SUM(D3:D23) -> 1392
B25: =SUM(Juin!B25+Juil!D24) -> 8108.8
G26: =SUM(D12:D21) -> 504

Sheet Aout
A1: Suivi Performances Août 2017
A2: Dates | B2: Désignation Sorties | C2: Nb | D2: Distances | E2: Durées | H2: Vit. Moy. | I2: Remarques
A3: 42948 | B3: Chinon Courléon Blou | C3: 1 | D3: 98 | E3: 3 | F3: 57 | G3: =SUM(E3*60+F3) -> 237 | H3: =SUM(D3/G3*60) -> 24.810127
A4: 42950 | B4: Chinon 3 Moutiers Curçay Montreuil | C4: 2 | D4: 100 | E4: 3 | F4: 46 | G4: =SUM(E4*60+F4) -> 226 | H4: =SUM(D4/G4*60) -> 26.548673
A5: 42951 | B5: Avoine Bréhémont | C5: 3 | D5: 40 | E5: 1 | F5: 52 | G5: =SUM(E5*60+F5) -> 112 | H5: =SUM(D5/G5*60) -> 21.428571 | I5: Avec Evelyne
A6: 42952 | B6: Avoine Gizeux Blou | C6: 4 | D6: 83 | E6: 3 | F6: 10 | G6: =SUM(E6*60+F6) -> 190 | H6: =SUM(D6/G6*60) -> 26.210526
A7: 42959 | B7: Avoine Bizay Vaudelnay MontFort distré | C7: 5 | D7: 83 | E7: 3 | F7: 37 | G7: =SUM(E7*60+F7) -> 217 | H7: =SUM(D7/G7*60) -> 22.949309
A8: 42964 | B8: Chinon IB Luzé Jaulnay Richelieu | C8: 6 | D8: 96 | E8: 3 | F8: 55 | G8: =SUM(E8*60+F8) -> 235 | H8: =SUM(D8/G8*60) -> 24.510638
A9: 42968 | B9: Avoine Bourgueil Allonnes | C9: 7 | D9: 55 | E9: 2 | F9: 45 | G9: =SUM(E9*60+F9) -> 165 | H9: =SUM(D9/G9*60) -> 20 | I9: Avec Evelyne
A10: 42969 | B10: Chinon Vallée du courtineau | C10: 8 | D10: 105 | E10: 4 | F10: 12 | G10: =SUM(E10*60+F10) -> 252 | H10: =SUM(D10/G10*60) -> 25
A11: 42971 | B11: Chinon Ville perdu Monts | C11: 9 | D11: 108 | E11: 4 | F11: 12 | G11: =SUM(E11*60+F11) -> 252 | H11: =SUM(D11/G11*60) -> 25.714286
A12: 42973 | B12: Avoine Vaudelnay Monford Distré | C12: 10 | D12: 83 | E12: 3 | F12: 32 | G12: =SUM(E12*60+F12) -> 212 | H12: =SUM(D12/G12*60) -> 23.490566
A13: 42976 | B13: Chinon IB Rilly Assay | C13: 11 | D13: 90 | E13: 3 | F13: 43 | G13: =SUM(E13*60+F13) -> 223 | H13: =SUM(D13/G13*60) -> 24.215247
A14: 42978 | B14: Chinon Montreuil Distré | C14: 12 | D14: 94 | E14: 3 | F14: 56 | G14: =SUM(E14*60+F14) -> 236 | H14: =SUM(D14/G14*60) -> 23.898305
C15: 13 | G15: =SUM(E15*60+F15) -> 0 | H15: =SUM(D15/G15*60) -> #DIV/0!
C16: 14 | G16: =SUM(E16*60+F16) -> 0 | H16: =SUM(D16/G16*60) -> #DIV/0!
C17: 15 | G17: =SUM(E17*60+F17) -> 0 | H17: =SUM(D17/G17*60) -> #DIV/0!
C18: 16 | G18: =SUM(E18*60+F18) -> 0 | H18: =SUM(D18/G18*60) -> #DIV/0!
C19: 17 | G19: =SUM(E19*60+F19) -> 0 | H19: =SUM(D19/G19*60) -> #DIV/0!
C20: 18 | G20: =SUM(E20*60+F20) -> 0 | H20: =SUM(D20/G20*60) -> #DIV/0!
C21: 19 | G21: =SUM(E21*60+F21) -> 0 | H21: =SUM(D21/G21*60) -> #DIV/0!
C22: 20 | G22: =SUM(E22*60+F22) -> 0 | H22: =SUM(D22/G22*60) -> #DIV/0!
C23: 21 | G23: =SUM(E23*60+F23) -> 0 | H23: =SUM(D23/G23*60) -> #DIV/0!
G24: =SUM(E24*60+F24) -> 0 | H24: =SUM(D24/G24*60) -> #DIV/0!
D25: =SUM(D3:D24) -> 1035
B26: =SUM(Juil!B25+Aout!D25) -> 9143.8

Sheet Sept
A1: Suivi Performances Septembre 2017
A2: Dates | B2: Désignation Sorties | C2: Nb | D2: Distances | E2: Durées | H2: Vit. Moy. | I2: Remarques
A3: 42983 | C3: 1 | D3: 96 | E3: 3 | F3: 46 | G3: =SUM(E3*60+F3) -> 226 | H3: =SUM(D3/G3*60) -> 25.486726
A4: 42985 | B4: Chinon Verrie Rou Chacé | C4: 2 | D4: 91 | E4: 3 | F4: 50 | G4: =SUM(E4*60+F4) -> 230 | H4: =SUM(D4/G4*60) -> 23.73913
A5: 42987 | B5: TIL 2017 Pocé sur Cise Chinon | C5: 3 | D5: 200 | E5: 9 | F5: 1 | G5: =SUM(E5*60+F5) -> 541 | H5: =SUM(D5/G5*60) -> 22.181146
A6: 42988 | B6: TIL 2017 Chinon Pocé sur Cise | C6: 2 | D6: 170 | E6: 7 | F6: 15 | G6: =SUM(E6*60+F6) -> 435 | H6: =SUM(D6/G6*60) -> 23.448276
A7: 42993 | B7: Andernos | C7: 5 | D7: 60 | E7: 3 | F7: 2 | G7: =SUM(E7*60+F7) -> 182 | H7: =SUM(D7/G7*60) -> 19.78022
A8: 42997 | B8: Chinon La Breille Blou | C8: 6 | D8: 86 | E8: 3 | F8: 35 | G8: =SUM(E8*60+F8) -> 215 | H8: =SUM(D8/G8*60) -> 24
A9: 42998 | B9: Huismes Rigny | C9: 7 | D9: 32 | E9: 1 | F9: 36 | G9: =SUM(E9*60+F9) -> 96 | H9: =SUM(D9/G9*60) -> 20 | I9: Avec Evelyne
A10: 42999 | B10: Chinon IB Luzé Razines Pouant | C10: 8 | D10: 106 | E10: 4 | F10: 12 | G10: =SUM(E10*60+F10) -> 252 | H10: =SUM(D10/G10*60) -> 25.238095
A11: 43001 | B11: Avoine Langeais Cléré Avrillé Benais | C11: 9 | D11: 76 | E11: 3 | F11: 9 | G11: =SUM(E11*60+F11) -> 189 | H11: =SUM(D11/G11*60) -> 24.126984
A12: 43001 | B12: Avoine Balade Club USEAB | C12: 10 | D12: 30 | E12: 2 | F12: 4 | G12: =SUM(E12*60+F12) -> 124 | H12: =SUM(D12/G12*60) -> 14.516129 | I12: 1° sortie Ballade
A13: 43004 | B13: ChinonVernoil Blou Varennes | C13: 11 | D13: 117 | E13: 4 | F13: 37 | G13: =SUM(E13*60+F13) -> 277 | H13: =SUM(D13/G13*60) -> 25.34296
A14: 43005 | B14: Avoine Les Loges Huismes | C14: 12 | D14: 35 | E14: 1 | F14: 45 | G14: =SUM(E14*60+F14) -> 105 | H14: =SUM(D14/G14*60) -> 20 | I14: Avec Evelyne
A15: 43006 | B15: Avoine Saumur Chacé | C15: 13 | D15: 70 | E15: 2 | F15: 53 | G15: =SUM(E15*60+F15) -> 173 | H15: =SUM(D15/G15*60) -> 24.277457
A16: 43008 | B16: Avoine Gizeux Blou Allonnes | C16: 14 | D16: 83 | E16: 3 | F16: 17 | G16: =SUM(E16*60+F16) -> 197 | H16: =SUM(D16/G16*60) -> 25.279188
A17: 43008 | B17: Avoine Balade Club USEAB | C17: 15 | D17: 44 | E17: 2 | F17: 38 | G17: =SUM(E17*60+F17) -> 158 | H17: =SUM(D17/G17*60) -> 16.708861 | I17: 2° sortie Ballade
C18: 16 | G18: =SUM(E18*60+F18) -> 0 | H18: =SUM(D18/G18*60) -> #DIV/0!
C19: 17 | G19: =SUM(E19*60+F19) -> 0 | H19: =SUM(D19/G19*60) -> #DIV/0!
C20: 18 | G20: =SUM(E20*60+F20) -> 0 | H20: =SUM(D20/G20*60) -> #DIV/0!
C21: 19 | G21: =SUM(E21*60+F21) -> 0 | H21: =SUM(D21/G21*60) -> #DIV/0!
C22: 20 | G22: =SUM(E22*60+F22) -> 0 | H22: =SUM(D22/G22*60) -> #DIV/0!
G23: =SUM(E23*60+F23) -> 0 | H23: =SUM(D23/G23*60) -> #DIV/0!
D24: =SUM(D3:D23) -> 1296
B25: =SUM(Aout!B26+Sept!D24) -> 10439.8

Sheet Oct
A1: Suivi Performances Octobre 2017
A2: Dates | B2: Désignation Sorties | C2: Nb | D2: Distances | E2: Durées | H2: Vit. Moy. | I2: Remarques
A3: 43011 | B3: Chinon Gizeux Cléré Langeais st Benoit | C3: 1 | D3: 107 | E3: 4 | F3: 17 | G3: =SUM(E3*60+F3) -> 257 | H3: =SUM(D3/G3*60) -> 24.980545
A4: 43013 | B4: Candes couzier Bournand | C4: 2 | D4: 60 | E4: 2 | F4: 24 | G4: =SUM(E4*60+F4) -> 144 | H4: =SUM(D4/G4*60) -> 25
A5: 43015 | B5: Avoine Basses Insay Morton | C5: 3 | D5: 76 | E5: 3 | F5: 27 | G5: =SUM(E5*60+F5) -> 207 | H5: =SUM(D5/G5*60) -> 22.028986
A6: 43015 | B6: Avoine Balade Club USEAB | C6: 4 | D6: 29 | E6: 2 | F6: 1 | G6: =SUM(E6*60+F6) -> 121 | H6: =SUM(D6/G6*60) -> 14.380165 | I6: Dans le Véron
A7: 43016 | B7: Rando du Cardinal RICHELIEU | C7: 5 | D7: 43 | E7: 2 | F7: 8 | G7: =SUM(E7*60+F7) -> 128 | H7: =SUM(D7/G7*60) -> 20.15625
A8: 43018 | B8: Avoine Les loges Varennes | C8: 6 | D8: 70 | E8: 2 | F8: 44 | G8: =SUM(E8*60+F8) -> 164 | H8: =SUM(D8/G8*60) -> 25.609756
A9: 43020 | B9: Chinon Raslay Brézé candes Chinon | C9: 7 | D9: 100 | E9: 4 | F9: 7 | G9: =SUM(E9*60+F9) -> 247 | H9: =SUM(D9/G9*60) -> 24.291498
A10: 43022 | B10: Avoine IB Vernueil La Tour StG Assay | C10: 8 | D10: 76 | E10: 3 | F10: 2 | G10: =SUM(E10*60+F10) -> 182 | H10: =SUM(D10/G10*60) -> 25.054945
A11: 43022 | B11: Avoine Balade Club USEAB | C11: 9 | D11: 36 | E11: 2 | F11: 8 | G11: =SUM(E11*60+F11) -> 128 | H11: =SUM(D11/G11*60) -> 16.875 | I11: Bosse de Huismes
A12: 43025 | B12: Chinon IB Rilly Marigny Serigny Pouant | C12: 10 | D12: 113 | E12: 4 | F12: 22 | G12: =SUM(E12*60+F12) -> 262 | H12: =SUM(D12/G12*60) -> 25.877863
A13: 43026 | B13: Avoine Couziers Cinay | C13: 11 | D13: 41 | E13: 2 | F13: 5 | G13: =SUM(E13*60+F13) -> 125 | H13: =SUM(D13/G13*60) -> 19.68 | I13: Sortie Evelyne
A14: 43029 | B14: Avoine Montreuil Courchamps St Cyr | C14: 12 | D14: 73 | E14: 3 | F14: 6 | G14: =SUM(E14*60+F14) -> 186 | H14: =SUM(D14/G14*60) -> 23.548387
A15: 43029 | B15: Avoine Balade Club USEAB | C15: 13 | D15: 29 | E15: 2 | F15: 0 | G15: =SUM(E15*60+F15) -> 120 | H15: =SUM(D15/G15*60) -> 14.5 | I15: Vent fort
A16: 43032 | B16: Chinon Ceaux Nueil Richelieu IB | C16: 14 | D16: 88 | E16: 3 | F16: 42 | G16: =SUM(E16*60+F16) -> 222 | H16: =SUM(D16/G16*60) -> 23.783784
A17: 43034 | B17: Chinon Nueil Thilouze Pont Ruan Azay | C17: 15 | D17: 99 | E17: 4 | F17: 0 | G17: =SUM(E17*60+F17) -> 240 | H17: =SUM(D17/G17*60) -> 24.75
A18: 43036 | B18: Avoine Gizeux Avrillé Benais | C18: 16 | D18: 74 | E18: 2 | F18: 55 | G18: =SUM(E18*60+F18) -> 175 | H18: =SUM(D18/G18*60) -> 25.371429
A19: 43036 | B19: Avoine Balade Club USEAB | C19: 17 | D19: 42 | E19: 1 | F19: 58 | G19: =SUM(E19*60+F19) -> 118 | H19: =SUM(D19/G19*60) -> 21.355932
A20: 43039 | B20: Chinon Azay Saché St Epain Crouzille | C20: 18 | D20: 94 | E20: 3 | F20: 46 | G20: =SUM(E20*60+F20) -> 226 | H20: =SUM(D20/G20*60) -> 24.955752
C21: 19 | G21: =SUM(E21*60+F21) -> 0 | H21: =SUM(D21/G21*60) -> #DIV/0!
C22: 20 | G22: =SUM(E22*60+F22) -> 0 | H22: =SUM(D22/G22*60) -> #DIV/0!
G23: =SUM(E23*60+F23) -> 0 | H23: =SUM(D23/G23*60) -> #DIV/0!
D24: =SUM(D3:D23) -> 1250
B25: =SUM(Sept!B25+Oct!D24) -> 11689.8

Sheet Nov
A1: Suivi Performances Novembre 2017
A2: Dates | B2: Désignation Sorties | C2: Nb | D2: Distances | E2: Durées | H2: Vit. Moy. | I2: Remarques
A3: 43041 | B3: Avoine Morton Bournand Thizay | C3: 1 | D3: 73 | E3: 2 | F3: 51 | G3: =SUM(E3*60+F3) -> 171 | H3: =SUM(D3/G3*60) -> 25.614035
A4: 43043 | B4: Avoine Basse InsaySt Léger Saix | C4: 2 | D4: 75 | E4: 3 | F4: 11 | G4: =SUM(E4*60+F4) -> 191 | H4: =SUM(D4/G4*60) -> 23.560209
A5: 43043 | B5: Avoine Balade Club USEAB | C5: 3 | D5: 27 | E5: 1 | F5: 35 | G5: =SUM(E5*60+F5) -> 95 | H5: =SUM(D5/G5*60) -> 17.052632
A6: 43046 | B6: Chinon St Epain Pouzay IB | C6: 4 | D6: 102 | E6: 4 | F6: 1 | G6: =SUM(E6*60+F6) -> 241 | H6: =SUM(D6/G6*60) -> 25.394191
A7: 43053 | B7: Chinon Brain La Breille Gizeux bourgueil | C7: 5 | D7: 91 | E7: 3 | F7: 31 | G7: =SUM(E7*60+F7) -> 211 | H7: =SUM(D7/G7*60) -> 25.876777
A8: 43055 | B8: Chinon Continvoir Langeais Bréhémont | C8: 6 | D8: 102 | E8: 4 | G8: =SUM(E8*60+F8) -> 240 | H8: =SUM(D8/G8*60) -> 25.5
A9: 43060 | B9: Chinon Ricelieu IB Panzoult | C9: 7 | D9: 82 | E9: 3 | F9: 20 | G9: =SUM(E9*60+F9) -> 200 | H9: =SUM(D9/G9*60) -> 24.6
A10: 43062 | B10: Chinon Chacé Bagneux Douvy Roiffé | C10: 8 | D10: 93 | E10: 3 | F10: 26 | G10: =SUM(E10*60+F10) -> 206 | H10: =SUM(D10/G10*60) -> 27.087379 | I10: Vent fort
A11: 43064 | B11: Avoine Courléon Recouvrance Varennes | C11: 9 | D11: 74 | E11: 2 | F11: 54 | G11: =SUM(E11*60+F11) -> 174 | H11: =SUM(D11/G11*60) -> 25.517241
A12: 43064 | B12: Avoine Balade Club USEAB | C12: 10 | D12: 30 | E12: 1 | F12: 55 | G12: =SUM(E12*60+F12) -> 115 | H12: =SUM(D12/G12*60) -> 15.652174
A13: 43067 | B13: Chinon Saumur Rou Marson Brézé Roiffé | C13: 11 | D13: 88 | E13: 3 | F13: 40 | G13: =SUM(E13*60+F13) -> 220 | H13: =SUM(D13/G13*60) -> 24
A14: 43069 | B14: Chinon Dampierre Chacé Meigné Roiffé | C14: 12 | D14: 88 | E14: 3 | F14: 29 | G14: =SUM(E14*60+F14) -> 209 | H14: =SUM(D14/G14*60) -> 25.263158
C15: 13 | G15: =SUM(E15*60+F15) -> 0 | H15: =SUM(D15/G15*60) -> #DIV/0!
C16: 14 | G16: =SUM(E16*60+F16) -> 0 | H16: =SUM(D16/G16*60) -> #DIV/0!
C17: 15 | G17: =SUM(E17*60+F17) -> 0 | H17: =SUM(D17/G17*60) -> #DIV/0!
C18: 16 | G18: =SUM(E18*60+F18) -> 0 | H18: =SUM(D18/G18*60) -> #DIV/0!
C19: 17 | G19: =SUM(E19*60+F19) -> 0 | H19: =SUM(D19/G19*60) -> #DIV/0!
C20: 18 | G20: =SUM(E20*60+F20) -> 0 | H20: =SUM(D20/G20*60) -> #DIV/0!
C21: 19 | G21: =SUM(E21*60+F21) -> 0 | H21: =SUM(D21/G21*60) -> #DIV/0!
C22: 20 | G22: =SUM(E22*60+F22) -> 0 | H22: =SUM(D22/G22*60) -> #DIV/0!
G23: =SUM(E23*60+F23) -> 0 | H23: =SUM(D23/G23*60) -> #DIV/0!
D24: =SUM(D3:D23) -> 925
B25: =SUM(Oct!B25+Nov!D24) -> 12614.8

Sheet Déc
A1: Suivi Performances Décembre 2017
A2: Dates | B2: Désignation Sorties | C2: Nb | D2: Distances | E2: Durées | H2: Vit. Moy. | I2: Remarques
A3: 43071 | B3: Avoine Langeais Avrillé Benais | C3: 1 | D3: 72 | E3: 3 | F3: 10 | G3: =SUM(E3*60+F3) -> 190 | H3: =SUM(D3/G3*60) -> 22.736842 | I3: Vent NORD froid
A4: 43071 | B4: Avoine Balade Club USEAB | C4: 2 | D4: 23 | E4: 1 | F4: 33 | G4: =SUM(E4*60+F4) -> 93 | H4: =SUM(D4/G4*60) -> 14.83871 | I4: Vent NORD froid
A5: 43074 | B5: Chinon Fontevraud Chacé Chétigné Roiffé | C5: 3 | D5: 90 | E5: 3 | F5: 49 | G5: =SUM(E5*60+F5) -> 229 | H5: =SUM(D5/G5*60) -> 23.580786
A6: 43075 | B6: Téléthon GENNES Centrale Chinon | C6: 4 | D6: 85 | E6: 3 | F6: 25 | G6: =SUM(E6*60+F6) -> 205 | H6: =SUM(D6/G6*60) -> 24.878049
A7: 43078 | B7: Avoine Chacé Coudray Roiffé | C7: 5 | D7: 72 | E7: 3 | F7: 0 | G7: =SUM(E7*60+F7) -> 180 | H7: =SUM(D7/G7*60) -> 24
A8: 43081 | B8: Chinon IB Pouzay St Epain | C8: 6 | D8: 86 | E8: 3 | F8: 37 | G8: =SUM(E8*60+F8) -> 217 | H8: =SUM(D8/G8*60) -> 23.778802
A9: 43085 | B9: Avoine Courléon La Breille Allonnes | C9: 7 | D9: 72 | E9: 3 | F9: 8 | G9: =SUM(E9*60+F9) -> 188 | H9: =SUM(D9/G9*60) -> 22.978723
A10: 43085 | B10: Avoine Balade Club USEAB | C10: 8 | D10: 22 | E10: 1 | F10: 20 | G10: =SUM(E10*60+F10) -> 80 | H10: =SUM(D10/G10*60) -> 16.5 | I10: Vent NORD froid
A11: 43088 | B11: Chinon Bagneux Morton Bournand | C11: 9 | D11: 90 | E11: 3 | F11: 40 | G11: =SUM(E11*60+F11) -> 220 | H11: =SUM(D11/G11*60) -> 24.545455
A12: 43090 | B12: Chinon Langeais Les Essarts Bourgueil | C12: 10 | D12: 90 | E12: 3 | F12: 39 | G12: =SUM(E12*60+F12) -> 219 | H12: =SUM(D12/G12*60) -> 24.657534
A13: 43092 | B13: Avoine Azay StEpain Crouzille Chinon | C13: 11 | D13: 77 | E13: 3 | F13: 2 | G13: =SUM(E13*60+F13) -> 182 | H13: =SUM(D13/G13*60) -> 25.384615
A14: 43095 | B14: Chinon Bournand maulay Ceaux | C14: 12 | D14: 88 | E14: 3 | F14: 40 | G14: =SUM(E14*60+F14) -> 220 | H14: =SUM(D14/G14*60) -> 24
A15: 43097 | B15: Chinon Richelieu Braslou Rilly IB | C15: 13 | D15: 91 | E15: 3 | F15: 32 | G15: =SUM(E15*60+F15) -> 212 | H15: =SUM(D15/G15*60) -> 25.754717
C16: 14 | G16: =SUM(E16*60+F16) -> 0 | H16: =SUM(D16/G16*60) -> #DIV/0!
C17: 15 | G17: =SUM(E17*60+F17) -> 0 | H17: =SUM(D17/G17*60) -> #DIV/0!
C18: 16 | G18: =SUM(E18*60+F18) -> 0 | H18: =SUM(D18/G18*60) -> #DIV/0!
C19: 17 | G19: =SUM(E19*60+F19) -> 0 | H19: =SUM(D19/G19*60) -> #DIV/0!
C20: 18 | G20: =SUM(E20*60+F20) -> 0 | H20: =SUM(D20/G20*60) -> #DIV/0!
C21: 19 | G21: =SUM(E21*60+F21) -> 0 | H21: =SUM(D21/G21*60) -> #DIV/0!
C22: 20 | G22: =SUM(E22*60+F22) -> 0 | H22: =SUM(D22/G22*60) -> #DIV/0!
G23: =SUM(E23*60+F23) -> 0 | H23: =SUM(D23/G23*60) -> #DIV/0!
D24: =SUM(D3:D23) -> 958
B25: =SUM(Nov!B25+Déc!D24) -> 13572.8
