Workbook

Sheet Janv
A1: Suivi Performances Janvier | H1: 2021
A2: Dates | B2: Désignation Sorties | C2: Nb | D2: Distances | E2: Durées | H2: Vit. Moy. | I2: Dév + | J2: Remarques | K2: Brochard | L2: S1NEO
A3: 44203 | B3: Chinon Chacé Morton | C3: 1 | D3: 78 | E3: 3 | F3: 7 | G3: =SUM(E3*60+F3) -> 187 | H3: =SUM(D3/G3*60) -> 25.026738 | I3: 262 | L3: 78
A4: 44205 | B4: Avoine Benais Les Essards Langeais | C4: 2 | D4: 65 | E4: 2 | F4: 40 | G4: =SUM(E4*60+F4) -> 160 | H4: =SUM(D4/G4*60) -> 24.375 | I4: 353 | L4: 65
A5: 44207 | B5: Avoine Les Essarts Gizeux Brain | C5: 3 | D5: 87 | E5: 3 | F5: 28 | G5: =SUM(E5*60+F5) -> 208 | H5: =SUM(D5/G5*60) -> 25.096154 | I5: 288 | L5: 87
A6: 44211 | B6: Avoine Continvoir La Breille Brain | C6: 4 | D6: 77 | E6: 3 | F6: 8 | G6: =SUM(E6*60+F6) -> 188 | H6: =SUM(D6/G6*60) -> 24.574468 | I6: 348 | L6: 77
A7: 44212 | B7: Avoine Couesmé basses couziers | C7: 5 | D7: 67 | E7: 2 | F7: 39 | G7: =SUM(E7*60+F7) -> 159 | H7: =SUM(D7/G7*60) -> 25.283019 | I7: 263 | L7: 67
A8: 44215 | B8: Chinon Roiffé 3Moutiers Ceaux | C8: 6 | D8: 93 | E8: 3 | F8: 44 | G8: =SUM(E8*60+F8) -> 224 | H8: =SUM(D8/G8*60) -> 24.910714 | I8: 445 | L8: 93
A9: 44221 | B9: Avoine Ile St Martin | C9: 7 | D9: 24 | E9: 1 | F9: 20 | G9: =SUM(E9*60+F9) -> 80 | H9: =SUM(D9/G9*60) -> 18 | I9: 58 | L9: 24
A10: 44222 | B10: Chinon Candes Lerné Basses ceaux | C10: 8 | D10: 85 | E10: 3 | F10: 30 | G10: =SUM(E10*60+F10) -> 210 | H10: =SUM(D10/G10*60) -> 24.285714 | I10: 343 | L10: 85
A11: 44226 | B11: Avoine Bournand Raslay Chacé | C11: 9 | D11: 70 | E11: 2 | F11: 50 | G11: =SUM(E11*60+F11) -> 170 | H11: =SUM(D11/G11*60) -> 24.705882 | I11: 260 | L11: 70
C12: 10 | G12: =SUM(E12*60+F12) -> 0 | H12: =SUM(D12/G12*60) -> #DIV/0!
C13: 11 | G13: =SUM(E13*60+F13) -> 0 | H13: =SUM(D13/G13*60) -> #DIV/0!
C14: 12 | G14: =SUM(E14*60+F14) -> 0 | H14: =SUM(D14/G14*60) -> #DIV/0!
C15: 13 | G15: =SUM(E15*60+F15) -> 0 | H15: =SUM(D15/G15*60) -> #DIV/0!
C16: 14 | G16: =SUM(E16*60+F16) -> 0 | H16: =SUM(D16/G16*60) -> #DIV/0!
C17: 15 | G17: =SUM(E17*60+F17) -> 0 | H17: =SUM(D17/G17*60) -> #DIV/0!
C18: 16 | G18: =SUM(E18*60+F18) -> 0 | H18: =SUM(D18/G18*60) -> #DIV/0!
C19: 17 | G19: =SUM(E19*60+F19) -> 0 | H19: =SUM(D19/G19*60) -> #DIV/0!
C20: 18 | G20: =SUM(E20*60+F20) -> 0 | H20: =SUM(D20/G20*60) -> #DIV/0!
C21: 19 | G21: =SUM(E21*60+F21) -> 0 | H21: =SUM(D21/G21*60) -> #DIV/0!
C22: 20 | G22: =SUM(E22*60+F22) -> 0 | H22: =SUM(D22/G22*60) -> #DIV/0!
G23: =SUM(E23*60+F23) -> 0 | H23: =SUM(D23/G23*60) -> #DIV/0!
D24: =SUM(D3:D23) -> 646 | I24: =SUM(I3:I23) -> 2620 | K24: =SUM(K3:K23) -> 0 | L24: =SUM(L3:L23) -> 646
B25: =SUM(D24+0) -> 646 | H25: =SUM(I24+0) -> 2620

Sheet Fév
A1: Suivi Performances Février | H1: =SUM(Janv!H1) -> 2021
A2: Dates | B2: Désignation Sorties | C2: Nb | D2: Distances | E2: Durées | H2: Vit. Moy. | I2: Dév + | J2: Remarques | K2: Brochard | L2: S1NEO
A3: 44229 | B3: Chinon Candes Couziers Insay Basse Marçay | C3: 1 | D3: 94 | E3: 3 | F3: 51 | G3: =SUM(E3*60+F3) -> 231 | H3: =SUM(D3/G3*60) -> 24.415584 | I3: 473 | L3: 94
A4: 44231 | B4: Chinon IB Luzé Braslou Marçay | C4: 2 | D4: 90 | E4: 3 | F4: 38 | G4: =SUM(E4*60+F4) -> 218 | H4: =SUM(D4/G4*60) -> 24.770642 | I4: 440 | L4: 90
A5: 44233 | B5: Avoine Langeais Ingrandes | C5: 3 | D5: 60 | E5: 2 | F5: 24 | G5: =SUM(E5*60+F5) -> 144 | H5: =SUM(D5/G5*60) -> 25 | I5: 187 | L5: 60
A6: 44236 | B6: Avoine Cravant Rivarennes | C6: 4 | D6: 57 | E6: 2 | F6: 28 | G6: =SUM(E6*60+F6) -> 148 | H6: =SUM(D6/G6*60) -> 23.108108 | I6: 262 | L6: 57
A7: 44238 | B7: Chinon Azay Saché St Epain | C7: 5 | D7: 91 | E7: 3 | F7: 41 | G7: =SUM(E7*60+F7) -> 221 | H7: =SUM(D7/G7*60) -> 24.705882 | I7: 439 | L7: 91
A8: 44240 | B8: Balade USEAB | C8: 6 | D8: 15 | E8: 1 | G8: =SUM(E8*60+F8) -> 60 | H8: =SUM(D8/G8*60) -> 15 | I8: 32 | K8: 15
A9: 44243 | B9: Chinon Bournand Maulay ceaux | C9: 7 | D9: 87 | E9: 3 | F9: 31 | G9: =SUM(E9*60+F9) -> 211 | H9: =SUM(D9/G9*60) -> 24.739336 | I9: 413 | L9: 87
A10: 44246 | B10: Avoine Montreuil Morton fontevraud | C10: 8 | D10: 75 | E10: 2 | F10: 53 | G10: =SUM(E10*60+F10) -> 173 | H10: =SUM(D10/G10*60) -> 26.011561 | I10: 297 | L10: 75
A11: 44247 | B11: Avoine Chinon lémeré La Tour Marçay | C11: 9 | D11: 71 | E11: 2 | F11: 58 | G11: =SUM(E11*60+F11) -> 178 | H11: =SUM(D11/G11*60) -> 23.932584 | I11: 348 | L11: 71
A12: 44247 | B12: Balade USEAB | C12: 10 | D12: 25.5 | E12: 1 | F12: 36 | G12: =SUM(E12*60+F12) -> 96 | H12: =SUM(D12/G12*60) -> 15.9375 | I12: 76 | J12: Avec LOUIS | L12: 25
A13: 44250 | B13: Chinon Chacé vaudelnay Morton | C13: 11 | D13: 106 | E13: 4 | F13: 13 | G13: =SUM(E13*60+F13) -> 253 | H13: =SUM(D13/G13*60) -> 25.13834 | I13: 383 | L13: 106
A14: 44251 | B14: Avoine Couziers 3 Moutiers Terany candes | C14: 12 | D14: 84 | E14: 3 | F14: 20 | G14: =SUM(E14*60+F14) -> 200 | H14: =SUM(D14/G14*60) -> 25.2 | I14: 463 | L14: 84
A15: 44254 | B15: Avoine Avrillé ingrandes Chinon | C15: 13 | D15: 82 | E15: 3 | F15: 23 | G15: =SUM(E15*60+F15) -> 203 | H15: =SUM(D15/G15*60) -> 24.236453 | I15: 243 | J15: Chute Jean | L15: 82
A16: 44254 | B16: Avoine Balade USEAB | C16: 14 | D16: 31 | E16: 1 | F16: 52 | G16: =SUM(E16*60+F16) -> 112 | H16: =SUM(D16/G16*60) -> 16.607143 | I16: 73 | J16: Avec LOUIS | L16: 31
C17: 15 | G17: =SUM(E17*60+F17) -> 0 | H17: =SUM(D17/G17*60) -> #DIV/0!
C18: 16 | G18: =SUM(E18*60+F18) -> 0 | H18: =SUM(D18/G18*60) -> #DIV/0!
C19: 17 | G19: =SUM(E19*60+F19) -> 0 | H19: =SUM(D19/G19*60) -> #DIV/0!
C20: 18 | G20: =SUM(E20*60+F20) -> 0 | H20: =SUM(D20/G20*60) -> #DIV/0!
C21: 19 | G21: =SUM(E21*60+F21) -> 0 | H21: =SUM(D21/G21*60) -> #DIV/0!
C22: 20 | G22: =SUM(E22*60+F22) -> 0 | H22: =SUM(D22/G22*60) -> #DIV/0!
G23: =SUM(E23*60+F23) -> 0 | H23: =SUM(D23/G23*60) -> #DIV/0!
D24: =SUM(D3:D23) -> 968.5 | I24: =SUM(I3:I23) -> 4129 | K24: =SUM(K3:K23) -> 15 | L24: =SUM(L3:L23) -> 953
B25: =SUM(Janv!B25+Fév!D24) -> 1614.5 | H25: =SUM(Janv!H25+Fév!I24) -> 6749 | K25: =SUM(Janv!K24+Fév!K24) -> 15 | L25: =SUM(Janv!L24+Fév!L24) -> 1599

Sheet Mar
A1: Suivi Performances Mars | H1: =SUM(Janv!H1) -> 2021
A2: Dates | B2: Désignation Sorties | C2: Nb | D2: Distances | E2: Durées | H2: Vit. Moy. | I2: Dév + | J2: Remarques | K2: Brochard | L2: S1NEO
A3: 44256 | B3: Ste Flaive les Loups | C3: 1 | D3: 14 | E3: 1 | F3: 9 | G3: =SUM(E3*60+F3) -> 69 | H3: =SUM(D3/G3*60) -> 12.173913 | I3: 47 | J3: Avec Lucile | K3: 14
A4: 44256 | B4: Ste Flaive les Loups | C4: 2 | D4: 16 | F4: 54 | G4: =SUM(E4*60+F4) -> 54 | H4: =SUM(D4/G4*60) -> 17.777778 | I4: 45 | J4: Avec Louis | K4: 16
A5: 44259 | B5: Chinon Benais Rillé Vernoil Brain | C5: 3 | D5: 107 | E5: 4 | F5: 2 | G5: =SUM(E5*60+F5) -> 242 | H5: =SUM(D5/G5*60) -> 26.528926 | I5: 372 | L5: 107
A6: 44261 | B6: Avoine Continvoir Cléré Langeais | C6: 4 | D6: 80 | E6: 3 | F6: 9 | G6: =SUM(E6*60+F6) -> 189 | H6: =SUM(D6/G6*60) -> 25.396825 | I6: 252 | L6: 80
A7: 44261 | B7: Avoine Balade Louis | C7: 5 | D7: 24 | E7: 1 | F7: 24 | G7: =SUM(E7*60+F7) -> 84 | H7: =SUM(D7/G7*60) -> 17.142857 | I7: 42 | K7: 24
A8: 44264 | B8: Chinon St Epain Druye Bréhémont | C8: 6 | D8: 110 | E8: 4 | F8: 15 | G8: =SUM(E8*60+F8) -> 255 | H8: =SUM(D8/G8*60) -> 25.882353 | I8: 472 | L8: 110
A9: 44265 | B9: Avoine Rigny Balade | C9: 7 | D9: 26 | E9: 1 | F9: 30 | G9: =SUM(E9*60+F9) -> 90 | H9: =SUM(D9/G9*60) -> 17.333333 | I9: 73 | K9: 26
A10: 44271 | B10: Chinon Courléon Blou | C10: 8 | D10: 106 | E10: 4 | F10: 5 | G10: =SUM(E10*60+F10) -> 245 | H10: =SUM(D10/G10*60) -> 25.959184 | I10: 324 | L10: 106
A11: 44273 | B11: Chinon Continvoir Avrllé ingrandes | C11: 9 | D11: 108 | E11: 4 | F11: 12 | G11: =SUM(E11*60+F11) -> 252 | H11: =SUM(D11/G11*60) -> 25.714286 | I11: 406 | L11: 108
A12: 44275 | B12: Avoine Avrillé Langeais | C12: 10 | D12: 74 | E12: 2 | F12: 56 | G12: =SUM(E12*60+F12) -> 176 | H12: =SUM(D12/G12*60) -> 25.227273 | I12: 232 | L12: 74
A13: 44275 | B13: Avoine Balade Louis | C13: 11 | D13: 25.5 | E13: 1 | F13: 27 | G13: =SUM(E13*60+F13) -> 87 | H13: =SUM(D13/G13*60) -> 17.586207 | I13: 98 | K13: 25.5
A14: 44278 | B14: Chinon St epain Rilly La Tour Huismes | C14: 12 | D14: 110 | E14: 4 | F14: 22 | G14: =SUM(E14*60+F14) -> 262 | H14: =SUM(D14/G14*60) -> 25.19084 | I14: 571 | L14: 110
A15: 44279 | B15: Avoine varennes | C15: 13 | D15: 39 | E15: 1 | F15: 59 | G15: =SUM(E15*60+F15) -> 119 | H15: =SUM(D15/G15*60) -> 19.663866 | I15: 97 | L15: 39
A16: 44280 | B16: Chinon Dampierre Verrie Coudray | C16: 14 | D16: 103 | E16: 4 | F16: 7 | G16: =SUM(E16*60+F16) -> 247 | H16: =SUM(D16/G16*60) -> 25.020243 | I16: 407 | L16: 103
A17: 44282 | B17: Avoine Chacé Les Ulmes Coudray | C17: 15 | D17: 77 | E17: 3 | F17: 6 | G17: =SUM(E17*60+F17) -> 186 | H17: =SUM(D17/G17*60) -> 24.83871 | I17: 311 | L17: 77
A18: 44282 | B18: Avoine balade USEAB | C18: 16 | D18: 24 | E18: 1 | F18: 32 | G18: =SUM(E18*60+F18) -> 92 | H18: =SUM(D18/G18*60) -> 15.652174 | I18: 46 | K18: 24
A19: 44284 | B19: Avoine | C19: 17 | D19: 40 | E19: 1 | F19: 40 | G19: =SUM(E19*60+F19) -> 100 | H19: =SUM(D19/G19*60) -> 24 | I19: 100 | J19: Essai VAE
A20: 44285 | B20: Chinon Marigny IB | C20: 18 | D20: 112 | E20: 4 | F20: 16 | G20: =SUM(E20*60+F20) -> 256 | H20: =SUM(D20/G20*60) -> 26.25 | I20: 401 | L20: 112
C21: 19 | G21: =SUM(E21*60+F21) -> 0 | H21: =SUM(D21/G21*60) -> #DIV/0!
C22: 20 | G22: =SUM(E22*60+F22) -> 0 | H22: =SUM(D22/G22*60) -> #DIV/0!
G23: =SUM(E23*60+F23) -> 0 | H23: =SUM(D23/G23*60) -> #DIV/0!
D24: =SUM(D3:D23) -> 1195.5 | I24: =SUM(I3:I23) -> 4296 | K24: =SUM(K3:K23) -> 129.5 | L24: =SUM(L3:L23) -> 1026
B25: =SUM(Fév!B25+Mar!D24) -> 2810 | H25: =SUM(Fév!H25+Mar!I24) -> 11045 | K25: =SUM(Fév!K25+Mar!K24) -> 144.5 | L25: =SUM(Fév!L25+Mar!L24) -> 2625

Sheet Avr
A1: Suivi Performances Avril | H1: =SUM(Janv!H1) -> 2021
A2: Dates | B2: Désignation Sorties | C2: Nb | D2: Distances | E2: Durées | H2: Vit. Moy. | I2: Dév + | J2: Remarques | K2: Brochard | L2: S1NEO
A3: 44287 | B3: Chinon St Epain Courtineau Villeperdu | C3: 1 | D3: 125 | E3: 4 | F3: 45 | G3: =SUM(E3*60+F3) -> 285 | H3: =SUM(D3/G3*60) -> 26.315789 | I3: 441 | K3: 0 | L3: 125
A4: 44289 | B4: Avoine Langeais Cléré Continvoir | C4: 2 | D4: 85 | E4: 3 | F4: 31 | G4: =SUM(E4*60+F4) -> 211 | H4: =SUM(D4/G4*60) -> 24.170616 | I4: 261 | L4: 85
A5: 44292 | B5: Avoine Confinement 3-1 | C5: 3 | D5: 72 | E5: 2 | F5: 54 | G5: =SUM(E5*60+F5) -> 174 | H5: =SUM(D5/G5*60) -> 24.827586 | I5: 366 | L5: 72
A6: 44293 | B6: Avoine Rigny chinon candes | C6: 4 | D6: 82 | E6: 3 | F6: 26 | G6: =SUM(E6*60+F6) -> 206 | H6: =SUM(D6/G6*60) -> 23.883495 | I6: 519 | L6: 82
A7: 44294 | B7: Avoine Rigny chinon candes | C7: 5 | D7: 80 | E7: 3 | F7: 9 | G7: =SUM(E7*60+F7) -> 189 | H7: =SUM(D7/G7*60) -> 25.396825 | I7: 570 | L7: 80
A8: 44296 | B8: Avoine Candes couziers | C8: 6 | D8: 41 | E8: 2 | F8: 10 | G8: =SUM(E8*60+F8) -> 130 | H8: =SUM(D8/G8*60) -> 18.923077 | I8: 166 | J8: Avec Evelyne | L8: 41
A9: 44299 | B9: Avoine Candes Chinon Rigny | C9: 7 | D9: 92 | E9: 4 | F9: 7 | G9: =SUM(E9*60+F9) -> 247 | H9: =SUM(D9/G9*60) -> 22.348178 | I9: 343 | L9: 92
A10: 44300 | B10: Avoine Rigny chinon Lerné candes | C10: 8 | D10: 84 | E10: 3 | F10: 27 | G10: =SUM(E10*60+F10) -> 207 | H10: =SUM(D10/G10*60) -> 24.347826 | I10: 551 | L10: 84
A11: 44305 | B11: Avoine LOUIS | C11: 9 | D11: 21 | E11: 1 | F11: 15 | G11: =SUM(E11*60+F11) -> 75 | H11: =SUM(D11/G11*60) -> 16.8 | I11: 68 | J11: en VTT
A12: 44306 | B12: Avoine Bréhémont Cravant Chinon Lerné Candes101 | C12: 10 | D12: 101 | E12: 3 | F12: 38 | G12: =SUM(E12*60+F12) -> 218 | H12: =SUM(D12/G12*60) -> 27.798165 | I12: 363 | L12: 101
A13: 44307 | B13: Avoine LOUIS | C13: 11 | D13: 23 | E13: 1 | F13: 22 | G13: =SUM(E13*60+F13) -> 82 | H13: =SUM(D13/G13*60) -> 16.829268 | I13: 79 | J13: en VTT
A14: 44308 | B14: Avoine Bréhémont Cravant Chinon Lerné Candes | C14: 12 | D14: 102 | E14: 3 | F14: 48 | G14: =SUM(E14*60+F14) -> 228 | H14: =SUM(D14/G14*60) -> 26.842105 | I14: 430 | L14: 102
A15: 44310 | B15: Avoine Lignière Druye Azay | C15: 13 | D15: 79 | E15: 3 | F15: 20 | G15: =SUM(E15*60+F15) -> 200 | H15: =SUM(D15/G15*60) -> 23.7 | I15: 413 | L15: 79
A16: 44310 | B16: Avoine Balade USEAB | C16: 14 | D16: 28 | E16: 1 | F16: 46 | G16: =SUM(E16*60+F16) -> 106 | H16: =SUM(D16/G16*60) -> 15.849057 | I16: 78 | K16: 28
A17: 44310 | B17: Avoine Balade USEAB | C17: 15 | D17: 15 | F17: 45 | G17: =SUM(E17*60+F17) -> 45 | H17: =SUM(D17/G17*60) -> 20 | J17: Compl Balade Evelyne | K17: 15
A18: 44313 | B18: Avoine Azay Vallère Rigny Chinon | C18: 16 | D18: 101 | E18: 3 | F18: 43 | G18: =SUM(E18*60+F18) -> 223 | H18: =SUM(D18/G18*60) -> 27.174888 | I18: 354 | L18: 101
A19: 44315 | B19: Avoine Varennes Couziers Chinon Rigny | C19: 17 | D19: 100 | E19: 3 | F19: 46 | G19: =SUM(E19*60+F19) -> 226 | H19: =SUM(D19/G19*60) -> 26.548673 | I19: 556 | L19: 100
C20: 18 | G20: =SUM(E20*60+F20) -> 0 | H20: =SUM(D20/G20*60) -> #DIV/0!
C21: 19 | G21: =SUM(E21*60+F21) -> 0 | H21: =SUM(D21/G21*60) -> #DIV/0!
C22: 20 | G22: =SUM(E22*60+F22) -> 0 | H22: =SUM(D22/G22*60) -> #DIV/0!
G23: =SUM(E23*60+F23) -> 0 | H23: =SUM(D23/G23*60) -> #DIV/0!
D24: =SUM(D3:D23) -> 1231 | I24: =SUM(I3:I23) -> 5558 | K24: =SUM(K3:K23) -> 43 | L24: =SUM(L3:L23) -> 1144
B25: =SUM(Mar!B25+Avr!D24) -> 4041 | H25: =SUM(Mar!H25+Avr!I24) -> 16603 | K25: =SUM(Mar!K25+Avr!K24) -> 187.5 | L25: =SUM(Mar!L25+Avr!L24) -> 3769

Sheet Mai
A1: Suivi Performances Mai | H1: =SUM(Janv!H1) -> 2021
A2: Dates | B2: Désignation Sorties | C2: Nb | D2: Distances | E2: Durées | H2: Vit. Moy. | I2: Dév + | J2: Remarques | K2: Brochard | L2: S1NEO
A3: 44317 | B3: Avoine Avrillé Cléré Langeais | C3: 1 | D3: 84 | E3: 3 | F3: 15 | G3: =SUM(E3*60+F3) -> 195 | H3: =SUM(D3/G3*60) -> 25.846154 | I3: 279 | K3: 14 | L3: 84
A4: 44324 | B4: Avoine Ceaux Maulay Veniers 3 moutiers | C4: 2 | D4: 82 | E4: 3 | F4: 17 | G4: =SUM(E4*60+F4) -> 197 | H4: =SUM(D4/G4*60) -> 24.974619 | I4: 374 | L4: 82
A5: 44324 | B5: Balade Club USEAB | C5: 3 | D5: 27 | E5: 1 | F5: 45 | G5: =SUM(E5*60+F5) -> 105 | H5: =SUM(D5/G5*60) -> 15.428571 | I5: 116 | K5: 27
A6: 44327 | B6: Chinon Trèves Forges Montreuil | C6: 4 | D6: 109 | E6: 4 | F6: 22 | G6: =SUM(E6*60+F6) -> 262 | H6: =SUM(D6/G6*60) -> 24.961832 | I6: 471 | L6: 109
A7: 44331 | B7: Avoine Saumur Forges Bron | C7: 5 | D7: 85 | E7: 3 | F7: 17 | G7: =SUM(E7*60+F7) -> 197 | H7: =SUM(D7/G7*60) -> 25.888325 | I7: 419 | L7: 85
A8: 44334 | B8: Chinon Saumur Cunault Meigné Brézé | C8: 6 | D8: 113 | E8: 4 | F8: 31 | G8: =SUM(E8*60+F8) -> 271 | H8: =SUM(D8/G8*60) -> 25.01845 | I8: 457 | L8: 113
A9: 44336 | B9: Chinon Chacé le Puy Morton | C9: 7 | D9: 106 | E9: 4 | F9: 10 | G9: =SUM(E9*60+F9) -> 250 | H9: =SUM(D9/G9*60) -> 25.44 | I9: 525 | L9: 106
A10: 44338 | B10: Avoine 3 moutiers Ranton Epieds | C10: 8 | D10: 83 | E10: 3 | F10: 25 | G10: =SUM(E10*60+F10) -> 205 | H10: =SUM(D10/G10*60) -> 24.292683 | I10: 335 | L10: 83
A11: 44341 | B11: Chinon Saumur Meigné St Cyr | C11: 9 | D11: 105 | E11: 4 | G11: =SUM(E11*60+F11) -> 240 | H11: =SUM(D11/G11*60) -> 26.25 | I11: 377 | L11: 105
A12: 44343 | B12: Chinon Bréhémont Pont Ruan St Epain | C12: 10 | D12: 107 | E12: 3 | F12: 58 | G12: =SUM(E12*60+F12) -> 238 | H12: =SUM(D12/G12*60) -> 26.97479 | I12: 499 | L12: 107
A13: 44345 | B13: Audax 100 Chinon | C13: 11 | D13: 119 | E13: 5 | F13: 5 | G13: =SUM(E13*60+F13) -> 305 | H13: =SUM(D13/G13*60) -> 23.409836 | I13: 453 | L13: 119
A14: 44345 | B14: Balade Useab | C14: 12 | D14: 36 | E14: 2 | F14: 8 | G14: =SUM(E14*60+F14) -> 128 | H14: =SUM(D14/G14*60) -> 16.875 | I14: 78 | K14: 36
C15: 13 | G15: =SUM(E15*60+F15) -> 0 | H15: =SUM(D15/G15*60) -> #DIV/0!
C16: 14 | G16: =SUM(E16*60+F16) -> 0 | H16: =SUM(D16/G16*60) -> #DIV/0!
C17: 15 | G17: =SUM(E17*60+F17) -> 0 | H17: =SUM(D17/G17*60) -> #DIV/0!
C18: 16 | G18: =SUM(E18*60+F18) -> 0 | H18: =SUM(D18/G18*60) -> #DIV/0!
C19: 17 | G19: =SUM(E19*60+F19) -> 0 | H19: =SUM(D19/G19*60) -> #DIV/0!
C20: 18 | G20: =SUM(E20*60+F20) -> 0 | H20: =SUM(D20/G20*60) -> #DIV/0!
C21: 19 | G21: =SUM(E21*60+F21) -> 0 | H21: =SUM(D21/G21*60) -> #DIV/0!
C22: 20 | G22: =SUM(E22*60+F22) -> 0 | H22: =SUM(D22/G22*60) -> #DIV/0!
G23: =SUM(E23*60+F23) -> 0 | H23: =SUM(D23/G23*60) -> #DIV/0!
D24: =SUM(D3:D23) -> 1056 | I24: =SUM(I3:I23) -> 4383 | K24: =SUM(K3:K23) -> 77 | L24: =SUM(L3:L23) -> 993
B25: =SUM(Avr!B25+Mai!D24) -> 5097 | H25: =SUM(Avr!H25+Mai!I24) -> 20986 | K25: =SUM(Avr!K25+Mai!K24) -> 264.5 | L25: =SUM(Avr!L25+Mai!L24) -> 4762

Sheet Juin
A1: Suivi Performances Juin | H1: =SUM(Janv!H1) -> 2021
A2: Dates | B2: Désignation Sorties | C2: Nb | D2: Distances | E2: Durées | H2: Vit. Moy. | I2: Dév + | J2: Remarques | K2: Brochard | L2: S1NEO
A3: 44348 | B3: Chinon Avrillé Hommes Langeais | C3: 1 | D3: 109 | E3: 4 | F3: 1 | G3: =SUM(E3*60+F3) -> 241 | H3: =SUM(D3/G3*60) -> 27.136929 | I3: 374 | K3: 14 | L3: 109
A4: 44350 | B4: Chinon Marçay Insay | C4: 2 | D4: 87 | E4: 3 | F4: 54 | G4: =SUM(E4*60+F4) -> 234 | H4: =SUM(D4/G4*60) -> 22.307692 | I4: 344 | L4: 87
A5: 44352 | B5: Avoine Vernantes St Phibert Blou | C5: 3 | D5: 84 | E5: 3 | F5: 16 | G5: =SUM(E5*60+F5) -> 196 | H5: =SUM(D5/G5*60) -> 25.714286 | I5: 266 | L5: 84
A6: 44352 | B6: Avoine Balade USEAB | C6: 4 | D6: 36 | E6: 2 | F6: 1 | G6: =SUM(E6*60+F6) -> 121 | H6: =SUM(D6/G6*60) -> 17.85124 | I6: 121 | K6: 36
A7: 44353 | B7: Avoine Tutquant | C7: 5 | D7: 32 | E7: 1 | F7: 38 | G7: =SUM(E7*60+F7) -> 98 | H7: =SUM(D7/G7*60) -> 19.591837 | I7: 131 | L7: 32
A8: 44354 | B8: Gréalou Jour 1 | C8: 6 | D8: 44 | E8: 2 | F8: 37 | G8: =SUM(E8*60+F8) -> 157 | H8: =SUM(D8/G8*60) -> 16.815287 | I8: 768 | K8: 44
A9: 44355 | B9: Gréalou Jour 2 | C9: 7 | D9: 89 | E9: 4 | F9: 28 | G9: =SUM(E9*60+F9) -> 268 | H9: =SUM(D9/G9*60) -> 19.925373 | I9: 1193 | K9: 89
A10: 44355 | B10: Gréalou Jour 2 bis | C10: 8 | D10: 35 | E10: 1 | F10: 26 | G10: =SUM(E10*60+F10) -> 86 | H10: =SUM(D10/G10*60) -> 24.418605 | I10: 447 | K10: 35
A11: 44356 | B11: Gréalou Jour 3 | C11: 9 | D11: 107 | E11: 5 | F11: 47 | G11: =SUM(E11*60+F11) -> 347 | H11: =SUM(D11/G11*60) -> 18.501441 | I11: 1622 | K11: 107
A12: 44357 | B12: Gréalou Jour 4 | C12: 10 | D12: 52 | E12: 2 | F12: 34 | G12: =SUM(E12*60+F12) -> 154 | H12: =SUM(D12/G12*60) -> 20.25974 | I12: 712 | K12: 52
A13: 44359 | B13: Avoine Avrillé Cléré Langeais | C13: 11 | D13: 89 | E13: 3 | F13: 37 | G13: =SUM(E13*60+F13) -> 217 | H13: =SUM(D13/G13*60) -> 24.608295 | I13: 348 | L13: 89
A14: 44359 | B14: Avoine Balade USEAB | C14: 12 | D14: 24 | E14: 1 | F14: 29 | G14: =SUM(E14*60+F14) -> 89 | H14: =SUM(D14/G14*60) -> 16.179775 | I14: 55 | K14: 24
A15: 44361 | B15: Armor jour 1 | C15: 13 | D15: 76 | E15: 4 | F15: 52 | G15: =SUM(E15*60+F15) -> 292 | H15: =SUM(D15/G15*60) -> 15.616438 | I15: 587 | J15: Cyclo Camping VTT
A16: 44362 | B16: Armor jour 2 | C16: 14 | D16: 80 | E16: 6 | F16: 2 | G16: =SUM(E16*60+F16) -> 362 | H16: =SUM(D16/G16*60) -> 13.259669 | I16: 849 | J16: Cyclo Camping VTT
A17: 44363 | B17: Armor jour 3 | C17: 15 | D17: 79 | E17: 6 | F17: 2 | G17: =SUM(E17*60+F17) -> 362 | H17: =SUM(D17/G17*60) -> 13.093923 | I17: 1365 | J17: Cyclo Camping VTT
A18: 44364 | B18: Armor jour 4,1 | C18: 16 | D18: 55 | E18: 4 | F18: 12 | G18: =SUM(E18*60+F18) -> 252 | H18: =SUM(D18/G18*60) -> 13.095238 | I18: 510 | J18: Cyclo Camping VTT
A19: 44365 | B19: Armor jour 4,2 | C19: 17 | D19: 62 | E19: 4 | F19: 20 | G19: =SUM(E19*60+F19) -> 260 | H19: =SUM(D19/G19*60) -> 14.307692 | I19: 600 | J19: Cyclo Camping VTT
A20: 44366 | B20: Armor jour 5 | C20: 18 | D20: 64 | E20: 4 | F20: 36 | G20: =SUM(E20*60+F20) -> 276 | H20: =SUM(D20/G20*60) -> 13.913043 | I20: 613 | J20: Cyclo Camping VTT
A21: 44367 | B21: Armor jour 6 | C21: 19 | D21: 62 | E21: 4 | F21: 24 | G21: =SUM(E21*60+F21) -> 264 | H21: =SUM(D21/G21*60) -> 14.090909 | I21: 867 | J21: Cyclo Camping VTT
A22: 44368 | B22: Armor jour 7 | C22: 20 | D22: 75 | E22: 5 | G22: =SUM(E22*60+F22) -> 300 | H22: =SUM(D22/G22*60) -> 15 | I22: 893 | J22: Cyclo Camping VTT
A23: 44369 | B23: Armor jour 8 | C23: 21 | D23: 69 | E23: 4 | F23: 30 | G23: =SUM(E23*60+F23) -> 270 | H23: =SUM(D23/G23*60) -> 15.333333 | I23: 703 | J23: Cyclo Camping VTT
A24: 44371 | B24: Avoine Rillé | C24: 22 | D24: 95 | E24: 3 | F24: 44 | G24: =SUM(E24*60+F24) -> 224 | H24: =SUM(D24/G24*60) -> 25.446429 | I24: 302 | L24: 95
A25: 44373 | B25: Avoine Panzoult Azay | C25: 23 | D25: 67 | E25: 2 | F25: 48 | G25: =SUM(E25*60+F25) -> 168 | H25: =SUM(D25/G25*60) -> 23.928571 | I25: 266 | L25: 67
A26: 44373 | B26: Avoine Balade USEAB | C26: 24 | D26: 27 | E26: 1 | F26: 31 | G26: =SUM(E26*60+F26) -> 91 | H26: =SUM(D26/G26*60) -> 17.802198 | I26: 55 | K26: 27
A27: 44376 | B27: Chinon Saumur rou roiffé | C27: 25 | D27: 91 | E27: 3 | F27: 31 | G27: =SUM(E27*60+F27) -> 211 | H27: =SUM(D27/G27*60) -> 25.876777 | I27: 380 | L27: 91
C28: 26 | G28: =SUM(E28*60+F28) -> 0 | H28: =SUM(D28/G28*60) -> #DIV/0!
D29: =SUM(D3:D28) -> 1690 | I29: =SUM(I3:I28) -> 14371 | K29: =SUM(K3:K28) -> 428 | L29: =SUM(L3:L28) -> 654
B30: =SUM(Mai!B25+Juin!D29) -> 6787 | H30: =SUM(Mai!H25+Juin!I29) -> 35357 | K30: =SUM(Mai!K25+Juin!K29) -> 692.5 | L30: =SUM(Mai!L25+Juin!L29) -> 5416

Sheet Juil
A1: Suivi Performances Juillet | H1: =SUM(Janv!H1) -> 2021
A2: Dates | B2: Désignation Sorties | C2: Nb | D2: Distances | E2: Durées | H2: Vit. Moy. | I2: Dév + | J2: Remarques | K2: Brochard | L2: S1NEO
A3: 44378 | B3: Avoine Rilly | C3: 1 | D3: 99 | E3: 3 | F3: 41 | G3: =SUM(E3*60+F3) -> 221 | H3: =SUM(D3/G3*60) -> 26.877828 | I3: 405 | L3: 99
A4: 44383 | B4: Chinon Saumur Meigné | C4: 2 | D4: 100 | E4: 3 | F4: 48 | G4: =SUM(E4*60+F4) -> 228 | H4: =SUM(D4/G4*60) -> 26.315789 | I4: 433 | L4: 100
A5: 44392 | B5: Chinon Courléon Allonnes | C5: 3 | D5: 88 | E5: 3 | F5: 50 | G5: =SUM(E5*60+F5) -> 230 | H5: =SUM(D5/G5*60) -> 22.956522 | I5: 316 | L5: 88
A6: 44393 | B6: vélo francette 2021 J1 | C6: 4 | D6: 56 | E6: 3 | F6: 43 | G6: =SUM(E6*60+F6) -> 223 | H6: =SUM(D6/G6*60) -> 15.067265 | I6: 290 | J6: Cyclo Camping | K6: 56
A7: 44394 | B7: vélo francette 2021 J2 | C7: 5 | D7: 56 | E7: 3 | F7: 45 | G7: =SUM(E7*60+F7) -> 225 | H7: =SUM(D7/G7*60) -> 14.933333 | I7: 397 | J7: Cyclo Camping | K7: 56
A8: 44395 | B8: vélo francette 2021 J3 | C8: 7 | D8: 57 | E8: 3 | F8: 41 | G8: =SUM(E8*60+F8) -> 221 | H8: =SUM(D8/G8*60) -> 15.475113 | I8: 427 | J8: Cyclo Camping | K8: 57
A9: 44396 | B9: vélo francette 2021 J4 | C9: 8 | D9: 47 | E9: 3 | F9: 24 | G9: =SUM(E9*60+F9) -> 204 | H9: =SUM(D9/G9*60) -> 13.823529 | I9: 388 | J9: Cyclo Camping | K9: 47
A10: 44397 | B10: vélo francette 2021 J5 | C10: 9 | D10: 55 | E10: 3 | F10: 32 | G10: =SUM(E10*60+F10) -> 212 | H10: =SUM(D10/G10*60) -> 15.566038 | I10: 522 | J10: Cyclo Camping | K10: 55
A11: 44398 | B11: vélo francette 2021 J6 | C11: 10 | D11: 56 | E11: 3 | F11: 21 | G11: =SUM(E11*60+F11) -> 201 | H11: =SUM(D11/G11*60) -> 16.716418 | I11: 164 | J11: Cyclo Camping | K11: 56
A12: 44399 | B12: vélo francette 2021 J7 (R1) | C12: 11 | D12: 59 | E12: 3 | F12: 32 | G12: =SUM(E12*60+F12) -> 212 | H12: =SUM(D12/G12*60) -> 16.698113 | I12: 265 | J12: Cyclo Camping | K12: 59
A13: 44400 | B13: vélo francette 2021 J8 | C13: 12 | D13: repos | G13: =SUM(E13*60+F13) -> 0 | H13: =SUM(D13/G13*60) -> #VALUE! | J13: Cyclo Camping
A14: 44401 | B14: vélo francette 2021 J9 (R2) | C14: 13 | D14: 50 | E14: 3 | F14: 35 | G14: =SUM(E14*60+F14) -> 215 | H14: =SUM(D14/G14*60) -> 13.953488 | I14: 629 | J14: Cyclo Camping | K14: 50
A15: 44402 | B15: vélo francette 2021 J10 (R3) | C15: 14 | D15: 53 | E15: 3 | F15: 18 | G15: =SUM(E15*60+F15) -> 198 | H15: =SUM(D15/G15*60) -> 16.060606 | I15: 226 | J15: Cyclo Camping Vtt
A16: 44403 | B16: vélo francette 2021 J11 (R4) | C16: 15 | D16: 60 | E16: 4 | F16: 22 | G16: =SUM(E16*60+F16) -> 262 | H16: =SUM(D16/G16*60) -> 13.740458 | I16: 396 | J16: Cyclo Camping Vtt
A17: 44404 | B17: vélo francette 2021 J12 (R5) | C17: 16 | D17: 62 | E17: 4 | F17: 16 | G17: =SUM(E17*60+F17) -> 256 | H17: =SUM(D17/G17*60) -> 14.53125 | I17: 443 | J17: Cyclo Camping Vtt
A18: 44405 | B18: vélo francette 2021 J13 (R6) | C18: 17 | D18: 56 | E18: 3 | F18: 46 | G18: =SUM(E18*60+F18) -> 226 | H18: =SUM(D18/G18*60) -> 14.867257 | I18: 245 | J18: Cyclo Camping Vtt
A19: 44406 | B19: vélo francette 2021 J14 (R7) | C19: 18 | D19: 71 | E19: 4 | F19: 18 | G19: =SUM(E19*60+F19) -> 258 | H19: =SUM(D19/G19*60) -> 16.511628 | I19: 105 | J19: Cyclo Camping Vtt
A20: 44408 | B20: Avoine St Cyr Meigne Chacé | C20: 19 | D20: 78 | E20: 3 | F20: 23 | G20: =SUM(E20*60+F20) -> 203 | H20: =SUM(D20/G20*60) -> 23.054187 | I20: 305 | L20: 78
A21: 44408 | B21: Avoine balade USEAB | C21: 20 | D21: 36 | E21: 1 | F21: 55 | G21: =SUM(E21*60+F21) -> 115 | H21: =SUM(D21/G21*60) -> 18.782609 | I21: 78 | L21: 36
C22: 21 | G22: =SUM(E22*60+F22) -> 0 | H22: =SUM(D22/G22*60) -> #DIV/0!
C23: 22 | G23: =SUM(E23*60+F23) -> 0 | H23: =SUM(D23/G23*60) -> #DIV/0!
C24: 23 | G24: =SUM(E24*60+F24) -> 0 | H24: =SUM(D24/G24*60) -> #DIV/0!
C25: 24 | G25: =SUM(E25*60+F25) -> 0 | H25: =SUM(D25/G25*60) -> #DIV/0!
D26: =SUM(D3:D25) -> 1139 | I26: =SUM(I3:I25) -> 6034
B27: =SUM(Juin!B30+Juil!D26) -> 7926 | H27: =SUM(Juin!H30+Juil!I26) -> 41391
K29: =SUM(K3:K28) -> 436 | L29: =SUM(L3:L28) -> 401
K30: =SUM(Juin!K30+Juil!K29) -> 1128.5 | L30: =SUM(Juin!L30+Juil!L29) -> 5817

Sheet Aout
A1: Suivi Performances Août | H1: =SUM(Janv!H1) -> 2021
A2: Dates | B2: Désignation Sorties | C2: Nb | D2: Distances | E2: Durées | H2: Vit. Moy. | I2: Dév + | J2: Remarques | K2: Brochard | L2: S1NEO
A3: 44411 | B3: Chinon les Loges Blou | C3: 1 | D3: 81 | E3: 3 | F3: 32 | G3: =SUM(E3*60+F3) -> 212 | H3: =SUM(D3/G3*60) -> 22.924528 | I3: 330 | L3: 81
A4: 44413 | B4: Chinon Roiffé Antoigné | C4: 2 | D4: 87 | E4: 3 | F4: 50 | G4: =SUM(E4*60+F4) -> 230 | H4: =SUM(D4/G4*60) -> 22.695652 | I4: 315 | L4: 87
A5: 44415 | B5: Avoine Roiffé fontevraud | C5: 3 | D5: 43 | E5: 1 | F5: 40 | G5: =SUM(E5*60+F5) -> 100 | H5: =SUM(D5/G5*60) -> 25.8 | I5: 209 | L5: 43
A6: 44418 | B6: Chinon Cravant Saché Azay | C6: 4 | D6: 75 | E6: 3 | F6: 25 | G6: =SUM(E6*60+F6) -> 205 | H6: =SUM(D6/G6*60) -> 21.95122 | I6: 291 | L6: 75
A7: 44420 | B7: Chinon vallères villandry Bréhémont | C7: 5 | D7: 79 | E7: 3 | F7: 27 | G7: =SUM(E7*60+F7) -> 207 | H7: =SUM(D7/G7*60) -> 22.898551 | I7: 309 | L7: 79
A8: 44425 | B8: Chinon Blou St Nicolas | C8: 3 | D8: 84 | E8: 3 | F8: 35 | G8: =SUM(E8*60+F8) -> 215 | H8: =SUM(D8/G8*60) -> 23.44186 | I8: 311 | L8: 84
A9: 44427 | B9: Mouliherne Narnar | C9: 7 | D9: 141 | E9: 6 | F9: 18 | G9: =SUM(E9*60+F9) -> 378 | H9: =SUM(D9/G9*60) -> 22.380952 | I9: 429 | L9: 141
A10: 44429 | B10: Avoine Fontevraud douvy 3 Moutiers | C10: 8 | D10: 84 | E10: 3 | F10: 45 | G10: =SUM(E10*60+F10) -> 225 | H10: =SUM(D10/G10*60) -> 22.4 | I10: 360 | L10: 84
A11: 44429 | B11: Avoine Balade Useab | C11: 9 | D11: 42 | E11: 2 | F11: 11 | G11: =SUM(E11*60+F11) -> 131 | H11: =SUM(D11/G11*60) -> 19.236641 | I11: 100 | L11: 42
A12: 44432 | B12: Chinon Bourgueil Langeais | C12: 9 | D12: 88 | E12: 3 | F12: 46 | G12: =SUM(E12*60+F12) -> 226 | H12: =SUM(D12/G12*60) -> 23.362832 | I12: 283 | L12: 88
A13: 44434 | B13: Chinon Les Essarts langeais | C13: 11 | D13: 87 | E13: 3 | F13: 45 | G13: =SUM(E13*60+F13) -> 225 | H13: =SUM(D13/G13*60) -> 23.2 | I13: 388 | L13: 87
A14: 44439 | B14: Chinon Avrillé St Symphorien Langeais | C14: 12 | D14: 82 | E14: 3 | F14: 16 | G14: =SUM(E14*60+F14) -> 196 | H14: =SUM(D14/G14*60) -> 25.102041 | I14: 257 | K14: 82
C15: 13 | G15: =SUM(E15*60+F15) -> 0 | H15: =SUM(D15/G15*60) -> #DIV/0!
C16: 14 | G16: =SUM(E16*60+F16) -> 0 | H16: =SUM(D16/G16*60) -> #DIV/0!
C17: 15 | G17: =SUM(E17*60+F17) -> 0 | H17: =SUM(D17/G17*60) -> #DIV/0!
C18: 16 | G18: =SUM(E18*60+F18) -> 0 | H18: =SUM(D18/G18*60) -> #DIV/0!
C19: 17 | G19: =SUM(E19*60+F19) -> 0 | H19: =SUM(D19/G19*60) -> #DIV/0!
C20: 18 | G20: =SUM(E20*60+F20) -> 0 | H20: =SUM(D20/G20*60) -> #DIV/0!
C21: 19 | G21: =SUM(E21*60+F21) -> 0 | H21: =SUM(D21/G21*60) -> #DIV/0!
C22: 20 | G22: =SUM(E22*60+F22) -> 0 | H22: =SUM(D22/G22*60) -> #DIV/0!
C23: 21 | G23: =SUM(E23*60+F23) -> 0 | H23: =SUM(D23/G23*60) -> #DIV/0!
I24: =SUM(I3:I23) -> 3582
D25: =SUM(D3:D24) -> 973 | H25: =SUM(Juil!H27+Aout!I24) -> 44973
B26: =SUM(Juil!B27+Aout!D25) -> 8899
K29: =SUM(K3:K28) -> 82 | L29: =SUM(L3:L28) -> 891
K30: =SUM(Juil!K30+Aout!K29) -> 1210.5 | L30: =SUM(Juil!L30+Aout!L29) -> 6708

Sheet Sept
A1: Suivi Performances Septembre | H1: =SUM(Janv!H1) -> 2021
A2: Dates | B2: Désignation Sorties | C2: Nb | D2: Distances | E2: Durées | H2: Vit. Moy. | I2: Dév + | J2: Remarques | K2: Brochard | L2: S1NEO
A3: 44441 | B3: Avoine St Epain Druye Bréhémont | C3: 1 | D3: 94 | E3: 3 | F3: 42 | G3: =SUM(E3*60+F3) -> 222 | H3: =SUM(D3/G3*60) -> 25.405405 | I3: 315 | K3: 94
A4: 44443 | B4: Avoine Ceaux Loudun 3 Moutiers | C4: 2 | D4: 81 | E4: 3 | F4: 20 | G4: =SUM(E4*60+F4) -> 200 | H4: =SUM(D4/G4*60) -> 24.3 | I4: 366 | L4: 81
A5: 44443 | B5: Balade Club USEAB | C5: 3 | D5: 28 | E5: 1 | F5: 51 | G5: =SUM(E5*60+F5) -> 111 | H5: =SUM(D5/G5*60) -> 15.135135 | I5: 69 | K5: 28
A6: 44445 | B6: Lac de DER | C6: 2 | D6: 37 | E6: 1 | F6: 52 | G6: =SUM(E6*60+F6) -> 112 | H6: =SUM(D6/G6*60) -> 19.821429 | I6: 178 | K6: 37
A7: 44446 | B7: Alsace Bossue Saralbe | C7: 5 | D7: 36 | E7: 2 | F7: 15 | G7: =SUM(E7*60+F7) -> 135 | H7: =SUM(D7/G7*60) -> 16 | I7: 392 | K7: 36
A8: 44451 | B8: Lorraine Gemaingoutte | C8: 6 | D8: 18 | E8: 1 | F8: 12 | G8: =SUM(E8*60+F8) -> 72 | H8: =SUM(D8/G8*60) -> 15 | I8: 287 | K8: 18
A9: 44452 | B9: Vosges Gemaingoutte | C9: 7 | D9: 56 | E9: 2 | F9: 48 | G9: =SUM(E9*60+F9) -> 168 | H9: =SUM(D9/G9*60) -> 20 | I9: 1406 | K9: 56
A10: 44456 | B10: Lac de DER | C10: 8 | D10: 43 | E10: 2 | F10: 13 | G10: =SUM(E10*60+F10) -> 133 | H10: =SUM(D10/G10*60) -> 19.398496 | I10: 189 | K10: 43
A11: 44457 | B11: Lac d'Orient | C11: 9 | D11: 53 | E11: 2 | F11: 36 | G11: =SUM(E11*60+F11) -> 156 | H11: =SUM(D11/G11*60) -> 20.384615 | I11: 138 | K11: 53
A12: 44460 | B12: Avoine St Epain Azay | C12: 10 | D12: 86 | E12: 3 | F12: 30 | G12: =SUM(E12*60+F12) -> 210 | H12: =SUM(D12/G12*60) -> 24.571429 | K12: 86
A13: 44462 | B13: Chinon Courléon Gizeux | C13: 11 | D13: 74 | E13: 3 | F13: 15 | G13: =SUM(E13*60+F13) -> 195 | H13: =SUM(D13/G13*60) -> 22.769231 | I13: 228 | L13: 74
A14: 44464 | B14: Avoine Lignière Druye Azay Panzoult | C14: 12 | D14: 87 | E14: 3 | F14: 20 | G14: =SUM(E14*60+F14) -> 200 | H14: =SUM(D14/G14*60) -> 26.1 | I14: 297 | L14: 87
A15: 44467 | B15: Chinon Messemé Angliers Glénouze | C15: 13 | D15: 97 | E15: 3 | F15: 45 | G15: =SUM(E15*60+F15) -> 225 | H15: =SUM(D15/G15*60) -> 25.866667 | I15: 474 | L15: 97
A16: 44469 | B16: Chinon Saumur Forges Montreuil | C16: 14 | D16: 117 | E16: 4 | F16: 31 | G16: =SUM(E16*60+F16) -> 271 | H16: =SUM(D16/G16*60) -> 25.904059 | I16: 489 | L16: 117
C17: 15 | G17: =SUM(E17*60+F17) -> 0 | H17: =SUM(D17/G17*60) -> #DIV/0!
C18: 16 | G18: =SUM(E18*60+F18) -> 0 | H18: =SUM(D18/G18*60) -> #DIV/0!
C19: 17 | G19: =SUM(E19*60+F19) -> 0 | H19: =SUM(D19/G19*60) -> #DIV/0!
C20: 18 | G20: =SUM(E20*60+F20) -> 0 | H20: =SUM(D20/G20*60) -> #DIV/0!
C21: 19 | G21: =SUM(E21*60+F21) -> 0 | H21: =SUM(D21/G21*60) -> #DIV/0!
C22: 20 | G22: =SUM(E22*60+F22) -> 0 | H22: =SUM(D22/G22*60) -> #DIV/0!
G23: =SUM(E23*60+F23) -> 0 | H23: =SUM(D23/G23*60) -> #DIV/0!
D24: =SUM(D3:D23) -> 907 | I24: =SUM(I3:I23) -> 4828
B25: =SUM(Aout!B26+Sept!D24) -> 9806 | H25: =SUM(Aout!H25+Sept!I24) -> 49801
K29: =SUM(K3:K28) -> 451 | L29: =SUM(L3:L28) -> 456
K30: =SUM(Aout!K30+Sept!K29) -> 1661.5 | L30: =SUM(Aout!L30+Sept!L29) -> 7164

Sheet Oct
A1: Suivi Performances Octobre | H1: =SUM(Janv!H1) -> 2021
A2: Dates | B2: Désignation Sorties | C2: Nb | D2: Distances | E2: Durées | H2: Vit. Moy. | I2: Dév + | J2: Remarques | K2: Brochard | L2: S1NEO
A3: 44471 | B3: Avoine St Epain Saché Cheillé | C3: 1 | D3: 86 | E3: 3 | F3: 18 | G3: =SUM(E3*60+F3) -> 198 | H3: =SUM(D3/G3*60) -> 26.060606 | I3: 485 | L3: 86
A4: 44474 | B4: Chinon La Breille | C4: 2 | D4: 93 | E4: 3 | F4: 48 | G4: =SUM(E4*60+F4) -> 228 | H4: =SUM(D4/G4*60) -> 24.473684 | I4: 298 | L4: 93
A5: 44476 | B5: Chinon Cunault Doué le Puy | C5: 3 | D5: 124 | E5: 4 | F5: 33 | G5: =SUM(E5*60+F5) -> 273 | H5: =SUM(D5/G5*60) -> 27.252747 | I5: 514 | L5: 124
A6: 44478 | B6: Avoine Langeais Hommes | C6: 4 | D6: 86 | E6: 3 | F6: 28 | G6: =SUM(E6*60+F6) -> 208 | H6: =SUM(D6/G6*60) -> 24.807692 | I6: 311 | L6: 86
A7: 44478 | B7: Avoine Balade Useab | C7: 5 | D7: 28 | E7: 1 | F7: 45 | G7: =SUM(E7*60+F7) -> 105 | H7: =SUM(D7/G7*60) -> 16 | I7: 79 | K7: 28
A8: 44481 | B8: Chinon Courléon Langeais | C8: 6 | D8: 98 | E8: 3 | F8: 45 | G8: =SUM(E8*60+F8) -> 225 | H8: =SUM(D8/G8*60) -> 26.133333 | I8: 305 | L8: 98
A9: 44483 | B9: Chinon les Loges Langeais | C9: 7 | D9: 100 | E9: 4 | F9: 7 | G9: =SUM(E9*60+F9) -> 247 | H9: =SUM(D9/G9*60) -> 24.291498 | I9: 532 | L9: 100
A10: 44485 | B10: Avoine Ligniere Vallère St Benoit | C10: 8 | D10: 71 | E10: 3 | F10: 12 | G10: =SUM(E10*60+F10) -> 192 | H10: =SUM(D10/G10*60) -> 22.1875 | I10: 263 | L10: 71
A11: 44485 | B11: Avoine Balade Useab | C11: 9 | D11: 29 | E11: 1 | F11: 57 | G11: =SUM(E11*60+F11) -> 117 | H11: =SUM(D11/G11*60) -> 14.871795 | I11: 108 | K11: 29
A12: 44488 | B12: Chinon IB Rilly Richelieu | C12: 10 | D12: 96 | E12: 3 | F12: 42 | G12: =SUM(E12*60+F12) -> 222 | H12: =SUM(D12/G12*60) -> 25.945946 | I12: 461 | L12: 96
A13: 44490 | B13: Chinon Saumur Meigné St Cyr | C13: 11 | D13: 96 | E13: 3 | F13: 59 | G13: =SUM(E13*60+F13) -> 239 | H13: =SUM(D13/G13*60) -> 24.100418 | I13: 460 | L13: 96
A14: 44492 | B14: Avoine Valléres Bréhémont | C14: 12 | D14: 68 | E14: 2 | F14: 44 | G14: =SUM(E14*60+F14) -> 164 | H14: =SUM(D14/G14*60) -> 24.878049 | I14: 238 | L14: 68
A15: 44492 | B15: Avoine Balade Useab | C15: 13 | D15: 22 | E15: 1 | F15: 17 | G15: =SUM(E15*60+F15) -> 77 | H15: =SUM(D15/G15*60) -> 17.142857 | I15: 92 | K15: 22
A16: 44495 | B16: Chinon Vrère Antoigné Roiffé | C16: 14 | D16: 108 | E16: 4 | F16: 11 | G16: =SUM(E16*60+F16) -> 251 | H16: =SUM(D16/G16*60) -> 25.816733 | I16: 302 | L16: 108
A17: 44497 | B17: Chinon Candes Bernazay Basses Marçay | C17: 15 | D17: 92 | E17: 3 | F17: 50 | G17: =SUM(E17*60+F17) -> 230 | H17: =SUM(D17/G17*60) -> 24 | I17: 447 | L17: 92
C18: 16 | G18: =SUM(E18*60+F18) -> 0 | H18: =SUM(D18/G18*60) -> #DIV/0!
C19: 17 | G19: =SUM(E19*60+F19) -> 0 | H19: =SUM(D19/G19*60) -> #DIV/0!
C20: 18 | G20: =SUM(E20*60+F20) -> 0 | H20: =SUM(D20/G20*60) -> #DIV/0!
C21: 19 | G21: =SUM(E21*60+F21) -> 0 | H21: =SUM(D21/G21*60) -> #DIV/0!
C22: 20 | G22: =SUM(E22*60+F22) -> 0 | H22: =SUM(D22/G22*60) -> #DIV/0!
G23: =SUM(E23*60+F23) -> 0 | H23: =SUM(D23/G23*60) -> #DIV/0!
D24: =SUM(D3:D23) -> 1197 | I24: =SUM(I3:I23) -> 4895
B25: =SUM(Sept!B25+Oct!D24) -> 11003 | H25: =SUM(Sept!H25+Oct!I24) -> 54696
K29: =SUM(K3:K28) -> 79 | L29: =SUM(L3:L28) -> 1118
K30: =SUM(Sept!K30+Oct!K29) -> 1740.5 | L30: =SUM(Sept!L30+Oct!L29) -> 8282

Sheet Nov
A1: Suivi Performances Novembre | H1: =SUM(Janv!H1) -> 2021
A2: Dates | B2: Désignation Sorties | C2: Nb | D2: Distances | E2: Durées | H2: Vit. Moy. | I2: Dév + | J2: Remarques | K2: Brochard | L2: S1NEO
A3: 44502 | B3: Chinon Candes Epennes Ceaux | C3: 1 | D3: 80 | E3: 3 | F3: 15 | G3: =SUM(E3*60+F3) -> 195 | H3: =SUM(D3/G3*60) -> 24.615385 | I3: 382 | L3: 80
A4: 44504 | B4: Chinon Langeais Gizeux | C4: 2 | D4: 81 | E4: 3 | F4: 21 | G4: =SUM(E4*60+F4) -> 201 | H4: =SUM(D4/G4*60) -> 24.179104 | I4: 383 | L4: 81
A5: 44506 | B5: Avoine Ceaux Maulay Basse | C5: 3 | D5: 75 | E5: 3 | F5: 2 | G5: =SUM(E5*60+F5) -> 182 | H5: =SUM(D5/G5*60) -> 24.725275 | I5: 307 | L5: 75
A6: 44506 | B6: Avoine Orcehstre dylan (Langeais) | C6: 4 | D6: 49 | E6: 2 | F6: 1 | G6: =SUM(E6*60+F6) -> 121 | H6: =SUM(D6/G6*60) -> 24.297521 | I6: 60 | L6: 49
A7: 44509 | B7: Chinon Faye Chinon | C7: 5 | D7: 54 | E7: 2 | F7: 34 | G7: =SUM(E7*60+F7) -> 154 | H7: =SUM(D7/G7*60) -> 21.038961 | I7: 177 | L7: 54
A8: 44510 | B8: Avoine Langeais Avrillé | C8: 6 | D8: 81 | E8: 3 | F8: 17 | G8: =SUM(E8*60+F8) -> 197 | H8: =SUM(D8/G8*60) -> 24.670051 | I8: 341 | L8: 81
A9: 44510 | B9: Avoine Savigny | C9: 7 | D9: 9 | F9: 31 | G9: =SUM(E9*60+F9) -> 31 | H9: =SUM(D9/G9*60) -> 17.419355 | I9: 22 | K9: 9
A10: 44513 | B10: Avoine St Cyr Meigné Saumur | C10: 8 | D10: 72 | E10: 3 | F10: 5 | G10: =SUM(E10*60+F10) -> 185 | H10: =SUM(D10/G10*60) -> 23.351351 | I10: 340 | L10: 72
A11: 44513 | B11: Balade USEAB | C11: 9 | D11: 31 | E11: 1 | F11: 44 | G11: =SUM(E11*60+F11) -> 104 | H11: =SUM(D11/G11*60) -> 17.884615 | I11: 47 | L11: 31
A12: 44516 | B12: Chinon Ceaux Loudun | C12: 10 | D12: 84 | E12: 3 | F12: 28 | G12: =SUM(E12*60+F12) -> 208 | H12: =SUM(D12/G12*60) -> 24.230769 | I12: 345 | L12: 84
A13: 44520 | B13: Avoine bréhémont Vallére St Benoit | C13: 11 | D13: 72 | E13: 3 | G13: =SUM(E13*60+F13) -> 180 | H13: =SUM(D13/G13*60) -> 24 | I13: 270 | L13: 72
A14: 44520 | B14: Balade USEAB | C14: 12 | D14: 22 | E14: 1 | F14: 19 | G14: =SUM(E14*60+F14) -> 79 | H14: =SUM(D14/G14*60) -> 16.708861 | I14: 27 | K14: 22
A15: 44525 | B15: Chinon benais les Essarts Langeais | C15: 13 | D15: 86 | E15: 3 | F15: 31 | G15: =SUM(E15*60+F15) -> 211 | H15: =SUM(D15/G15*60) -> 24.454976 | I15: 297 | L15: 86
A16: 44530 | B16: Chinon Saumur Marson Coudray | C16: 14 | D16: 86 | E16: 3 | F16: 36 | G16: =SUM(E16*60+F16) -> 216 | H16: =SUM(D16/G16*60) -> 23.888889 | I16: 342 | L16: 86
C17: 15 | G17: =SUM(E17*60+F17) -> 0 | H17: =SUM(D17/G17*60) -> #DIV/0!
C18: 16 | G18: =SUM(E18*60+F18) -> 0 | H18: =SUM(D18/G18*60) -> #DIV/0!
C19: 17 | G19: =SUM(E19*60+F19) -> 0 | H19: =SUM(D19/G19*60) -> #DIV/0!
C20: 18 | G20: =SUM(E20*60+F20) -> 0 | H20: =SUM(D20/G20*60) -> #DIV/0!
C21: 19 | G21: =SUM(E21*60+F21) -> 0 | H21: =SUM(D21/G21*60) -> #DIV/0!
C22: 20 | G22: =SUM(E22*60+F22) -> 0 | H22: =SUM(D22/G22*60) -> #DIV/0!
G23: =SUM(E23*60+F23) -> 0 | H23: =SUM(D23/G23*60) -> #DIV/0!
D24: =SUM(D3:D23) -> 882 | I24: =SUM(I3:I23) -> 3340
B25: =SUM(Oct!B25+Nov!D24) -> 11885 | H25: =SUM(Oct!H25+Nov!I24) -> 58036
K29: =SUM(K3:K23) -> 31 | L29: =SUM(L3:L23) -> 851
K30: =SUM(Oct!K30+Nov!K29) -> 1771.5 | L30: =SUM(Oct!L30+Nov!L29) -> 9133

Sheet Déc
A1: Suivi Performances Décembre | H1: =SUM(Janv!H1) -> 2021
A2: Dates | B2: Désignation Sorties | C2: Nb | D2: Distances | E2: Durées | H2: Vit. Moy. | I2: Dév + | J2: Remarques | K2: Brochard | L2: S1NEO
A3: 44532 | B3: Chinon La breille Allonnes | C3: 1 | D3: 84 | E3: 3 | F3: 28 | G3: =SUM(E3*60+F3) -> 208 | H3: =SUM(D3/G3*60) -> 24.230769 | I3: 326 | L3: 84
A4: 44539 | B4: Avoine Saumur Marson Coudray | C4: 3 | D4: 83 | E4: 3 | F4: 31 | G4: =SUM(E4*60+F4) -> 211 | H4: =SUM(D4/G4*60) -> 23.601896 | I4: 398 | L4: 83
A5: 44541 | B5: Avoine St Cyr Cizay Munet | C5: 3 | D5: 72 | E5: 2 | F5: 59 | G5: =SUM(E5*60+F5) -> 179 | H5: =SUM(D5/G5*60) -> 24.134078 | I5: 404 | K5: 72
A6: 44544 | B6: Avoine Benais St Patrice Restigné | C6: 4 | D6: 60 | E6: 2 | F6: 36 | G6: =SUM(E6*60+F6) -> 156 | H6: =SUM(D6/G6*60) -> 23.076923 | I6: 193 | L6: 60
A7: 44546 | B7: Chinon Rivarenne Azay Panzoult | C7: 5 | D7: 81 | E7: 3 | F7: 17 | G7: =SUM(E7*60+F7) -> 197 | H7: =SUM(D7/G7*60) -> 24.670051 | I7: 248 | L7: 81
A8: 44548 | B8: Avoine Vallère Bréhémont | C8: 6 | D8: 71 | E8: 2 | F8: 57 | G8: =SUM(E8*60+F8) -> 177 | H8: =SUM(D8/G8*60) -> 24.067797 | I8: 263 | L8: 71
A9: 44558 | B9: Chinon Saumur Riou Chacé | C9: 7 | D9: 75 | E9: 3 | F9: 11 | G9: =SUM(E9*60+F9) -> 191 | H9: =SUM(D9/G9*60) -> 23.560209 | I9: 293 | L9: 75
A10: 44560 | B10: Chinon Richelieu IB Huismes | C10: 8 | D10: 101 | E10: 4 | F10: 14 | G10: =SUM(E10*60+F10) -> 254 | H10: =SUM(D10/G10*60) -> 23.858268 | I10: 445 | L10: 101
C11: 9 | G11: =SUM(E11*60+F11) -> 0 | H11: =SUM(D11/G11*60) -> #DIV/0!
C12: 10 | G12: =SUM(E12*60+F12) -> 0 | H12: =SUM(D12/G12*60) -> #DIV/0!
C13: 11 | G13: =SUM(E13*60+F13) -> 0 | H13: =SUM(D13/G13*60) -> #DIV/0!
C14: 12 | G14: =SUM(E14*60+F14) -> 0 | H14: =SUM(D14/G14*60) -> #DIV/0!
C15: 13 | G15: =SUM(E15*60+F15) -> 0 | H15: =SUM(D15/G15*60) -> #DIV/0!
C16: 14 | G16: =SUM(E16*60+F16) -> 0 | H16: =SUM(D16/G16*60) -> #DIV/0!
C17: 15 | G17: =SUM(E17*60+F17) -> 0 | H17: =SUM(D17/G17*60) -> #DIV/0!
C18: 16 | G18: =SUM(E18*60+F18) -> 0 | H18: =SUM(D18/G18*60) -> #DIV/0!
C19: 17 | G19: =SUM(E19*60+F19) -> 0 | H19: =SUM(D19/G19*60) -> #DIV/0!
C20: 18 | G20: =SUM(E20*60+F20) -> 0 | H20: =SUM(D20/G20*60) -> #DIV/0!
C21: 19 | G21: =SUM(E21*60+F21) -> 0 | H21: =SUM(D21/G21*60) -> #DIV/0!
C22: 20 | G22: =SUM(E22*60+F22) -> 0 | H22: =SUM(D22/G22*60) -> #DIV/0!
G23: =SUM(E23*60+F23) -> 0 | H23: =SUM(D23/G23*60) -> #DIV/0!
D24: =SUM(D3:D23) -> 627 | I24: =SUM(I3:I23) -> 2570
B25: =SUM(Nov!B25+Déc!D24) -> 12512 | H25: =SUM(Nov!H25+Déc!I24) -> 60606
K29: =SUM(K3:K28) -> 72 | L29: =SUM(L3:L28) -> 555
K30: =SUM(Nov!K30+Déc!K29) -> 1843.5 | L30: =SUM(Nov!L30+Déc!L29) -> 9688
