Workbook

Sheet Janv
A1: Suivi Performances Janvier | H1: 2025
A2: Dates | B2: Désignation Sorties | C2: Nb | D2: Distances | E2: Durées | H2: Vit. Moy. | I2: Dév + | J2: Remarques | K2: Brochard | L2: S1NEO
A3: 45664 | B3: Avoine Paris Buton les Loges | C3: 1 | D3: 50 | E3: 2 | F3: 10 | G3: =SUM(E3*60+F3) -> 130 | H3: =SUM(D3/G3*60) -> 23.076923 | I3: 266 | L3: 50
C4: 2 | G4: =SUM(E4*60+F4) -> 0 | H4: =SUM(D4/G4*60) -> #DIV/0!
C5: 3 | G5: =SUM(E5*60+F5) -> 0 | H5: =SUM(D5/G5*60) -> #DIV/0!
C6: 4 | G6: =SUM(E6*60+F6) -> 0 | H6: =SUM(D6/G6*60) -> #DIV/0!
C7: 5 | G7: =SUM(E7*60+F7) -> 0 | H7: =SUM(D7/G7*60) -> #DIV/0!
C8: 6 | G8: =SUM(E8*60+F8) -> 0 | H8: =SUM(D8/G8*60) -> #DIV/0!
C9: 7 | G9: =SUM(E9*60+F9) -> 0 | H9: =SUM(D9/G9*60) -> #DIV/0!
C10: 8 | G10: =SUM(E10*60+F10) -> 0 | H10: =SUM(D10/G10*60) -> #DIV/0!
C11: 9 | G11: =SUM(E11*60+F11) -> 0 | H11: =SUM(D11/G11*60) -> #DIV/0!
C12: 10 | G12: =SUM(E12*60+F12) -> 0 | H12: =SUM(D12/G12*60) -> #DIV/0!
C13: 11 | G13: =SUM(E13*60+F13) -> 0 | H13: =SUM(D13/G13*60) -> #DIV/0!
C14: 12 | G14: =SUM(E14*60+F14) -> 0 | H14: =SUM(D14/G14*60) -> #DIV/0!
C15: 13 | G15: =SUM(E15*60+F15) -> 0 | H15: =SUM(D15/G15*60) -> #DIV/0!
... C23: 21 | G23: =SUM(E23*60+F23) -> 0 | H23: =SUM(D23/G23*60) -> #DIV/0!
D24: =SUM(D3:D23) -> 50 | I24: =SUM(I3:I23) -> 266 | K24: =SUM(K3:K23) -> 0 | L24: =SUM(L3:L23) -> 50
A25: Km total 2025 | B25: =SUM(D24+0) -> 50 | H25: =SUM(I24+0) -> 266 | K25: =SUM(K24) -> 0 | L25: =SUM(L24) -> 50
J26: Année 2021 | K26: 1843 | L26: 9688
J27: Année 2022 | K27: =SUM(Janv!K27) -> 2920 | L27: =SUM(Janv!L27) -> 6043
J28: Année 2023 | K28: 7538 | L28: 3488
J29: Année 2024 | K29: 624 | L29: 4941
J30: KM total | K30: =SUM(K26:K29) -> 12925 | L30: =SUM(L26:L29) -> 24160

Sheet Fév
A1: Suivi Performances Février | H1: =SUM(Janv!H1) -> 2025
A2: Dates | B2: Désignation Sorties | C2: Nb | D2: Distances | E2: Durées | H2: Vit. Moy. | I2: Dév + | J2: Remarques | K2: Brochard | L2: S1NEO
A3: 45689 | B3: Avoine Rivarenne Azay Panzoult | C3: 1 | D3: 65 | E3: 2 | F3: 53 | G3: =SUM(E3*60+F3) -> 173 | H3: =SUM(D3/G3*60) -> 22.543353 | I3: 372 | L3: 65
A4: 45696 | B4: Avoine Messemé | C4: 2 | D4: 61 | E4: 2 | F4: 42 | G4: =SUM(E4*60+F4) -> 162 | H4: =SUM(D4/G4*60) -> 22.592593 | I4: 325 | L4: 61
A5: 45703 | B5: Avoine Bréhémont Vallère Rivarenne | C5: 3 | D5: 68 | E5: 3 | F5: 4 | G5: =SUM(E5*60+F5) -> 184 | H5: =SUM(D5/G5*60) -> 22.173913 | I5: 291 | L5: 68
A6: 45710 | B6: Avoine | C6: 4 | D6: 10 | F6: 27 | G6: =SUM(E6*60+F6) -> 27 | H6: =SUM(D6/G6*60) -> 22.222222 | I6: 17 | L6: 10
C7: 5 | G7: =SUM(E7*60+F7) -> 0 | H7: =SUM(D7/G7*60) -> #DIV/0!
C8: 6 | G8: =SUM(E8*60+F8) -> 0 | H8: =SUM(D8/G8*60) -> #DIV/0!
C9: 7 | G9: =SUM(E9*60+F9) -> 0 | H9: =SUM(D9/G9*60) -> #DIV/0!
C10: 8 | G10: =SUM(E10*60+F10) -> 0 | H10: =SUM(D10/G10*60) -> #DIV/0!
C11: 9 | G11: =SUM(E11*60+F11) -> 0 | H11: =SUM(D11/G11*60) -> #DIV/0!
C12: 10 | G12: =SUM(E12*60+F12) -> 0 | H12: =SUM(D12/G12*60) -> #DIV/0!
C13: 11 | G13: =SUM(E13*60+F13) -> 0 | H13: =SUM(D13/G13*60) -> #DIV/0!
C14: 12 | G14: =SUM(E14*60+F14) -> 0 | H14: =SUM(D14/G14*60) -> #DIV/0!
C15: 13 | G15: =SUM(E15*60+F15) -> 0 | H15: =SUM(D15/G15*60) -> #DIV/0!
C16: 14 | G16: =SUM(E16*60+F16) -> 0 | H16: =SUM(D16/G16*60) -> #DIV/0!
C17: 15 | G17: =SUM(E17*60+F17) -> 0 | H17: =SUM(D17/G17*60) -> #DIV/0!
C18: 16 | G18: =SUM(E18*60+F18) -> 0 | H18: =SUM(D18/G18*60) -> #DIV/0!
... C23: 21 | G23: =SUM(E23*60+F23) -> 0 | H23: =SUM(D23/G23*60) -> #DIV/0!
D24: =SUM(D3:D23) -> 204 | I24: =SUM(I3:I23) -> 1005 | K24: =SUM(K3:K23) -> 0 | L24: =SUM(L3:L23) -> 204
A25: Km total 2025 | B25: =SUM(Janv!B25+Fév!D24) -> 254 | H25: =SUM(Janv!H25+Fév!I24) -> 1271 | K25: =SUM(Janv!K25+Fév!K24) -> 0 | L25: =SUM(Janv!L25+Fév!L24) -> 254
J26: Année 2021 | K26: 1843 | L26: 9688
J27: Année 2022 | K27: =SUM(Janv!K27) -> 2920 | L27: =SUM(Janv!L27) -> 6043
J28: Année 2023 | K28: 7538 | L28: 3488
J29: Année 2024 | K29: 624 | L29: 4941
J30: KM total | K30: =SUM(K26:K29) -> 12925 | L30: =SUM(L26:L29) -> 24160

Sheet Mar
A1: Suivi Performances Mars | H1: =SUM(Janv!H1) -> 2025
A2: Dates | B2: Désignation Sorties | C2: Nb | D2: Distances | E2: Durées | H2: Vit. Moy. | I2: Dév + | J2: Remarques | K2: Brochard | L2: S1NEO
A3: 45717 | B3: Avoine Bourgueil les Essarts Langeais | C3: 1 | D3: 71 | E3: 3 | F3: 4 | G3: =SUM(E3*60+F3) -> 184 | H3: =SUM(D3/G3*60) -> 23.152174 | I3: 348 | L3: 71
A4: 45724 | B4: Avoine Couesnes Champigny IB Cravant | C4: 2 | D4: 68 | E4: 2 | F4: 56 | G4: =SUM(E4*60+F4) -> 176 | H4: =SUM(D4/G4*60) -> 23.181818 | I4: 305 | L4: 68
A5: 45731 | B5: Avoine Candes Brain Parçay Bourgueil | C5: 3 | D5: 75 | E5: 3 | F5: 15 | G5: =SUM(E5*60+F5) -> 195 | H5: =SUM(D5/G5*60) -> 23.076923 | I5: 361 | L5: 75
A6: 45734 | B6: Chinon Chaveigne Marigny Port IB | C6: 4 | D6: 99 | E6: 4 | F6: 4 | G6: =SUM(E6*60+F6) -> 244 | H6: =SUM(D6/G6*60) -> 24.344262 | I6: 334 | L6: 99
A7: 45736 | B7: Chinon St Benoit Azay Saché St Epain | C7: 5 | D7: 94 | E7: 3 | F7: 59 | G7: =SUM(E7*60+F7) -> 239 | H7: =SUM(D7/G7*60) -> 23.598326 | I7: 698 | L7: 94
A8: 45741 | B8: Chinon Gizeux Hommes Langeais | C8: 6 | D8: 102 | E8: 4 | F8: 16 | G8: =SUM(E8*60+F8) -> 256 | H8: =SUM(D8/G8*60) -> 23.90625 | I8: 472 | L8: 102
A9: 45743 | B9: Chinon Nueil Saché Savonnière | C9: 7 | D9: 108 | E9: 4 | F9: 22 | G9: =SUM(E9*60+F9) -> 262 | H9: =SUM(D9/G9*60) -> 24.732824 | I9: 654 | L9: 108
A10: 45745 | B10: Rando Roue tourangelle 2025 | C10: 8 | D10: 95 | E10: 4 | F10: 18 | G10: =SUM(E10*60+F10) -> 258 | H10: =SUM(D10/G10*60) -> 22.093023 | I10: 594 | L10: 95
C11: 9 | G11: =SUM(E11*60+F11) -> 0 | H11: =SUM(D11/G11*60) -> #DIV/0!
C12: 10 | G12: =SUM(E12*60+F12) -> 0 | H12: =SUM(D12/G12*60) -> #DIV/0!
C13: 11 | G13: =SUM(E13*60+F13) -> 0 | H13: =SUM(D13/G13*60) -> #DIV/0!
C14: 12 | G14: =SUM(E14*60+F14) -> 0 | H14: =SUM(D14/G14*60) -> #DIV/0!
C15: 13 | G15: =SUM(E15*60+F15) -> 0 | H15: =SUM(D15/G15*60) -> #DIV/0!
C16: 14 | G16: =SUM(E16*60+F16) -> 0 | H16: =SUM(D16/G16*60) -> #DIV/0!
C17: 15 | G17: =SUM(E17*60+F17) -> 0 | H17: =SUM(D17/G17*60) -> #DIV/0!
C18: 16 | G18: =SUM(E18*60+F18) -> 0 | H18: =SUM(D18/G18*60) -> #DIV/0!
C19: 17 | G19: =SUM(E19*60+F19) -> 0 | H19: =SUM(D19/G19*60) -> #DIV/0!
C20: 18 | G20: =SUM(E20*60+F20) -> 0 | H20: =SUM(D20/G20*60) -> #DIV/0!
C21: 19 | G21: =SUM(E21*60+F21) -> 0 | H21: =SUM(D21/G21*60) -> #DIV/0!
C22: 20 | G22: =SUM(E22*60+F22) -> 0 | H22: =SUM(D22/G22*60) -> #DIV/0!
C23: 21 | G23: =SUM(E23*60+F23) -> 0 | H23: =SUM(D23/G23*60) -> #DIV/0!
D24: =SUM(D3:D23) -> 712 | I24: =SUM(I3:I23) -> 3766 | K24: =SUM(K3:K23) -> 0 | L24: =SUM(L3:L23) -> 712
A25: Km total 2025 | B25: =SUM(Fév!B25+Mar!D24) -> 966 | H25: =SUM(Janv!H25+Fév!I24) -> 1271 | K25: =SUM(Fév!K25+Mar!K24) -> 0 | L25: =SUM(Fév!L25+Mar!L24) -> 966
J26: Année 2021 | K26: 1843 | L26: 9688
J27: Année 2022 | K27: =SUM(Janv!K27) -> 2920 | L27: =SUM(Janv!L27) -> 6043
J28: Année 2023 | K28: 7538 | L28: 3488
J29: Année 2024 | K29: 624 | L29: 4941
J30: KM total | K30: =SUM(K26:K29) -> 12925 | L30: =SUM(L26:L29) -> 24160

Sheet Avr
A1: Suivi Performances Avril | H1: =SUM(Janv!H1) -> 2025
A2: Dates | B2: Désignation Sorties | C2: Nb | D2: Distances | E2: Durées | H2: Vit. Moy. | I2: Dév + | J2: Remarques | K2: Brochard | L2: S1NEO
A3: 45748 | B3: Chinon Panzoult Azay Druye Bréhémont | C3: 1 | D3: 93 | E3: 4 | F3: 3 | G3: =SUM(E3*60+F3) -> 243 | H3: =SUM(D3/G3*60) -> 22.962963 | I3: 560 | J3: vent très fort | L3: 93
A4: 45751 | B4: Avoine Bournand Beuxes | C4: 2 | D4: 68 | E4: 2 | F4: 41 | G4: =SUM(E4*60+F4) -> 161 | H4: =SUM(D4/G4*60) -> 25.341615 | I4: 345 | L4: 68
A5: 45755 | B5: Chinon Azay Thilouze Crissay | C5: 3 | D5: 101 | E5: 3 | F5: 54 | G5: =SUM(E5*60+F5) -> 234 | H5: =SUM(D5/G5*60) -> 25.897436 | I5: 602 | L5: 101
A6: 45757 | B6: Avoine Azay Artannes Balan Savonnière | C6: 4 | D6: 101 | E6: 3 | F6: 59 | G6: =SUM(E6*60+F6) -> 239 | H6: =SUM(D6/G6*60) -> 25.355649 | I6: 473 | L6: 101
A7: 45759 | B7: Chinon Audax 100 2025 | C7: 5 | D7: 122 | E7: 5 | F7: 9 | G7: =SUM(E7*60+F7) -> 309 | H7: =SUM(D7/G7*60) -> 23.68932 | I7: 559 | L7: 122
A8: 45769 | B8: Chinon Bourgueil Continvoir Parçay Vernoil | C8: 6 | D8: 106 | E8: 4 | F8: 22 | G8: =SUM(E8*60+F8) -> 262 | H8: =SUM(D8/G8*60) -> 24.274809 | I8: 512 | L8: 106
A9: 45771 | B9: Avoine Saumur Gennes Saumur | C9: 7 | D9: 107 | E9: 4 | F9: 10 | G9: =SUM(E9*60+F9) -> 250 | H9: =SUM(D9/G9*60) -> 25.68 | I9: 157 | L9: 107
A10: 45773 | B10: Avoine Bourgueil Hommes Langeais | C10: 8 | D10: 81 | E10: 3 | F10: 14 | G10: =SUM(E10*60+F10) -> 194 | H10: =SUM(D10/G10*60) -> 25.051546 | I10: 325 | L10: 81
A11: 45776 | B11: Chinon IB Rilly Marcilly IB | C11: 9 | D11: 102 | E11: 4 | F11: 13 | G11: =SUM(E11*60+F11) -> 253 | H11: =SUM(D11/G11*60) -> 24.189723 | I11: 548 | L11: 102
C12: 10 | G12: =SUM(E12*60+F12) -> 0 | H12: =SUM(D12/G12*60) -> #DIV/0!
C13: 11 | G13: =SUM(E13*60+F13) -> 0 | H13: =SUM(D13/G13*60) -> #DIV/0!
C14: 12 | G14: =SUM(E14*60+F14) -> 0 | H14: =SUM(D14/G14*60) -> #DIV/0!
C15: 13 | G15: =SUM(E15*60+F15) -> 0 | H15: =SUM(D15/G15*60) -> #DIV/0!
C16: 14 | G16: =SUM(E16*60+F16) -> 0 | H16: =SUM(D16/G16*60) -> #DIV/0!
C17: 15 | G17: =SUM(E17*60+F17) -> 0 | H17: =SUM(D17/G17*60) -> #DIV/0!
C18: 16 | G18: =SUM(E18*60+F18) -> 0 | H18: =SUM(D18/G18*60) -> #DIV/0!
C19: 17 | G19: =SUM(E19*60+F19) -> 0 | H19: =SUM(D19/G19*60) -> #DIV/0!
C20: 18 | G20: =SUM(E20*60+F20) -> 0 | H20: =SUM(D20/G20*60) -> #DIV/0!
C21: 19 | G21: =SUM(E21*60+F21) -> 0 | H21: =SUM(D21/G21*60) -> #DIV/0!
C22: 20 | G22: =SUM(E22*60+F22) -> 0 | H22: =SUM(D22/G22*60) -> #DIV/0!
C23: 21 | G23: =SUM(E23*60+F23) -> 0 | H23: =SUM(D23/G23*60) -> #DIV/0!
D24: =SUM(D3:D23) -> 881 | I24: =SUM(I3:I23) -> 4081 | K24: =SUM(K3:K23) -> 0 | L24: =SUM(L3:L23) -> 881
A25: Km total 2025 | B25: =SUM(Mar!B25+Avr!D24) -> 1847 | H25: =SUM(Janv!H25+Fév!I24) -> 1271 | K25: =SUM(Mar!K25+Avr!K24) -> 0 | L25: =SUM(Mar!L25+Avr!L24) -> 1847
J26: Année 2021 | K26: 1843 | L26: 9688
J27: Année 2022 | K27: =SUM(Janv!K27) -> 2920 | L27: =SUM(Janv!L27) -> 6043
J28: Année 2023 | K28: 7538 | L28: 3488
J29: Année 2024 | K29: 624 | L29: 4941
J30: KM total | K30: =SUM(K26:K29) -> 12925 | L30: =SUM(L26:L29) -> 24160

Sheet Mai
A1: Suivi Performances Mai | H1: =SUM(Janv!H1) -> 2025
A2: Dates | B2: Désignation Sorties | C2: Nb | D2: Distances | E2: Durées | H2: Vit. Moy. | I2: Dév + | J2: Remarques | K2: Brochard | L2: S1NEO
A3: 45780 | B3: Avoine Ceaux Maulay Veniers 3 Moutiers | C3: 1 | D3: 86 | E3: 3 | F3: 36 | G3: =SUM(E3*60+F3) -> 216 | H3: =SUM(D3/G3*60) -> 23.888889 | I3: 481 | L3: 86
A4: 45783 | B4: Chinon Courléon Avrillé Mazière 5 Mars St Benoit | C4: 2 | D4: 106 | E4: 4 | F4: 33 | G4: =SUM(E4*60+F4) -> 273 | H4: =SUM(D4/G4*60) -> 23.296703 | I4: 642 | L4: 106
A5: 45790 | B5: Chinon IB Rilly Draché Les Coteaux St Maure | C5: 3 | D5: 97 | E5: 3 | F5: 58 | G5: =SUM(E5*60+F5) -> 238 | H5: =SUM(D5/G5*60) -> 24.453782 | I5: 544 | L5: 97
A6: 45792 | B6: Chinon Bourgueil Rillé Avrillé Langeais | C6: 4 | D6: 107 | E6: 4 | F6: 17 | G6: =SUM(E6*60+F6) -> 257 | H6: =SUM(D6/G6*60) -> 24.980545 | I6: 542 | L6: 107
A7: 45794 | B7: Avoine Bourgueil Avrillé Langeais | C7: 5 | D7: 74 | E7: 3 | F7: 11 | G7: =SUM(E7*60+F7) -> 191 | H7: =SUM(D7/G7*60) -> 23.246073 | I7: 338 | L7: 74
A8: 45797 | B8: Avoine Saumur Trèves Meigné Coudray Roiffé | C8: 6 | D8: 116 | E8: 4 | F8: 33 | G8: =SUM(E8*60+F8) -> 273 | H8: =SUM(D8/G8*60) -> 25.494505 | I8: 533 | L8: 116
A9: 45801 | B9: Audax 2000 Chinon | C9: 7 | D9: 211 | E9: 8 | F9: 59 | G9: =SUM(E9*60+F9) -> 539 | H9: =SUM(D9/G9*60) -> 23.487941 | I9: 986 | L9: 211
A10: 45804 | B10: Chinon Fontevraud Chaintre Douvy St Léger | C10: 8 | D10: 101 | E10: 4 | F10: 8 | G10: =SUM(E10*60+F10) -> 248 | H10: =SUM(D10/G10*60) -> 24.435484 | I10: 584 | L10: 101
A11: 45808 | B11: Avoine Marçay Basse Insay Bisay | C11: 9 | D11: 83 | E11: 3 | F11: 20 | G11: =SUM(E11*60+F11) -> 200 | H11: =SUM(D11/G11*60) -> 24.9 | I11: 453 | L11: 83
C12: 10 | G12: =SUM(E12*60+F12) -> 0 | H12: =SUM(D12/G12*60) -> #DIV/0!
C13: 11 | G13: =SUM(E13*60+F13) -> 0 | H13: =SUM(D13/G13*60) -> #DIV/0!
C14: 12 | G14: =SUM(E14*60+F14) -> 0 | H14: =SUM(D14/G14*60) -> #DIV/0!
C15: 13 | G15: =SUM(E15*60+F15) -> 0 | H15: =SUM(D15/G15*60) -> #DIV/0!
C16: 14 | G16: =SUM(E16*60+F16) -> 0 | H16: =SUM(D16/G16*60) -> #DIV/0!
C17: 15 | G17: =SUM(E17*60+F17) -> 0 | H17: =SUM(D17/G17*60) -> #DIV/0!
C18: 16 | G18: =SUM(E18*60+F18) -> 0 | H18: =SUM(D18/G18*60) -> #DIV/0!
C19: 17 | G19: =SUM(E19*60+F19) -> 0 | H19: =SUM(D19/G19*60) -> #DIV/0!
C20: 18 | G20: =SUM(E20*60+F20) -> 0 | H20: =SUM(D20/G20*60) -> #DIV/0!
C21: 19 | G21: =SUM(E21*60+F21) -> 0 | H21: =SUM(D21/G21*60) -> #DIV/0!
C22: 20 | G22: =SUM(E22*60+F22) -> 0 | H22: =SUM(D22/G22*60) -> #DIV/0!
C23: 21 | G23: =SUM(E23*60+F23) -> 0 | H23: =SUM(D23/G23*60) -> #DIV/0!
D24: =SUM(D3:D23) -> 981 | I24: =SUM(I3:I23) -> 5103 | K24: =SUM(K3:K23) -> 0 | L24: =SUM(L3:L23) -> 981
A25: Km total 2025 | B25: =SUM(Avr!B25+Mai!D24) -> 2828 | H25: =SUM(Janv!H25+Fév!I24) -> 1271 | K25: =SUM(Avr!K25+Mai!K24) -> 0 | L25: =SUM(Avr!L25+Mai!L24) -> 2828
J26: Année 2021 | K26: 1843 | L26: 9688
J27: Année 2022 | K27: =SUM(Janv!K27) -> 2920 | L27: =SUM(Janv!L27) -> 6043
J28: Année 2023 | K28: 7538 | L28: 3488
J29: Année 2024 | K29: 624 | L29: 4941
J30: KM total | K30: =SUM(K26:K29) -> 12925 | L30: =SUM(L26:L29) -> 24160

Sheet Juin
A1: Suivi Performances Juin | H1: =SUM(Janv!H1) -> 2025
A2: Dates | B2: Désignation Sorties | C2: Nb | D2: Distances | E2: Durées | H2: Vit. Moy. | I2: Dév + | J2: Remarques | K2: Brochard | L2: S1NEO
A3: 45811 | B3: Chinon Chaintre Courchamps MB Roiffé | C3: 1 | D3: 100 | E3: 4 | F3: 6 | G3: =SUM(E3*60+F3) -> 246 | H3: =IF(G3<>0,D3/G3*60,"") -> 24.390244 | I3: 529 | L3: 100
A4: 45815 | B4: Avoine 3 Moutiers Ternay Berrie Brézé | C4: 2 | D4: 81 | E4: 3 | F4: 21 | G4: =SUM(E4*60+F4) -> 201 | H4: =IF(G4<>0,D4/G4*60,"") -> 24.179104 | I4: 435 | L4: 81
A5: 45818 | B5: Chinon Lerné Roiffé Montreuil Bron Riou | C5: 3 | D5: 107 | E5: 4 | F5: 30 | G5: =SUM(E5*60+F5) -> 270 | H5: =IF(G5<>0,D5/G5*60,"") -> 23.777778 | I5: 527 | L5: 107
A6: 45820 | B6: Chinon Richelieu Luzé Pouzay Cravant | C6: 4 | D6: 92 | E6: 3 | F6: 58 | G6: =SUM(E6*60+F6) -> 238 | H6: =IF(G6<>0,D6/G6*60,"") -> 23.193277 | I6: 458 | L6: 92
A7: 45822 | B7: Avoine Saumur les Ulmes Coudray | C7: 5 | D7: 74 | E7: 3 | F7: 6 | G7: =SUM(E7*60+F7) -> 186 | H7: =IF(G7<>0,D7/G7*60,"") -> 23.870968 | I7: 450 | L7: 74
A8: 45824 | B8: Condat jour 1 | C8: 6 | D8: 47 | E8: 2 | F8: 53 | G8: =SUM(E8*60+F8) -> 173 | H8: =IF(G8<>0,D8/G8*60,"") -> 16.300578 | I8: 953 | K8: 47
A9: 45825 | B9: Condat jour 2 | C9: 7 | D9: 79 | E9: 4 | F9: 21 | G9: =SUM(E9*60+F9) -> 261 | H9: =IF(G9<>0,D9/G9*60,"") -> 18.16092 | I9: 1310 | K9: 79
A10: 45826 | B10: Condat jour 3 | C10: 8 | D10: 40 | E10: 2 | F10: 24 | G10: =SUM(E10*60+F10) -> 144 | H10: =IF(G10<>0,D10/G10*60,"") -> 16.666667 | I10: 741 | K10: 40
A11: 45827 | B11: Condat jour 4 | C11: 9 | D11: 71 | E11: 4 | F11: 7 | G11: =SUM(E11*60+F11) -> 247 | H11: =IF(G11<>0,D11/G11*60,"") -> 17.246964 | I11: 1175 | K11: 71
A12: 45828 | B12: Condat jour 5 | C12: 10 | D12: 32 | E12: 1 | F12: 51 | G12: =SUM(E12*60+F12) -> 111 | H12: =IF(G12<>0,D12/G12*60,"") -> 17.297297 | I12: 561 | K12: 32
A13: 45832 | B13: Chinon Lerné Basse Claunay Richelieu | C13: 11 | D13: 97 | E13: 3 | F13: 54 | G13: =SUM(E13*60+F13) -> 234 | H13: =IF(G13<>0,D13/G13*60,"") -> 24.871795 | I13: 520 | L13: 97
A14: 45834 | B14: avoine | C14: 12 | D14: 73 | E14: 3 | F14: 35 | G14: 54 | H14: =IF(G14<>0,D14/G14*60,"") -> 81.111111 | I14: 681 | L14: 73
C15: 13 | G15: =SUM(E15*60+F15) -> 0 | H15: =IF(G15<>0,D15/G15*60,"")
C16: 14 | G16: =SUM(E16*60+F16) -> 0 | H16: =IF(G16<>0,D16/G16*60,"")
C17: 15 | G17: =SUM(E17*60+F17) -> 0 | H17: =IF(G17<>0,D17/G17*60,"")
C18: 16 | G18: =SUM(E18*60+F18) -> 0 | H18: =IF(G18<>0,D18/G18*60,"")
C19: 17 | G19: =SUM(E19*60+F19) -> 0 | H19: =IF(G19<>0,D19/G19*60,"")
C20: 18 | G20: =SUM(E20*60+F20) -> 0 | H20: =IF(G20<>0,D20/G20*60,"")
C21: 19 | G21: =SUM(E21*60+F21) -> 0 | H21: =IF(G21<>0,D21/G21*60,"")
C22: 20 | G22: =SUM(E22*60+F22) -> 0 | H22: =IF(G22<>0,D22/G22*60,"")
C23: 21 | G23: =SUM(E23*60+F23) -> 0 | H23: =IF(G23<>0,D23/G23*60,"")
D24: =SUM(D3:D23) -> 893 | I24: =SUM(I3:I23) -> 8340 | K24: =SUM(K3:K23) -> 269 | L24: =SUM(L3:L23) -> 624
A25: Km total 2025 | B25: =SUM(Mai!B25+Juin!D24) -> 3721 | H25: =SUM(Janv!H25+Fév!I24) -> 1271 | K25: =SUM(Mai!K25+Juin!K24) -> 269 | L25: =SUM(Mai!L25+Juin!L24) -> 3452
J26: Année 2021 | K26: 1843 | L26: 9688
J27: Année 2022 | K27: =SUM(Janv!K27) -> 2920 | L27: =SUM(Janv!L27) -> 6043
J28: Année 2023 | K28: 7538 | L28: 3488
J29: Année 2024 | K29: 624 | L29: 4941
J30: KM total | K30: =SUM(K26:K29) -> 12925 | L30: =SUM(L26:L29) -> 24160

Sheet Juil
A1: Suivi Performances Juillet | H1: =SUM(Janv!H1) -> 2025
A2: Dates | B2: Désignation Sorties | C2: Nb | D2: Distances | E2: Durées | H2: Vit. Moy. | I2: Dév + | J2: Remarques | K2: Brochard | L2: S1NEO
A3: 45848 | B3: Avoine Marcay Charrière M Guesne Nueil Champigny | C3: 1 | D3: 98 | E3: 3 | F3: 57 | G3: =SUM(E3*60+F3) -> 237 | H3: =IF(G3<>0,D3/G3*60,"") -> 24.810127 | I3: 544 | L3: 98
A4: 45848 | B4: Cinq-Mars-la-Pile Avoine | C4: 2 | D4: 30 | F4: 57 | G4: =SUM(E4*60+F4) -> 57 | H4: =IF(G4<>0,D4/G4*60,"") -> 31.578947 | I4: 50 | L4: 30
A5: 45850 | B5: Avoine Savonnière Azay | C5: 3 | D5: 78 | E5: 2 | F5: 59 | G5: =SUM(E5*60+F5) -> 179 | H5: =IF(G5<>0,D5/G5*60,"") -> 26.145251 | I5: 328 | L5: 78
A6: 45853 | B6: Avoine Saumur | C6: 4 | D6: 92 | E6: 3 | F6: 53 | G6: =SUM(E6*60+F6) -> 233 | H6: =IF(G6<>0,D6/G6*60,"") -> 23.690987 | I6: 490 | L6: 92
A7: 45855 | B7: Avoine St Epain Pont Ruant Azay | C7: 5 | D7: 91 | E7: 3 | F7: 37 | G7: =SUM(E7*60+F7) -> 217 | H7: =IF(G7<>0,D7/G7*60,"") -> 25.16129 | I7: 534 | L7: 91
A8: 45855 | B8: Avoine Cinq Mars | C8: 6 | D8: 29 | E8: 1 | F8: 6 | G8: =SUM(E8*60+F8) -> 66 | H8: =IF(G8<>0,D8/G8*60,"") -> 26.363636 | I8: 111 | L8: 29
A9: 45857 | B9: Avoine Munet Courchamps MB Fontevraud | C9: 7 | D9: 75 | E9: 3 | F9: 12 | G9: =SUM(E9*60+F9) -> 192 | H9: =IF(G9<>0,D9/G9*60,"") -> 23.4375 | I9: 476 | L9: 75
A10: 45860 | B10: Avoine Roiffé Bizay Chétigné Chaintre Montsoreau | C10: 8 | D10: 77 | E10: 3 | F10: 20 | G10: =SUM(E10*60+F10) -> 200 | H10: =IF(G10<>0,D10/G10*60,"") -> 23.1 | I10: 506 | L10: 77
A11: 45864 | B11: Avoine Courléon Vernantes Blou Allonnes | C11: 9 | D11: 78 | E11: 3 | F11: 17 | G11: =SUM(E11*60+F11) -> 197 | H11: =IF(G11<>0,D11/G11*60,"") -> 23.756345 | I11: 351 | L11: 78
A12: 45869 | B12: Avoine Cande Chacé chétigné Riou Saumur | C12: 10 | D12: 85 | E12: 3 | F12: 34 | G12: =SUM(E12*60+F12) -> 214 | H12: =IF(G12<>0,D12/G12*60,"") -> 23.831776 | I12: 425 | L12: 85
C13: 11 | G13: =SUM(E13*60+F13) -> 0 | H13: =IF(G13<>0,D13/G13*60,"")
C14: 12 | G14: =SUM(E14*60+F14) -> 0 | H14: =IF(G14<>0,D14/G14*60,"")
C15: 13 | G15: =SUM(E15*60+F15) -> 0 | H15: =IF(G15<>0,D15/G15*60,"")
C16: 14 | G16: =SUM(E16*60+F16) -> 0 | H16: =IF(G16<>0,D16/G16*60,"")
C17: 15 | G17: =SUM(E17*60+F17) -> 0 | H17: =IF(G17<>0,D17/G17*60,"")
C18: 16 | G18: =SUM(E18*60+F18) -> 0 | H18: =IF(G18<>0,D18/G18*60,"")
C19: 17 | G19: =SUM(E19*60+F19) -> 0 | H19: =IF(G19<>0,D19/G19*60,"")
C20: 18 | G20: =SUM(E20*60+F20) -> 0 | H20: =IF(G20<>0,D20/G20*60,"")
C21: 19 | G21: =SUM(E21*60+F21) -> 0 | H21: =IF(G21<>0,D21/G21*60,"")
C22: 20 | G22: =SUM(E22*60+F22) -> 0 | H22: =IF(G22<>0,D22/G22*60,"")
C23: 21 | G23: =SUM(E23*60+F23) -> 0 | H23: =IF(G23<>0,D23/G23*60,"")
D24: =SUM(D3:D23) -> 733 | I24: =SUM(I3:I23) -> 3815 | K24: =SUM(K3:K23) -> 0 | L24: =SUM(L3:L23) -> 733
A25: Km total 2025 | B25: =SUM(Juin!B25+Juil!D24) -> 4454 | H25: =SUM(Juin!H25+Juil!I24) -> 5086 | K25: =SUM(Juin!K25+Juil!K24) -> 269 | L25: =SUM(Juin!L25+Juil!L24) -> 4185
J26: Année 2021 | K26: 1843 | L26: 9688
J27: Année 2022 | K27: =SUM(Janv!K27) -> 2920 | L27: =SUM(Janv!L27) -> 6043
J28: Année 2023 | K28: 7538 | L28: 3488
J29: Année 2024 | K29: 624 | L29: 4941
J30: KM total | K30: =SUM(K26:K29) -> 12925 | L30: =SUM(L26:L29) -> 24160

Sheet Aout
A1: Suivi Performances Août | H1: =SUM(Janv!H1) -> 2025
A2: Dates | B2: Désignation Sorties | C2: Nb | D2: Distances | E2: Durées | H2: Vit. Moy. | I2: Dév + | J2: Remarques | K2: Brochard | L2: S1NEO
A3: 45871 | B3: Avoine Allonne Blou Les Loges Bourgueil | C3: 1 | D3: 80 | E3: 3 | F3: 30 | G3: =SUM(E3*60+F3) -> 210 | H3: =SUM(D3/G3*60) -> 22.857143 | I3: 387 | L3: 80
A4: 45874 | B4: Avoine Vernoil Lignière Mouliherne Longué Saumur | C4: 2 | D4: 99 | E4: 3 | F4: 53 | G4: =SUM(E4*60+F4) -> 233 | H4: =SUM(D4/G4*60) -> 25.493562 | I4: 361 | L4: 99
A5: 45876 | B5: Chinon Ceaux Nueil Faye IB | C5: 3 | D5: 97 | E5: 4 | F5: 5 | G5: =SUM(E5*60+F5) -> 245 | H5: =SUM(D5/G5*60) -> 23.755102 | I5: 573 | L5: 97
A6: 45878 | B6: Avoine st Nicolas Mouliherne Blou | C6: 4 | D6: 85 | E6: 3 | F6: 27 | G6: =SUM(E6*60+F6) -> 207 | H6: =SUM(D6/G6*60) -> 24.637681 | I6: 310 | L6: 85
A7: 45881 | B7: Avoine Marcay Champigny Tour St Gelin IB | C7: 5 | D7: 79 | E7: 3 | F7: 32 | G7: =SUM(E7*60+F7) -> 212 | H7: =SUM(D7/G7*60) -> 22.358491 | I7: 465 | L7: 79
A8: 45883 | B8: Chinon Epennes Mouterre Chalais Rossay | C8: 6 | D8: 89 | E8: 3 | F8: 52 | G8: =SUM(E8*60+F8) -> 232 | H8: =SUM(D8/G8*60) -> 23.017241 | I8: 478 | L8: 89
A9: 45888 | B9: Avoine Marçay Messemé Charrière Nouère Samarçolles | C9: 7 | D9: 75 | E9: 3 | F9: 15 | G9: =SUM(E9*60+F9) -> 195 | H9: =SUM(D9/G9*60) -> 23.076923 | I9: 402 | L9: 75
A10: 45896 | B10: Melesse Canal ille et Rance | C10: 8 | D10: 20 | E10: 1 | F10: 19 | G10: =SUM(E10*60+F10) -> 79 | H10: =SUM(D10/G10*60) -> 15.189873 | I10: 34 | K10: 20
C11: 9 | G11: =SUM(E11*60+F11) -> 0 | H11: =SUM(D11/G11*60) -> #DIV/0!
C12: 10 | G12: =SUM(E12*60+F12) -> 0 | H12: =SUM(D12/G12*60) -> #DIV/0!
C13: 11 | G13: =SUM(E13*60+F13) -> 0 | H13: =SUM(D13/G13*60) -> #DIV/0!
C14: 12 | G14: =SUM(E14*60+F14) -> 0 | H14: =SUM(D14/G14*60) -> #DIV/0!
C15: 13 | G15: =SUM(E15*60+F15) -> 0 | H15: =SUM(D15/G15*60) -> #DIV/0!
C16: 14 | G16: =SUM(E16*60+F16) -> 0 | H16: =SUM(D16/G16*60) -> #DIV/0!
C17: 15 | G17: =SUM(E17*60+F17) -> 0 | H17: =SUM(D17/G17*60) -> #DIV/0!
C18: 16 | G18: =SUM(E18*60+F18) -> 0 | H18: =SUM(D18/G18*60) -> #DIV/0!
C19: 17 | G19: =SUM(E19*60+F19) -> 0 | H19: =SUM(D19/G19*60) -> #DIV/0!
C20: 18 | G20: =SUM(E20*60+F20) -> 0 | H20: =SUM(D20/G20*60) -> #DIV/0!
C21: 19 | G21: =SUM(E21*60+F21) -> 0 | H21: =SUM(D21/G21*60) -> #DIV/0!
C22: 20 | G22: =SUM(E22*60+F22) -> 0 | H22: =SUM(D22/G22*60) -> #DIV/0!
C23: 21 | G23: =SUM(E23*60+F23) -> 0 | H23: =SUM(D23/G23*60) -> #DIV/0!
D24: =SUM(D2:D23) -> 624 | I24: =SUM(I3:I23) -> 3010 | K24: =SUM(K1:K23) -> 20 | L24: =SUM(L1:L23) -> 604
A25: Km total 2025 | B25: =SUM(Juil!B25+Aout!D24) -> 5078 | H25: =SUM(Juil!H25+Aout!I24) -> 8096 | K25: =SUM(Juil!K25+Aout!K24) -> 289 | L25: =SUM(Juil!L25+Aout!L24) -> 4789
J26: Année 2021 | K26: 1843 | L26: 9688
J27: Année 2022 | K27: =SUM(Janv!K27) -> 2920 | L27: =SUM(Janv!L27) -> 6043
J28: Année 2023 | K28: 7538 | L28: 3488
J29: Année 2024 | K29: 624 | L29: 4941
J30: KM total | K30: =SUM(K26:K29) -> 12925 | L30: =SUM(L26:L29) -> 24160

Sheet Sept
A1: Suivi Performances Septembre | H1: =SUM(Janv!H1) -> 2025
A2: Dates | B2: Désignation Sorties | C2: Nb | D2: Distances | E2: Durées | H2: Vit. Moy. | I2: Dév + | J2: Remarques | K2: Brochard | L2: S1NEO
A3: 45909 | B3: Chinon Bournand Sammarçolle Ceaux La Tour IB | C3: 1 | D3: 96 | E3: 3 | F3: 57 | G3: =SUM(E3*60+F3) -> 237 | H3: =SUM(D3/G3*60) -> 24.303797 | I3: 476 | L3: 96
A4: 45916 | B4: Avoine Chaintre Courchamps Roiffé | C4: 2 | D4: 92 | E4: 3 | F4: 41 | G4: =SUM(E4*60+F4) -> 221 | H4: =SUM(D4/G4*60) -> 24.977376 | I4: 572 | L4: 92
A5: 45917 | B5: Avoine Balade Evelyne | C5: 3 | D5: 20 | E5: 1 | F5: 10 | G5: =SUM(E5*60+F5) -> 70 | H5: =SUM(D5/G5*60) -> 17.142857 | I5: 46 | L5: 20
A6: 45918 | B6: Chinon Lerné Epennes Ceaux La Tour IB | C6: 2 | D6: 103 | E6: 4 | F6: 15 | G6: =SUM(E6*60+F6) -> 255 | H6: =SUM(D6/G6*60) -> 24.235294 | I6: 582 | L6: 103
A7: 45925 | B7: Avoine Couziers Chaintre Courchamps Roux | C7: 5 | D7: 93 | E7: 3 | F7: 44 | G7: =SUM(E7*60+F7) -> 224 | H7: =SUM(D7/G7*60) -> 24.910714 | I7: 497 | L7: 93
A8: 45927 | B8: Avoine Lignière Druye Rivarennes | C8: 6 | D8: 77 | E8: 3 | F8: 14 | G8: =SUM(E8*60+F8) -> 194 | H8: =SUM(D8/G8*60) -> 23.814433 | I8: 379 | L8: 77
A9: 45930 | B9: Chinon Ingrandes Avrille Merluche Langeais | C9: 7 | D9: 103 | E9: 4 | F9: 1 | G9: =SUM(E9*60+F9) -> 241 | H9: =SUM(D9/G9*60) -> 25.643154 | I9: 375 | L9: 103
C10: 8 | G10: =SUM(E10*60+F10) -> 0 | H10: =SUM(D10/G10*60) -> #DIV/0!
C11: 9 | G11: =SUM(E11*60+F11) -> 0 | H11: =SUM(D11/G11*60) -> #DIV/0!
C12: 10 | G12: =SUM(E12*60+F12) -> 0 | H12: =SUM(D12/G12*60) -> #DIV/0!
C13: 11 | G13: =SUM(E13*60+F13) -> 0 | H13: =SUM(D13/G13*60) -> #DIV/0!
C14: 12 | G14: =SUM(E14*60+F14) -> 0 | H14: =SUM(D14/G14*60) -> #DIV/0!
C15: 13 | G15: =SUM(E15*60+F15) -> 0 | H15: =SUM(D15/G15*60) -> #DIV/0!
C16: 14 | G16: =SUM(E16*60+F16) -> 0 | H16: =SUM(D16/G16*60) -> #DIV/0!
C17: 15 | G17: =SUM(E17*60+F17) -> 0 | H17: =SUM(D17/G17*60) -> #DIV/0!
C18: 16 | G18: =SUM(E18*60+F18) -> 0 | H18: =SUM(D18/G18*60) -> #DIV/0!
C19: 17 | G19: =SUM(E19*60+F19) -> 0 | H19: =SUM(D19/G19*60) -> #DIV/0!
C20: 18 | G20: =SUM(E20*60+F20) -> 0 | H20: =SUM(D20/G20*60) -> #DIV/0!
C21: 19 | G21: =SUM(E21*60+F21) -> 0 | H21: =SUM(D21/G21*60) -> #DIV/0!
... C23: 21 | G23: =SUM(E23*60+F23) -> 0 | H23: =SUM(D23/G23*60) -> #DIV/0!
D24: =SUM(D3:D23) -> 584 | I24: =SUM(I3:I23) -> 2927 | K24: =SUM(K1:K23) -> 0 | L24: =SUM(L1:L23) -> 584
A25: Km total 2025 | B25: =SUM(Aout!B25+Sept!D24) -> 5662 | H25: =SUM(Aout!H25+Sept!I24) -> 11023 | K25: =SUM(Aout!K25+Sept!K24) -> 289 | L25: =SUM(Aout!L25+Sept!L24) -> 5373
J26: Année 2021 | K26: 1843 | L26: 9688
J27: Année 2022 | K27: =SUM(Janv!K27) -> 2920 | L27: =SUM(Janv!L27) -> 6043
J28: Année 2023 | K28: 7538 | L28: 3488
J29: Année 2024 | K29: 624 | L29: 4941
J30: KM total | K30: =SUM(K26:K29) -> 12925 | L30: =SUM(L26:L29) -> 24160

Sheet Oct
A1: Suivi Performances Octobre | H1: =SUM(Janv!H1) -> 2025
A2: Dates | B2: Désignation Sorties | C2: Nb | D2: Distances | E2: Durées | H2: Vit. Moy. | I2: Dév + | J2: Remarques | K2: Brochard | L2: S1NEO
A3: 45932 | B3: Chinon Richelieu Marigny Marcilly IB | C3: 1 | D3: 101 | E3: 4 | F3: 9 | G3: =SUM(E3*60+F3) -> 249 | H3: =SUM(D3/G3*60) -> 24.337349 | I3: 536 | L3: 101
A4: 45937 | B4: Avoine St Epain Villeperdue Ballan Savonnière | C4: 2 | D4: 110 | E4: 4 | F4: 37 | G4: =SUM(E4*60+F4) -> 277 | H4: =SUM(D4/G4*60) -> 23.826715 | I4: 432 | L4: 110
A5: 45941 | B5: Avoine Bourgueil les Essarts Langeais | C5: 3 | D5: 64 | E5: 2 | F5: 49 | G5: =SUM(E5*60+F5) -> 169 | H5: =SUM(D5/G5*60) -> 22.721893 | I5: 236 | L5: 64
A6: 45944 | B6: Chinon Rigny Azay Saché Thilouze Crissay | C6: 4 | D6: 91 | E6: 3 | F6: 42 | G6: =SUM(E6*60+F6) -> 222 | H6: =SUM(D6/G6*60) -> 24.594595 | I6: 556 | L6: 91
A7: 45946 | B7: Chinon Rigny Villandry Artannes panzoult | C7: 5 | D7: 102 | E7: 4 | F7: 7 | G7: =SUM(E7*60+F7) -> 247 | H7: =SUM(D7/G7*60) -> 24.777328 | I7: 619 | L7: 102
A8: 45958 | B8: Chinon Couziers Chacé Douvy Roiffé | C8: 6 | D8: 88 | E8: 3 | F8: 43 | G8: =SUM(E8*60+F8) -> 223 | H8: =SUM(D8/G8*60) -> 23.67713 | I8: 470 | L8: 88
A9: 45960 | B9: Chinon Bournand Samarçolle Marçay | C9: 7 | D9: 65 | E9: 2 | F9: 41 | G9: =SUM(E9*60+F9) -> 161 | H9: =SUM(D9/G9*60) -> 24.223602 | I9: 366 | L9: 65
C10: 8 | G10: =SUM(E10*60+F10) -> 0 | H10: =SUM(D10/G10*60) -> #DIV/0!
C11: 9 | G11: =SUM(E11*60+F11) -> 0 | H11: =SUM(D11/G11*60) -> #DIV/0!
C12: 10 | G12: =SUM(E12*60+F12) -> 0 | H12: =SUM(D12/G12*60) -> #DIV/0!
C13: 11 | G13: =SUM(E13*60+F13) -> 0 | H13: =SUM(D13/G13*60) -> #DIV/0!
C14: 12 | G14: =SUM(E14*60+F14) -> 0 | H14: =SUM(D14/G14*60) -> #DIV/0!
C15: 13 | G15: =SUM(E15*60+F15) -> 0 | H15: =SUM(D15/G15*60) -> #DIV/0!
C16: 14 | G16: =SUM(E16*60+F16) -> 0 | H16: =SUM(D16/G16*60) -> #DIV/0!
C17: 15 | G17: =SUM(E17*60+F17) -> 0 | H17: =SUM(D17/G17*60) -> #DIV/0!
C18: 16 | G18: =SUM(E18*60+F18) -> 0 | H18: =SUM(D18/G18*60) -> #DIV/0!
C19: 17 | G19: =SUM(E19*60+F19) -> 0 | H19: =SUM(D19/G19*60) -> #DIV/0!
C20: 18 | G20: =SUM(E20*60+F20) -> 0 | H20: =SUM(D20/G20*60) -> #DIV/0!
C21: 19 | G21: =SUM(E21*60+F21) -> 0 | H21: =SUM(D21/G21*60) -> #DIV/0!
... C23: 21 | G23: =SUM(E23*60+F23) -> 0 | H23: =SUM(D23/G23*60) -> #DIV/0!
D24: =SUM(D3:D23) -> 621 | I24: =SUM(I3:I23) -> 3215 | K24: =SUM(K1:K23) -> 0 | L24: =SUM(L1:L23) -> 621
A25: Km total 2025 | B25: =SUM(Sept!B25+Oct!D24) -> 6283 | H25: =SUM(Sept!H25+Oct!I24) -> 14238 | K25: =SUM(Sept!K25+Oct!K24) -> 289 | L25: =SUM(Sept!L25+Oct!L24) -> 5994
J26: Année 2021 | K26: 1843 | L26: 9688
J27: Année 2022 | K27: =SUM(Janv!K27) -> 2920 | L27: =SUM(Janv!L27) -> 6043
J28: Année 2023 | K28: 7538 | L28: 3488
J29: Année 2024 | K29: 624 | L29: 4941
J30: KM total | K30: =SUM(K26:K29) -> 12925 | L30: =A716/10=SUM(L26:L29) -> 0

Sheet Nov
A1: Suivi Performances Novembre | H1: =SUM(Janv!H1) -> 2025
A2: Dates | B2: Désignation Sorties | C2: Nb | D2: Distances | E2: Durées | H2: Vit. Moy. | I2: Dév + | J2: Remarques | K2: Brochard | L2: S1NEO
A3: 45965 | B3: Chinon Lerné Epennes Claunay Ligré | C3: 1 | D3: 92 | E3: 3 | F3: 54 | G3: =SUM(E3*60+F3) -> 234 | H3: =SUM(D3/G3*60) -> 23.589744 | I3: 513 | L3: 92
A4: 45974 | B4: Chinon Couziers 3 Moutiers Verniers Marçay | C4: 2 | D4: 78 | E4: 3 | F4: 25 | G4: =SUM(E4*60+F4) -> 205 | H4: =SUM(D4/G4*60) -> 22.829268 | I4: 458 | L4: 78
A5: 45979 | B5: Chinon St Epain Vilaine Bréhémont Huismes | C5: 3 | D5: 88 | E5: 3 | F5: 39 | G5: =SUM(E5*60+F5) -> 219 | H5: =SUM(D5/G5*60) -> 24.109589 | I5: 470 | L5: 88
A6: 45986 | B6: Chinon Courléon La Breille Alonnes Candes | C6: 4 | D6: 77 | E6: 3 | F6: 19 | G6: =SUM(E6*60+F6) -> 199 | H6: =SUM(D6/G6*60) -> 23.21608 | I6: 399 | L6: 77
A7: 45990 | B7: Avoine Bournand Sammarçolle Ceaux Chinon | C7: 5 | D7: 67 | E7: 3 | F7: 6 | G7: =SUM(E7*60+F7) -> 186 | H7: =SUM(D7/G7*60) -> 21.612903 | I7: 413 | L7: 67
C8: 6 | G8: =SUM(E8*60+F8) -> 0 | H8: =SUM(D8/G8*60) -> #DIV/0!
C9: 7 | G9: =SUM(E9*60+F9) -> 0 | H9: =SUM(D9/G9*60) -> #DIV/0!
C10: 8 | G10: =SUM(E10*60+F10) -> 0 | H10: =SUM(D10/G10*60) -> #DIV/0!
C11: 9 | G11: =SUM(E11*60+F11) -> 0 | H11: =SUM(D11/G11*60) -> #DIV/0!
C12: 10 | G12: =SUM(E12*60+F12) -> 0 | H12: =SUM(D12/G12*60) -> #DIV/0!
C13: 3 | G13: =SUM(E13*60+F13) -> 0 | H13: =SUM(D13/G13*60) -> #DIV/0!
C14: 12 | G14: =SUM(E14*60+F14) -> 0 | H14: =SUM(D14/G14*60) -> #DIV/0!
C15: 13 | G15: =SUM(E15*60+F15) -> 0 | H15: =SUM(D15/G15*60) -> #DIV/0!
C16: 14 | G16: =SUM(E16*60+F16) -> 0 | H16: =SUM(D16/G16*60) -> #DIV/0!
C17: 15 | G17: =SUM(E17*60+F17) -> 0 | H17: =SUM(D17/G17*60) -> #DIV/0!
C18: 16 | G18: =SUM(E18*60+F18) -> 0 | H18: =SUM(D18/G18*60) -> #DIV/0!
C19: 17 | G19: =SUM(E19*60+F19) -> 0 | H19: =SUM(D19/G19*60) -> #DIV/0!
... C23: 21 | G23: =SUM(E23*60+F23) -> 0 | H23: =SUM(D23/G23*60) -> #DIV/0!
D24: =SUM(D3:D23) -> 402 | I24: =SUM(I3:I23) -> 2253 | K24: =SUM(K1:K23) -> 0 | L24: =SUM(L1:L23) -> 402
A25: Km total 2025 | B25: =SUM(Oct!B25+Nov!D24) -> 6685 | H25: =SUM(Oct!H25+Nov!I24) -> 16491 | K25: =SUM(Oct!K25+Nov!K24) -> 289 | L25: =SUM(Oct!L25+Nov!L24) -> 6396
J26: Année 2021 | K26: 1843 | L26: 9688
J27: Année 2022 | K27: =SUM(Janv!K27) -> 2920 | L27: =SUM(Janv!L27) -> 6043
J28: Année 2023 | K28: 7538 | L28: 3488
J29: Année 2024 | K29: 624 | L29: 4941
J30: KM total | K30: =SUM(K26:K29) -> 12925 | L30: =SUM(L26:L29) -> 24160

Sheet Déc
A1: Suivi Performances Décembre | H1: =SUM(Janv!H1) -> 2025
A2: Dates | B2: Désignation Sorties | C2: Nb | D2: Distances | E2: Durées | H2: Vit. Moy. | I2: Dév + | J2: Remarques | K2: Brochard | L2: S1NEO
A3: 45993 | B3: Chinon Lerné Roiffé Bournand Beuxes Marçay | C3: 1 | D3: 65 | E3: 2 | F3: 52 | G3: =SUM(E3*60+F3) -> 172 | H3: =SUM(D3/G3*60) -> 22.674419 | I3: 298 | L3: 65
A4: 46000 | B4: Chinon Roiffé Bernazay Ceaux | C4: 2 | D4: 80 | E4: 3 | F4: 25 | G4: =SUM(E4*60+F4) -> 205 | H4: =SUM(D4/G4*60) -> 23.414634 | I4: 483 | L4: 80
A5: 46002 | B5: Avoine Langeais Gizeux bourgueil | C5: 3 | D5: 82 | E5: 3 | F5: 25 | G5: =SUM(E5*60+F5) -> 205 | H5: =SUM(D5/G5*60) -> 24 | I5: 494 | L5: 82
A6: 46004 | B6: Avoine Bourgueil Les Essarts Langeais | C6: 4 | D6: 65 | E6: 2 | F6: 47 | G6: =SUM(E6*60+F6) -> 167 | H6: =SUM(D6/G6*60) -> 23.353293 | I6: 234 | L6: 65
A7: 46007 | B7: Chinon Bournand Messemé Beuxes | C7: 5 | D7: 70 | E7: 2 | F7: 53 | G7: =SUM(E7*60+F7) -> 173 | H7: =SUM(D7/G7*60) -> 24.277457 | I7: 339 | L7: 70
A8: 46009 | B8: Chinon Dampierre St Cyr Roiffé | C8: 6 | D8: 78 | E8: 3 | F8: 24 | G8: =SUM(E8*60+F8) -> 204 | H8: =SUM(D8/G8*60) -> 22.941176 | I8: 381 | L8: 78
A9: 46011 | B9: Avoine Marçay Sammarçolles Bournand Couziers | C9: 7 | D9: 67 | E9: 2 | F9: 50 | G9: =SUM(E9*60+F9) -> 170 | H9: =SUM(D9/G9*60) -> 23.647059 | I9: 328 | L9: 67
C10: 8 | G10: =SUM(E10*60+F10) -> 0 | H10: =SUM(D10/G10*60) -> #DIV/0!
C11: 9 | G11: =SUM(E11*60+F11) -> 0 | H11: =SUM(D11/G11*60) -> #DIV/0!
C12: 10 | G12: =SUM(E12*60+F12) -> 0 | H12: =SUM(D12/G12*60) -> #DIV/0!
C13: 11 | G13: =SUM(E13*60+F13) -> 0 | H13: =SUM(D13/G13*60) -> #DIV/0!
C14: 12 | G14: =SUM(E14*60+F14) -> 0 | H14: =SUM(D14/G14*60) -> #DIV/0!
C15: 13 | G15: =SUM(E15*60+F15) -> 0 | H15: =SUM(D15/G15*60) -> #DIV/0!
C16: 14 | G16: =SUM(E16*60+F16) -> 0 | H16: =SUM(D16/G16*60) -> #DIV/0!
C17: 15 | G17: =SUM(E17*60+F17) -> 0 | H17: =SUM(D17/G17*60) -> #DIV/0!
C18: 16 | G18: =SUM(E18*60+F18) -> 0 | H18: =SUM(D18/G18*60) -> #DIV/0!
C19: 17 | G19: =SUM(E19*60+F19) -> 0 | H19: =SUM(D19/G19*60) -> #DIV/0!
C20: 18 | G20: =SUM(E20*60+F20) -> 0 | H20: =SUM(D20/G20*60) -> #DIV/0!
C21: 19 | G21: =SUM(E21*60+F21) -> 0 | H21: =SUM(D21/G21*60) -> #DIV/0!
C22: 20 | G22: =SUM(E22*60+F22) -> 0 | H22: =SUM(D22/G22*60) -> #DIV/0!
G23: =SUM(E23*60+F23) -> 0 | H23: =SUM(D23/G23*60) -> #DIV/0!
D24: =SUM(D3:D23) -> 507 | I24: =SUM(I3:I23) -> 2557 | K24: =SUM(K1:K23) -> 0 | L24: =SUM(L1:L23) -> 507
A25: Km total 2025 | B25: =SUM(Nov!B25+Déc!D24) -> 7192 | H25: =SUM(Nov!H25+Déc!I24) -> 19048 | K25: =SUM(Nov!K25+Déc!K24) -> 289 | L25: =SUM(Nov!L25+Déc!L24) -> 6903
J26: Année 2021 | K26: 1843 | L26: 9688
J27: Année 2022 | K27: =SUM(Janv!K27) -> 2920 | L27: =SUM(Janv!L27) -> 6043
J28: Année 2023 | K28: 7538 | L28: 3488
J29: Année 2024 | K29: 624 | L29: 4941
J30: KM total | K30: =SUM(K26:K29) -> 12925 | L30: =SUM(L26:L29) -> 24160

Sheet Feuil1

Sheet Feuil2
