Workbook

Sheet Janv
A1: Suivi Performances Janvier | H1: 2020
A2: Dates | B2: Désignation Sorties | C2: Nb | D2: Distances | E2: Durées | H2: Vit. Moy. | I2: Dév + | J2: Remarques
A3: 43833 | B3: Avoine Saumur Ulmes st Cyr | C3: 1 | D3: 77 | E3: 3 | F3: 11 | G3: =SUM(E3*60+F3) -> 191 | H3: =SUM(D3/G3*60) -> 24.188482 | I3: 319
A4: 43834 | B4: Avoine Benais Avrillé Langeais | C4: 2 | D4: 70 | E4: 2 | F4: 40 | G4: =SUM(E4*60+F4) -> 160 | H4: =SUM(D4/G4*60) -> 26.25 | I4: 208
A5: 43837 | B5: Avoine Souzay brézé Roiffé | C5: 3 | D5: 85 | E5: 3 | F5: 22 | G5: =SUM(E5*60+F5) -> 202 | H5: =SUM(D5/G5*60) -> 25.247525 | I5: 326
A6: 43839 | B6: Chinon Richelieu IB Cravant | C6: 4 | D6: 72 | E6: 3 | F6: 0 | G6: =SUM(E6*60+F6) -> 180 | H6: =SUM(D6/G6*60) -> 24 | I6: 220
A7: 43841 | B7: Avoine IB Champigny Couesmé | C7: 5 | D7: 70 | E7: 2 | F7: 50 | G7: =SUM(E7*60+F7) -> 170 | H7: =SUM(D7/G7*60) -> 24.705882 | I7: 354
A8: 43841 | B8: Avoine Balade USEAB | C8: 6 | D8: 18 | E8: 1 | F8: 6 | G8: =SUM(E8*60+F8) -> 66 | H8: =SUM(D8/G8*60) -> 16.363636 | I8: 69
A9: 43846 | B9: Chinon IB Luzé Richelieu | C9: 7 | D9: 95 | E9: 3 | F9: 59 | G9: =SUM(E9*60+F9) -> 239 | H9: =SUM(D9/G9*60) -> 23.849372 | I9: 311
A10: 43848 | B10: Avoine Ceaux Messemé Bournand | C10: 8 | D10: 76 | E10: 3 | F10: 12 | G10: =SUM(E10*60+F10) -> 192 | H10: =SUM(D10/G10*60) -> 23.75 | I10: 305
A11: 43851 | B11: Chinon St Epain Saché Azay | C11: 9 | D11: 101 | E11: 4 | F11: 8 | G11: =SUM(E11*60+F11) -> 248 | H11: =SUM(D11/G11*60) -> 24.435484 | I11: 367
A12: 43853 | B12: Chinon Crisay Thilouze Azay | C12: 10 | D12: 94 | E12: 3 | F12: 45 | G12: =SUM(E12*60+F12) -> 225 | H12: =SUM(D12/G12*60) -> 25.066667 | I12: 252
A13: 43855 | B13: Avoine Lerné Ceaux Pouant | C13: 11 | D13: 72 | E13: 3 | F13: 0 | G13: =SUM(E13*60+F13) -> 180 | H13: =SUM(D13/G13*60) -> 24 | I13: 267
A14: 43855 | B14: Avoine Balade USEAB | C14: 12 | D14: 22 | E14: 1 | F14: 17 | G14: =SUM(E14*60+F14) -> 77 | H14: =SUM(D14/G14*60) -> 17.142857 | I14: 84
A15: 43859 | B15: Avoine Saumur Meigné Roiffé | C15: 13 | D15: 90 | E15: 3 | F15: 33 | G15: =SUM(E15*60+F15) -> 213 | H15: =SUM(D15/G15*60) -> 25.352113 | I15: 564
C16: 14 | G16: =SUM(E16*60+F16) -> 0 | H16: =SUM(D16/G16*60) -> #DIV/0!
C17: 15 | G17: =SUM(E17*60+F17) -> 0 | H17: =SUM(D17/G17*60) -> #DIV/0!
C18: 16 | G18: =SUM(E18*60+F18) -> 0 | H18: =SUM(D18/G18*60) -> #DIV/0!
C19: 17 | G19: =SUM(E19*60+F19) -> 0 | H19: =SUM(D19/G19*60) -> #DIV/0!
C20: 18 | G20: =SUM(E20*60+F20) -> 0 | H20: =SUM(D20/G20*60) -> #DIV/0!
C21: 19 | G21: =SUM(E21*60+F21) -> 0 | H21: =SUM(D21/G21*60) -> #DIV/0!
C22: 20 | G22: =SUM(E22*60+F22) -> 0 | H22: =SUM(D22/G22*60) -> #DIV/0!
G23: =SUM(E23*60+F23) -> 0 | H23: =SUM(D23/G23*60) -> #DIV/0!
D24: =SUM(D3:D23) -> 942 | I24: =SUM(I3:I23) -> 3646
B25: =SUM(D24+0) -> 942 | H25: =SUM(I24+0) -> 3646

Sheet Fév
A1: Suivi Performances Février | H1: =SUM(Janv!H1) -> 2020
A2: Dates | B2: Désignation Sorties | C2: Nb | D2: Distances | E2: Durées | H2: Vit. Moy. | I2: Dév + | J2: Remarques
A3: 43862 | B3: Avoine Bournand Ternay Saix | C3: 1 | D3: 69 | E3: 2 | F3: 33 | G3: =SUM(E3*60+F3) -> 153 | H3: =SUM(D3/G3*60) -> 27.058824 | I3: 345 | J3: Vent fort
A4: 43865 | B4: Chinon Saumur Meigné Coudray | C4: 2 | D4: 97 | E4: 3 | F4: 58 | G4: =SUM(E4*60+F4) -> 238 | H4: =SUM(D4/G4*60) -> 24.453782 | I4: 435
A5: 43867 | B5: chinon St Epain Thilouze Azay | C5: 3 | D5: 96 | E5: 4 | G5: =SUM(E5*60+F5) -> 240 | H5: =SUM(D5/G5*60) -> 24 | I5: 377
A6: 43869 | B6: Avoine Saix St Léger Bournand Couziers | C6: 4 | D6: 73 | E6: 2 | F6: 57 | G6: =SUM(E6*60+F6) -> 177 | H6: =SUM(D6/G6*60) -> 24.745763 | I6: 318
A7: 43872 | B7: Chinon Vernoil Allonnes St Nicolas | C7: 5 | D7: 93 | E7: 3 | F7: 52 | G7: =SUM(E7*60+F7) -> 232 | H7: =SUM(D7/G7*60) -> 24.051724 | I7: 335 | J7: Vent fort
A8: 43873 | B8: Avoine Huismes Chinon | C8: 6 | D8: 32 | E8: 1 | F8: 41 | G8: =SUM(E8*60+F8) -> 101 | H8: =SUM(D8/G8*60) -> 19.009901 | I8: 160 | J8: Avec Evelyne
A9: 43875 | B9: Avoine Saumur Coudray Roiffé | C9: 7 | D9: 87 | E9: 3 | F9: 38 | G9: =SUM(E9*60+F9) -> 218 | H9: =SUM(D9/G9*60) -> 23.944954 | I9: 543
A10: 43876 | B10: Avoine Marçay Basses Couziers | C10: 8 | D10: 72 | E10: 2 | F10: 53 | G10: =SUM(E10*60+F10) -> 173 | H10: =SUM(D10/G10*60) -> 24.971098 | I10: 350
A11: 43879 | B11: Chinon Vernoil Allonnes St Nicolas | C11: 9 | D11: 90 | E11: 3 | F11: 39 | G11: =SUM(E11*60+F11) -> 219 | H11: =SUM(D11/G11*60) -> 24.657534 | I11: 323
A12: 43881 | B12: Chinon Saumur Ulmes Coudray Couziers | C12: 10 | D12: 99 | E12: 4 | F12: 2 | G12: =SUM(E12*60+F12) -> 242 | H12: =SUM(D12/G12*60) -> 24.545455 | I12: 414
A13: 43883 | B13: Avoine Bournand Brézé Parnay | C13: 11 | D13: 70 | E13: 2 | F13: 46 | G13: =SUM(E13*60+F13) -> 166 | H13: =SUM(D13/G13*60) -> 25.301205 | I13: 278
A14: 43883 | B14: USEAB balade | C14: 12 | D14: 24 | E14: 1 | F14: 30 | G14: =SUM(E14*60+F14) -> 90 | H14: =SUM(D14/G14*60) -> 16 | I14: 111
A15: 43890 | B15: Avoine Vernoil Allonnes | C15: 13 | D15: 76 | E15: 3 | F15: 8 | G15: =SUM(E15*60+F15) -> 188 | H15: =SUM(D15/G15*60) -> 24.255319 | I15: 346
C16: 14 | G16: =SUM(E16*60+F16) -> 0 | H16: =SUM(D16/G16*60) -> #DIV/0!
C17: 15 | G17: =SUM(E17*60+F17) -> 0 | H17: =SUM(D17/G17*60) -> #DIV/0!
C18: 16 | G18: =SUM(E18*60+F18) -> 0 | H18: =SUM(D18/G18*60) -> #DIV/0!
C19: 17 | G19: =SUM(E19*60+F19) -> 0 | H19: =SUM(D19/G19*60) -> #DIV/0!
C20: 18 | G20: =SUM(E20*60+F20) -> 0 | H20: =SUM(D20/G20*60) -> #DIV/0!
C21: 19 | G21: =SUM(E21*60+F21) -> 0 | H21: =SUM(D21/G21*60) -> #DIV/0!
C22: 20 | G22: =SUM(E22*60+F22) -> 0 | H22: =SUM(D22/G22*60) -> #DIV/0!
G23: =SUM(E23*60+F23) -> 0 | H23: =SUM(D23/G23*60) -> #DIV/0!
D24: =SUM(D3:D23) -> 978 | I24: =SUM(I3:I23) -> 4335
B25: =SUM(Janv!B25+Fév!D24) -> 1920 | H25: =SUM(Janv!H25+Fév!I24) -> 7981

Sheet Mar
A1: Suivi Performances Mars | H1: =SUM(Janv!H1) -> 2020
A2: Dates | B2: Désignation Sorties | C2: Nb | D2: Distances | E2: Durées | H2: Vit. Moy. | I2: Dév + | J2: Remarques
A3: 43891 | B3: Rencontre de Printemps | C3: 1 | D3: 32 | E3: 1 | F3: 38 | G3: =SUM(E3*60+F3) -> 98 | H3: =SUM(D3/G3*60) -> 19.591837 | I3: 134 | J3: vent et pluie
A4: 43897 | B4: Avoine Saumur les Ulmes Champigny | C4: 2 | D4: 75 | E4: 3 | F4: 7 | G4: =SUM(E4*60+F4) -> 187 | H4: =SUM(D4/G4*60) -> 24.064171 | I4: 331
A5: 43900 | B5: Chinon Gennes Montreuil bellay | C5: 3 | D5: 120 | E5: 4 | F5: 41 | G5: =SUM(E5*60+F5) -> 281 | H5: =SUM(D5/G5*60) -> 25.622776 | I5: 537
A6: 43904 | B6: Avoine Marçay | C6: 4 | D6: 37 | E6: 1 | F6: 35 | G6: =SUM(E6*60+F6) -> 95 | H6: =SUM(D6/G6*60) -> 23.368421 | I6: 178
C7: 5 | G7: =SUM(E7*60+F7) -> 0 | H7: =SUM(D7/G7*60) -> #DIV/0!
C8: 6 | G8: =SUM(E8*60+F8) -> 0 | H8: =SUM(D8/G8*60) -> #DIV/0!
C9: 7 | G9: =SUM(E9*60+F9) -> 0 | H9: =SUM(D9/G9*60) -> #DIV/0!
C10: 8 | G10: =SUM(E10*60+F10) -> 0 | H10: =SUM(D10/G10*60) -> #DIV/0!
C11: 9 | G11: =SUM(E11*60+F11) -> 0 | H11: =SUM(D11/G11*60) -> #DIV/0!
C12: 10 | G12: =SUM(E12*60+F12) -> 0 | H12: =SUM(D12/G12*60) -> #DIV/0!
C13: 11 | G13: =SUM(E13*60+F13) -> 0 | H13: =SUM(D13/G13*60) -> #DIV/0!
C14: 12 | G14: =SUM(E14*60+F14) -> 0 | H14: =SUM(D14/G14*60) -> #DIV/0!
C15: 13 | G15: =SUM(E15*60+F15) -> 0 | H15: =SUM(D15/G15*60) -> #DIV/0!
C16: 14 | G16: =SUM(E16*60+F16) -> 0 | H16: =SUM(D16/G16*60) -> #DIV/0!
C17: 15 | G17: =SUM(E17*60+F17) -> 0 | H17: =SUM(D17/G17*60) -> #DIV/0!
C18: 16 | G18: =SUM(E18*60+F18) -> 0 | H18: =SUM(D18/G18*60) -> #DIV/0!
... C22: 20 | G22: =SUM(E22*60+F22) -> 0 | H22: =SUM(D22/G22*60) -> #DIV/0!
G23: =SUM(E23*60+F23) -> 0 | H23: =SUM(D23/G23*60) -> #DIV/0!
D24: =SUM(D3:D23) -> 264 | I24: =SUM(I3:I23) -> 1180
B25: =SUM(Fév!B25+Mar!D24) -> 2184 | H25: =SUM(Fév!H25+Mar!I24) -> 9161

Sheet Avr
A1: Suivi Performances Avril | H1: =SUM(Janv!H1) -> 2020
A2: Dates | B2: Désignation Sorties | C2: Nb | D2: Distances | E2: Durées | H2: Vit. Moy. | I2: Dév + | J2: Remarques
A3: 43951 | B3: Confinement Home Trainer | C3: 1 | D3: 1000 | E3: 38 | G3: =SUM(E3*60+F3) -> 2280 | H3: =SUM(D3/G3*60) -> 26.315789
C4: 2 | G4: =SUM(E4*60+F4) -> 0 | H4: =SUM(D4/G4*60) -> #DIV/0!
C5: 3 | G5: =SUM(E5*60+F5) -> 0 | H5: =SUM(D5/G5*60) -> #DIV/0!
C6: 4 | G6: =SUM(E6*60+F6) -> 0 | H6: =SUM(D6/G6*60) -> #DIV/0!
C7: 5 | G7: =SUM(E7*60+F7) -> 0 | H7: =SUM(D7/G7*60) -> #DIV/0!
C8: 6 | G8: =SUM(E8*60+F8) -> 0 | H8: =SUM(D8/G8*60) -> #DIV/0!
C9: 7 | G9: =SUM(E9*60+F9) -> 0 | H9: =SUM(D9/G9*60) -> #DIV/0!
C10: 8 | G10: =SUM(E10*60+F10) -> 0 | H10: =SUM(D10/G10*60) -> #DIV/0!
C11: 9 | G11: =SUM(E11*60+F11) -> 0 | H11: =SUM(D11/G11*60) -> #DIV/0!
C12: 10 | G12: =SUM(E12*60+F12) -> 0 | H12: =SUM(D12/G12*60) -> #DIV/0!
C13: 11 | G13: =SUM(E13*60+F13) -> 0 | H13: =SUM(D13/G13*60) -> #DIV/0!
C14: 12 | G14: =SUM(E14*60+F14) -> 0 | H14: =SUM(D14/G14*60) -> #DIV/0!
C15: 13 | G15: =SUM(E15*60+F15) -> 0 | H15: =SUM(D15/G15*60) -> #DIV/0!
... C22: 20 | G22: =SUM(E22*60+F22) -> 0 | H22: =SUM(D22/G22*60) -> #DIV/0!
G23: =SUM(E23*60+F23) -> 0 | H23: =SUM(D23/G23*60) -> #DIV/0!
D24: =SUM(D3:D23) -> 1000 | I24: =SUM(I3:I23) -> 0
B25: =SUM(Mar!B25+Avr!D24) -> 3184 | H25: =SUM(Mar!H25+Avr!I24) -> 9161

Sheet Mai
A1: Suivi Performances Mai | H1: =SUM(Janv!H1) -> 2020
A2: Dates | B2: Désignation Sorties | C2: Nb | D2: Distances | E2: Durées | H2: Vit. Moy. | I2: Dév + | J2: Remarques
A3: 43967 | B3: Avoine Courléon Blou | C3: 1 | D3: 78 | E3: 2 | F3: 52 | G3: =SUM(E3*60+F3) -> 172 | H3: =SUM(D3/G3*60) -> 27.209302 | I3: 242
A4: 43967 | B4: Avoine LOUIS LUCILE | C4: 2 | D4: 8 | F4: 38 | G4: =SUM(E4*60+F4) -> 38 | H4: =SUM(D4/G4*60) -> 12.631579
A5: 43969 | B5: Avoine LOUIS | C5: 3 | D5: 16 | E5: 1 | F5: 10 | G5: =SUM(E5*60+F5) -> 70 | H5: =SUM(D5/G5*60) -> 13.714286 | I5: 44
A6: 43970 | B6: Avoine LOUIS LUCILE | C6: 4 | D6: 9 | E6: 0 | F6: 51 | G6: =SUM(E6*60+F6) -> 51 | H6: =SUM(D6/G6*60) -> 10.588235 | I6: 19
A7: 43971 | B7: Avoine St Epain Villeperdue Monts | C7: 5 | D7: 100 | E7: 3 | F7: 49 | G7: =SUM(E7*60+F7) -> 229 | H7: =SUM(D7/G7*60) -> 26.200873 | I7: 340
A8: 43972 | B8: Avoine LUCILE | C8: 6 | D8: 6 | F8: 37 | G8: =SUM(E8*60+F8) -> 37 | H8: =SUM(D8/G8*60) -> 9.7297297 | I8: 7
A9: 43974 | B9: Avoine Cunault forges Coudray Roiffé | C9: 7 | D9: 105 | E9: 3 | F9: 45 | G9: =SUM(E9*60+F9) -> 225 | H9: =SUM(D9/G9*60) -> 28 | I9: 564
A10: 43976 | B10: Avoine LOUIS | C10: 8 | D10: 26 | E10: 1 | F10: 32 | G10: =SUM(E10*60+F10) -> 92 | H10: =SUM(D10/G10*60) -> 16.956522 | I10: 32
A11: 43977 | B11: Avoine Panzoult Azay Artannes Savonnière100 | C11: 9 | D11: 100 | E11: 3 | F11: 47 | G11: =SUM(E11*60+F11) -> 227 | H11: =SUM(D11/G11*60) -> 26.431718 | I11: 303
A12: 43981 | B12: Avoine Le Courtineau | C12: 10 | D12: 90 | E12: 3 | F12: 25 | G12: =SUM(E12*60+F12) -> 205 | H12: =SUM(D12/G12*60) -> 26.341463 | I12: 324
A13: 43981 | B13: Avoine Lucile | C13: 11 | D13: 6 | E13: 0 | F13: 32 | G13: =SUM(E13*60+F13) -> 32 | H13: =SUM(D13/G13*60) -> 11.25 | I13: 8
C14: 12 | G14: =SUM(E14*60+F14) -> 0 | H14: =SUM(D14/G14*60) -> #DIV/0!
C15: 13 | G15: =SUM(E15*60+F15) -> 0 | H15: =SUM(D15/G15*60) -> #DIV/0!
C16: 14 | G16: =SUM(E16*60+F16) -> 0 | H16: =SUM(D16/G16*60) -> #DIV/0!
C17: 15 | G17: =SUM(E17*60+F17) -> 0 | H17: =SUM(D17/G17*60) -> #DIV/0!
C18: 16 | G18: =SUM(E18*60+F18) -> 0 | H18: =SUM(D18/G18*60) -> #DIV/0!
C19: 17 | G19: =SUM(E19*60+F19) -> 0 | H19: =SUM(D19/G19*60) -> #DIV/0!
C20: 18 | G20: =SUM(E20*60+F20) -> 0 | H20: =SUM(D20/G20*60) -> #DIV/0!
C21: 19 | G21: =SUM(E21*60+F21) -> 0 | H21: =SUM(D21/G21*60) -> #DIV/0!
C22: 20 | G22: =SUM(E22*60+F22) -> 0 | H22: =SUM(D22/G22*60) -> #DIV/0!
G23: =SUM(E23*60+F23) -> 0 | H23: =SUM(D23/G23*60) -> #DIV/0!
D24: =SUM(D3:D23) -> 544 | I24: =SUM(I3:I23) -> 1883
B25: =SUM(Avr!B25+Mai!D24) -> 3728 | H25: =SUM(Avr!H25+Mai!I24) -> 11044

Sheet Juin
A1: Suivi Performances Juin | H1: =SUM(Janv!H1) -> 2020
A2: Dates | B2: Désignation Sorties | C2: Nb | D2: Distances | E2: Durées | H2: Vit. Moy. | I2: Dév + | J2: Remarques
A3: 43985 | B3: Avoine la pellerine | C3: 1 | D3: 90 | E3: 3 | F3: 28 | G3: =SUM(E3*60+F3) -> 208 | H3: =SUM(D3/G3*60) -> 25.961538 | I3: 297
A4: 43986 | B4: Avoine Chinon | C4: 2 | D4: 25 | E4: 1 | G4: =SUM(E4*60+F4) -> 60 | H4: =SUM(D4/G4*60) -> 25 | I4: 30
A5: 43988 | B5: Avoine langeais Hommes La Breille | C5: 3 | D5: 102 | E5: 3 | F5: 50 | G5: =SUM(E5*60+F5) -> 230 | H5: =SUM(D5/G5*60) -> 26.608696 | I5: 353
A6: 43990 | B6: Avoine Mouliherne | C6: 4 | D6: 97 | E6: 3 | F6: 35 | G6: =SUM(E6*60+F6) -> 215 | H6: =SUM(D6/G6*60) -> 27.069767 | I6: 373
A7: 43992 | B7: Avoine Cunault Doué Montreuil | C7: 5 | D7: 101 | E7: 3 | F7: 49 | G7: =SUM(E7*60+F7) -> 229 | H7: =SUM(D7/G7*60) -> 26.462882 | I7: 440
A8: 43995 | B8: Avoine Marçay Basses Couziers | C8: 6 | D8: 81 | E8: 3 | F8: 14 | G8: =SUM(E8*60+F8) -> 194 | H8: =SUM(D8/G8*60) -> 25.051546 | I8: 250
A9: 44002 | B9: Avoine Ceaux Verniers 3 Moutiers Roiffé | C9: 7 | D9: 79 | E9: 3 | F9: 20 | G9: =SUM(E9*60+F9) -> 200 | H9: =SUM(D9/G9*60) -> 23.7 | I9: 338
A10: 44004 | B10: Avoine Parçay Hommes restigné | C10: 8 | D10: 85 | E10: 3 | F10: 18 | G10: =SUM(E10*60+F10) -> 198 | H10: =SUM(D10/G10*60) -> 25.757576 | I10: 310
A11: 44005 | B11: Avoine Rillé Savigné Langeais | C11: 9 | D11: 88 | E11: 3 | F11: 16 | G11: =SUM(E11*60+F11) -> 196 | H11: =SUM(D11/G11*60) -> 26.938776 | I11: 327
A12: 44007 | B12: Avoine IB Rilly Marigny Richelieu | C12: 10 | D12: 95 | E12: 3 | F12: 43 | G12: =SUM(E12*60+F12) -> 223 | H12: =SUM(D12/G12*60) -> 25.560538 | I12: 414
A13: 44009 | B13: Avoine3 Moutiers Ranton Douvy | C13: 11 | D13: 83 | E13: 3 | F13: 17 | G13: =SUM(E13*60+F13) -> 197 | H13: =SUM(D13/G13*60) -> 25.279188 | I13: 346
A14: 44009 | B14: Avoine Balade USEAB | C14: 12 | D14: 21 | E14: 1 | F14: 20 | G14: =SUM(E14*60+F14) -> 80 | H14: =SUM(D14/G14*60) -> 15.75 | I14: 54
A15: 44010 | B15: Avoine Rigny Huismes | C15: 13 | D15: 27 | E15: 1 | F15: 19 | G15: =SUM(E15*60+F15) -> 79 | H15: =SUM(D15/G15*60) -> 20.506329 | I15: 127 | J15: Avec Evelyne
A16: 44012 | B16: Chinon Marçay Rossay Mouterre Roiffé | C16: 14 | D16: 98 | E16: 3 | F16: 52 | G16: =SUM(E16*60+F16) -> 232 | H16: =SUM(D16/G16*60) -> 25.344828 | I16: 400
A17: 44012 | B17: Montsoreau Avoine | C17: 15 | D17: 11 | E17: 0 | F17: 24 | G17: =SUM(E17*60+F17) -> 24 | H17: =SUM(D17/G17*60) -> 27.5 | I17: 10
C18: 16 | G18: =SUM(E18*60+F18) -> 0 | H18: =SUM(D18/G18*60) -> #DIV/0!
C19: 17 | G19: =SUM(E19*60+F19) -> 0 | H19: =SUM(D19/G19*60) -> #DIV/0!
C20: 18 | G20: =SUM(E20*60+F20) -> 0 | H20: =SUM(D20/G20*60) -> #DIV/0!
C21: 19 | G21: =SUM(E21*60+F21) -> 0 | H21: =SUM(D21/G21*60) -> #DIV/0!
C22: 20 | G22: =SUM(E22*60+F22) -> 0 | H22: =SUM(D22/G22*60) -> #DIV/0!
G23: =SUM(E23*60+F23) -> 0 | H23: =SUM(D23/G23*60) -> #DIV/0!
D24: =SUM(D3:D23) -> 1083 | I24: =SUM(I3:I23) -> 4069
B25: =SUM(Mai!B25+Juin!D24) -> 4811 | H25: =SUM(Mai!H25+Juin!I24) -> 15113

Sheet Juil
A1: Suivi Performances Juillet | H1: =SUM(Janv!H1) -> 2020
A2: Dates | B2: Désignation Sorties | C2: Nb | D2: Distances | E2: Durées | H2: Vit. Moy. | I2: Dév + | J2: Remarques
A3: 44014 | B3: Chinon Saumur Rou Roiffé | C3: 1 | D3: 99 | E3: 3 | F3: 47 | G3: =SUM(E3*60+F3) -> 227 | H3: =SUM(D3/G3*60) -> 26.167401 | I3: 383
A4: 44016 | B4: Avoine 3 Moutiers Ranton Berrie Roiffé | C4: 2 | D4: 89 | E4: 3 | F4: 23 | G4: =SUM(E4*60+F4) -> 203 | H4: =SUM(D4/G4*60) -> 26.305419 | I4: 303
A5: 44016 | B5: Avoine balade USEAB | C5: 3 | D5: 26 | E5: 1 | F5: 30 | G5: =SUM(E5*60+F5) -> 90 | H5: =SUM(D5/G5*60) -> 17.333333 | I5: 40
A6: 44017 | B6: Avoine Couziers Seuilly | C6: 4 | D6: 41 | E6: 2 | F6: 2 | G6: =SUM(E6*60+F6) -> 122 | H6: =SUM(D6/G6*60) -> 20.163934 | I6: 133 | J6: Avec Evelyne
A7: 44019 | B7: Chinon St Epain Villeperdue Mont | C7: 5 | D7: 100 | E7: 3 | F7: 50 | G7: =SUM(E7*60+F7) -> 230 | H7: =SUM(D7/G7*60) -> 26.086957 | I7: 397
A8: 44021 | B8: Chinon Richelieu Mont / Guesnes | C8: 7 | D8: 92 | E8: 3 | F8: 36 | G8: =SUM(E8*60+F8) -> 216 | H8: =SUM(D8/G8*60) -> 25.555556 | I8: 331
A9: 44023 | B9: Avoine Courléon Avrillé Ingrandes | C9: 8 | D9: 85 | E9: 3 | F9: 17 | G9: =SUM(E9*60+F9) -> 197 | H9: =SUM(D9/G9*60) -> 25.888325 | I9: 347
A10: 44024 | B10: Avoine Couziers Seuilly | C10: 9 | D10: 42 | E10: 1 | F10: 54 | G10: =SUM(E10*60+F10) -> 114 | H10: =SUM(D10/G10*60) -> 22.105263 | I10: 120 | J10: Avec Evelyne
A11: 44027 | B11: Vélo francette Avoine Thouars | C11: 10 | D11: 64 | E11: 4 | F11: 30 | G11: =SUM(E11*60+F11) -> 270 | H11: =SUM(D11/G11*60) -> 14.222222 | I11: 321 | J11: Avec Evelyne
A12: 44028 | B12: Vélo francette Thouars Parthenay | C12: 11 | D12: 64 | E12: 4 | F12: 39 | G12: =SUM(E12*60+F12) -> 279 | H12: =SUM(D12/G12*60) -> 13.763441 | I12: 661 | J12: Avec Evelyne
A13: 44029 | B13: Vélo francette Parthenay Coulon | C13: 12 | D13: 74 | E13: 5 | F13: 0 | G13: =SUM(E13*60+F13) -> 300 | H13: =SUM(D13/G13*60) -> 14.8 | I13: 615 | J13: Avec Evelyne
A14: 44030 | B14: Vélo francette Coulon Marrans | C14: 13 | D14: 49 | E14: 3 | F14: 16 | G14: =SUM(E14*60+F14) -> 196 | H14: =SUM(D14/G14*60) -> 15 | I14: 59 | J14: Avec Evelyne
A15: 44032 | B15: Vélo francette Marrans Magné | C15: 14 | D15: 48 | E15: 3 | F15: 8 | G15: =SUM(E15*60+F15) -> 188 | H15: =SUM(D15/G15*60) -> 15.319149 | I15: 43 | J15: Avec Evelyne
A16: 44034 | B16: Vélo francette Magné St Projet | C16: 15 | D16: 33 | E16: 2 | F16: 23 | G16: =SUM(E16*60+F16) -> 143 | H16: =SUM(D16/G16*60) -> 13.846154 | I16: 335 | J16: Avec Evelyne
A17: 44035 | B17: Vélo francette St Projet Moncontour | C17: 16 | D17: 61 | E17: 3 | F17: 43 | G17: =SUM(E17*60+F17) -> 223 | H17: =SUM(D17/G17*60) -> 16.412556 | I17: 446 | J17: Avec Evelyne
A18: 43945 | B18: Vélo francette Moncontour Avoine | C18: 17 | D18: 58 | E18: 3 | F18: 32 | G18: =SUM(E18*60+F18) -> 212 | H18: =SUM(D18/G18*60) -> 16.415094 | I18: 264 | J18: Avec Evelyne
A19: 44037 | B19: Avoine 3 moutiers Vrères Antoigné | C19: 18 | D19: 87 | E19: 3 | F19: 12 | G19: =SUM(E19*60+F19) -> 192 | H19: =SUM(D19/G19*60) -> 27.1875 | I19: 290
A20: 44037 | B20: Avoine La Trochoire Couziers | C20: 19 | D20: 40 | E20: 2 | F20: 0 | G20: =SUM(E20*60+F20) -> 120 | H20: =SUM(D20/G20*60) -> 20 | I20: 150 | J20: Avec Evelyne
A21: 44038 | B21: Avoine Azay | C21: 20 | D21: 51 | E21: 2 | F21: 27 | G21: =SUM(E21*60+F21) -> 147 | H21: =SUM(D21/G21*60) -> 20.816327 | I21: 130 | J21: Avec Evelyne
A22: 44040 | B22: Chinon Saumur Rou Roiffé | C22: 21 | D22: 93 | E22: 3 | F22: 44 | G22: =SUM(E22*60+F22) -> 224 | H22: =SUM(D22/G22*60) -> 24.910714 | I22: 552
A23: 44042 | B23: Chinon Avon Nueil Saché Cheillé | C23: 22 | D23: 103 | E23: 4 | F23: 1 | G23: =SUM(E23*60+F23) -> 241 | H23: =SUM(D23/G23*60) -> 25.643154 | I23: 675
C24: 23 | G24: =SUM(E24*60+F24) -> 0 | H24: =SUM(D24/G24*60) -> #DIV/0!
C25: 24 | G25: =SUM(E25*60+F25) -> 0 | H25: =SUM(D25/G25*60) -> #DIV/0!
D26: =SUM(D3:D25) -> 1399 | I26: =SUM(I3:I25) -> 6595
B27: =SUM(Juin!B25+Juil!D26) -> 6210 | H27: =SUM(Juin!H25+Juil!I26) -> 21708

Sheet Aout
A1: Suivi Performances Août | H1: =SUM(Janv!H1) -> 2020
A2: Dates | B2: Désignation Sorties | C2: Nb | D2: Distances | E2: Durées | H2: Vit. Moy. | I2: Dév + | J2: Remarques
A3: 44044 | B3: Avoine montreuil Chacé | C3: 1 | D3: 79 | E3: 3 | F3: 24 | G3: =SUM(E3*60+F3) -> 204 | H3: =SUM(D3/G3*60) -> 23.235294 | I3: 347
A4: 44048 | B4: Avoine Courléon La Pellerine Blou | C4: 2 | D4: 96 | E4: 3 | F4: 42 | G4: =SUM(E4*60+F4) -> 222 | H4: =SUM(D4/G4*60) -> 25.945946 | I4: 355
A5: 44051 | B5: Avoine Ceaux Veniers 3 Moutiers | C5: 3 | D5: 88 | E5: 3 | F5: 20 | G5: =SUM(E5*60+F5) -> 200 | H5: =SUM(D5/G5*60) -> 26.4 | I5: 380
A6: 44054 | B6: Chinon Richelieu Jaulnay Marigny IB | C6: 4 | D6: 108 | E6: 3 | F6: 46 | G6: =SUM(E6*60+F6) -> 226 | H6: =SUM(D6/G6*60) -> 28.672566 | I6: 310
A7: 44056 | B7: Chinon Saumur Rou Coudray | C7: 5 | D7: 90 | E7: 3 | F7: 38 | G7: =SUM(E7*60+F7) -> 218 | H7: =SUM(D7/G7*60) -> 24.770642 | I7: 437
A8: 44058 | B8: Avoine Cheillé Vilaine Crouzilles | C8: 3 | D8: 80 | E8: 3 | F8: 13 | G8: =SUM(E8*60+F8) -> 193 | H8: =SUM(D8/G8*60) -> 24.870466 | I8: 559
A9: 44061 | B9: Chinon Courtineau Villeperdue Azay | C9: 7 | D9: 106 | E9: 3 | F9: 52 | G9: =SUM(E9*60+F9) -> 232 | H9: =SUM(D9/G9*60) -> 27.413793 | I9: 404
A10: 44061 | B10: Avoine Bréhémont Chinon | C10: 8 | D10: 37 | E10: 1 | F10: 48 | G10: =SUM(E10*60+F10) -> 108 | H10: =SUM(D10/G10*60) -> 20.555556 | I10: 139 | J10: Avec Evelyne et Orage
A11: 44063 | B11: Chinon Richelieu Jaulnay MarignyPouzay | C11: 9 | D11: 106 | E11: 4 | F11: 4 | G11: =SUM(E11*60+F11) -> 244 | H11: =SUM(D11/G11*60) -> 26.065574 | I11: 345
A12: 44063 | B12: Turquant Avoine | C12: 9 | D12: 17 | F12: 38 | G12: =SUM(E12*60+F12) -> 38 | H12: =SUM(D12/G12*60) -> 26.842105 | I12: 36
A13: 44067 | B13: Avoine LUCILE | C13: 11 | D13: 10 | F13: 54 | G13: =SUM(E13*60+F13) -> 54 | H13: =SUM(D13/G13*60) -> 11.111111 | I13: 19 | J13: Avec Lucile
A14: 44068 | B14: Avoine 3 Moutiers Ranton Epieds | C14: 12 | D14: 95 | E14: 3 | F14: 35 | G14: =SUM(E14*60+F14) -> 215 | H14: =SUM(D14/G14*60) -> 26.511628 | I14: 366
A15: 44070 | B15: Chinon Champigny Maulay Angliers | C15: 13 | D15: 94 | E15: 3 | F15: 42 | G15: =SUM(E15*60+F15) -> 222 | H15: =SUM(D15/G15*60) -> 25.405405 | I15: 359
A16: 44072 | B16: Avoine St Cyr berrie Bernazay Roiffé | C16: 14 | D16: 88 | E16: 3 | F16: 17 | G16: =SUM(E16*60+F16) -> 197 | H16: =SUM(D16/G16*60) -> 26.80203 | I16: 393
A17: 44074 | B17: Lésignac Durand | C17: 15 | D17: 25 | E17: 1 | F17: 38 | G17: =SUM(E17*60+F17) -> 98 | H17: =SUM(D17/G17*60) -> 15.306122 | I17: 300 | J17: Vacances 2020
C18: 16 | G18: =SUM(E18*60+F18) -> 0 | H18: =SUM(D18/G18*60) -> #DIV/0!
C19: 17 | G19: =SUM(E19*60+F19) -> 0 | H19: =SUM(D19/G19*60) -> #DIV/0!
C20: 18 | G20: =SUM(E20*60+F20) -> 0 | H20: =SUM(D20/G20*60) -> #DIV/0!
C21: 19 | G21: =SUM(E21*60+F21) -> 0 | H21: =SUM(D21/G21*60) -> #DIV/0!
C22: 20 | G22: =SUM(E22*60+F22) -> 0 | H22: =SUM(D22/G22*60) -> #DIV/0!
C23: 21 | G23: =SUM(E23*60+F23) -> 0 | H23: =SUM(D23/G23*60) -> #DIV/0!
I24: =SUM(I3:I23) -> 4749
D25: =SUM(D3:D24) -> 1119 | H25: =SUM(Juil!H27+Aout!I24) -> 26457
B26: =SUM(Juil!B27+Aout!D25) -> 7329

Sheet Sept
A1: Suivi Performances Septembre | H1: =SUM(Janv!H1) -> 2020
A2: Dates | B2: Désignation Sorties | C2: Nb | D2: Distances | E2: Durées | H2: Vit. Moy. | I2: Dév + | J2: Remarques
A3: 44075 | B3: Lésignac Durand | C3: 1 | D3: 14 | E3: 0 | F3: 50 | G3: =SUM(E3*60+F3) -> 50 | H3: =SUM(D3/G3*60) -> 16.8 | I3: 150 | J3: Vacances 2020
A4: 44076 | B4: Lésignac Durand | C4: 2 | D4: 32 | E4: 1 | F4: 58 | G4: =SUM(E4*60+F4) -> 118 | H4: =SUM(D4/G4*60) -> 16.271186 | I4: 324 | J4: Vacances 2020
A5: 44078 | B5: St Estephe | C5: 3 | D5: 21 | E5: 1 | F5: 17 | G5: =SUM(E5*60+F5) -> 77 | H5: =SUM(D5/G5*60) -> 16.363636 | I5: 226 | J5: Vacances 2020
A6: 44078 | B6: St Estephe | C6: 2 | D6: 30 | E6: 2 | F6: 0 | G6: =SUM(E6*60+F6) -> 120 | H6: =SUM(D6/G6*60) -> 15 | I6: 430 | J6: Vacances 2020
A7: 44085 | B7: Arçais Marais poitevin | C7: 5 | D7: 36 | E7: 1 | F7: 50 | G7: =SUM(E7*60+F7) -> 110 | H7: =SUM(D7/G7*60) -> 19.636364 | I7: 62 | J7: Vacances 2020
A8: 44089 | B8: Chinon Champigny | C8: 6 | D8: 77 | E8: 2 | F8: 51 | G8: =SUM(E8*60+F8) -> 171 | H8: =SUM(D8/G8*60) -> 27.017544 | I8: 359
A9: 44089 | B9: Montsoreau Avoine | C9: 7 | D9: 11 | E9: 0 | F9: 26 | G9: =SUM(E9*60+F9) -> 26 | H9: =SUM(D9/G9*60) -> 25.384615 | I9: 17
A10: 44092 | B10: Avoine Ligniére Druye St Epain | C10: 8 | D10: 92 | E10: 3 | F10: 30 | G10: =SUM(E10*60+F10) -> 210 | H10: =SUM(D10/G10*60) -> 26.285714 | I10: 356
A11: 44093 | B11: Avoine Ceaux Nueil braslou | C11: 9 | D11: 85 | E11: 3 | F11: 24 | G11: =SUM(E11*60+F11) -> 204 | H11: =SUM(D11/G11*60) -> 25 | I11: 425
A12: 44093 | B12: Avoine Couziers Thizay | C12: 10 | D12: 44 | E12: 2 | F12: 8 | G12: =SUM(E12*60+F12) -> 128 | H12: =SUM(D12/G12*60) -> 20.625 | I12: 267 | J12: Avec Evelyne
A13: 44096 | B13: Chinon Montreuil Berrie Roiffé | C13: 11 | D13: 98 | E13: 3 | F13: 48 | G13: =SUM(E13*60+F13) -> 228 | H13: =SUM(D13/G13*60) -> 25.789474 | I13: 354
A14: 44100 | B14: Avoine Chacé Le Puy Montreuil | C14: 12 | D14: 84 | E14: 3 | F14: 17 | G14: =SUM(E14*60+F14) -> 197 | H14: =SUM(D14/G14*60) -> 25.583756 | I14: 384
A15: 44100 | B15: Avoine balade Véron | C15: 13 | D15: 25 | E15: 1 | F15: 37 | G15: =SUM(E15*60+F15) -> 97 | H15: =SUM(D15/G15*60) -> 15.463918 | I15: 33
A16: 44103 | B16: Chinon Couzier Sammarcolle Pouant | C16: 14 | D16: 102 | E16: 3 | F16: 49 | G16: =SUM(E16*60+F16) -> 229 | H16: =SUM(D16/G16*60) -> 26.724891 | I16: 465
C17: 15 | G17: =SUM(E17*60+F17) -> 0 | H17: =SUM(D17/G17*60) -> #DIV/0!
C18: 16 | G18: =SUM(E18*60+F18) -> 0 | H18: =SUM(D18/G18*60) -> #DIV/0!
C19: 17 | G19: =SUM(E19*60+F19) -> 0 | H19: =SUM(D19/G19*60) -> #DIV/0!
C20: 18 | G20: =SUM(E20*60+F20) -> 0 | H20: =SUM(D20/G20*60) -> #DIV/0!
C21: 19 | G21: =SUM(E21*60+F21) -> 0 | H21: =SUM(D21/G21*60) -> #DIV/0!
C22: 20 | G22: =SUM(E22*60+F22) -> 0 | H22: =SUM(D22/G22*60) -> #DIV/0!
G23: =SUM(E23*60+F23) -> 0 | H23: =SUM(D23/G23*60) -> #DIV/0!
D24: =SUM(D3:D23) -> 751 | I24: =SUM(I3:I23) -> 3852
B25: =SUM(Aout!B26+Sept!D24) -> 8080 | H25: =SUM(Aout!H25+Sept!I24) -> 30309

Sheet Oct
A1: Suivi Performances Octobre | H1: =SUM(Janv!H1) -> 2020
A2: Dates | B2: Désignation Sorties | C2: Nb | D2: Distances | E2: Durées | H2: Vit. Moy. | I2: Dév + | J2: Remarques
A3: 44105 | B3: Chinon Marçay Angliers Mouterre Roiffé | C3: 1 | D3: 98 | E3: 3 | F3: 39 | G3: =SUM(E3*60+F3) -> 219 | H3: =SUM(D3/G3*60) -> 26.849315 | I3: 409
A4: 44107 | B4: Avoine Ceaux Maulay Basses Bournand | C4: 2 | D4: 73 | E4: 2 | F4: 58 | G4: =SUM(E4*60+F4) -> 178 | H4: =SUM(D4/G4*60) -> 24.606742 | I4: 358
A5: 44110 | B5: Chinon Chacé Vaudelnay Roiffé | C5: 3 | D5: 104 | E5: 3 | F5: 56 | G5: =SUM(E5*60+F5) -> 236 | H5: =SUM(D5/G5*60) -> 26.440678 | I5: 416
A6: 44112 | B6: Chinon Angliers Arçay 3M Couziers | C6: 4 | D6: 100 | E6: 3 | F6: 53 | G6: =SUM(E6*60+F6) -> 233 | H6: =SUM(D6/G6*60) -> 25.751073 | I6: 422
A7: 44114 | B7: Avoine La breille Blou Allonnes | C7: 5 | D7: 76 | E7: 2 | F7: 57 | G7: =SUM(E7*60+F7) -> 177 | H7: =SUM(D7/G7*60) -> 25.762712 | I7: 291
A8: 44114 | B8: Avoine Balade USEAB | C8: 6 | D8: 25 | E8: 1 | F8: 40 | G8: =SUM(E8*60+F8) -> 100 | H8: =SUM(D8/G8*60) -> 15 | I8: 81
A9: 44117 | B9: Chinon Parçay Blou Brain | C9: 7 | D9: 103 | E9: 3 | F9: 52 | G9: =SUM(E9*60+F9) -> 232 | H9: =SUM(D9/G9*60) -> 26.637931 | I9: 317
A10: 44119 | B10: Chinon Avrillé Langeais Huismes | C10: 8 | D10: 96 | E10: 3 | F10: 33 | G10: =SUM(E10*60+F10) -> 213 | H10: =SUM(D10/G10*60) -> 27.042254 | I10: 359
A11: 44121 | B11: Avoine Continvoir Avrillé Langeais | C11: 9 | D11: 75 | E11: 3 | F11: 2 | G11: =SUM(E11*60+F11) -> 182 | H11: =SUM(D11/G11*60) -> 24.725275 | I11: 451
A12: 44126 | B12: Chinon Couziers St Léger Tourtenay | C12: 10 | D12: 100 | E12: 3 | F12: 45 | G12: =SUM(E12*60+F12) -> 225 | H12: =SUM(D12/G12*60) -> 26.666667 | I12: 487
A13: 44128 | B13: Avoine Ceaux Claunay Basses Bournand | C13: 11 | D13: 73 | E13: 2 | F13: 54 | G13: =SUM(E13*60+F13) -> 174 | H13: =SUM(D13/G13*60) -> 25.172414 | I13: 539
A14: 44128 | B14: Avoine | C14: 12 | D14: 30 | E14: 1 | F14: 47 | G14: =SUM(E14*60+F14) -> 107 | H14: =SUM(D14/G14*60) -> 16.82243 | I14: 30 | J14: Avec LOUIS
A15: 44133 | B15: Chinon Couziers St Léger Ranton | C15: 13 | D15: 103 | E15: 4 | F15: 6 | G15: =SUM(E15*60+F15) -> 246 | H15: =SUM(D15/G15*60) -> 25.121951 | I15: 451
C16: 14 | G16: =SUM(E16*60+F16) -> 0 | H16: =SUM(D16/G16*60) -> #DIV/0!
C17: 15 | G17: =SUM(E17*60+F17) -> 0 | H17: =SUM(D17/G17*60) -> #DIV/0!
C18: 16 | G18: =SUM(E18*60+F18) -> 0 | H18: =SUM(D18/G18*60) -> #DIV/0!
C19: 17 | G19: =SUM(E19*60+F19) -> 0 | H19: =SUM(D19/G19*60) -> #DIV/0!
C20: 18 | G20: =SUM(E20*60+F20) -> 0 | H20: =SUM(D20/G20*60) -> #DIV/0!
C21: 19 | G21: =SUM(E21*60+F21) -> 0 | H21: =SUM(D21/G21*60) -> #DIV/0!
C22: 20 | G22: =SUM(E22*60+F22) -> 0 | H22: =SUM(D22/G22*60) -> #DIV/0!
G23: =SUM(E23*60+F23) -> 0 | H23: =SUM(D23/G23*60) -> #DIV/0!
D24: =SUM(D3:D23) -> 1056 | I24: =SUM(I3:I23) -> 4611
B25: =SUM(Sept!B25+Oct!D24) -> 9136 | H25: =SUM(Sept!H25+Oct!I24) -> 34920

Sheet Nov
A1: Suivi Performances Novembre | H1: =SUM(Janv!H1) -> 2020
A2: Dates | B2: Désignation Sorties | C2: Nb | D2: Distances | E2: Durées | H2: Vit. Moy. | I2: Dév + | J2: Remarques
A3: 44163 | B3: Avoine Bréhémont Panzoult Chinon | C3: 1 | D3: 72 | E3: 2 | F3: 51 | G3: =SUM(E3*60+F3) -> 171 | H3: =SUM(D3/G3*60) -> 25.263158 | I3: 251
A4: 44165 | B4: Avoine Bréhémont Ruchard Azay Rigny | C4: 2 | D4: 72 | E4: 2 | F4: 46 | G4: =SUM(E4*60+F4) -> 166 | H4: =SUM(D4/G4*60) -> 26.024096 | I4: 233
C5: 3 | G5: =SUM(E5*60+F5) -> 0 | H5: =SUM(D5/G5*60) -> #DIV/0!
C6: 4 | G6: =SUM(E6*60+F6) -> 0 | H6: =SUM(D6/G6*60) -> #DIV/0!
C7: 5 | G7: =SUM(E7*60+F7) -> 0 | H7: =SUM(D7/G7*60) -> #DIV/0!
C8: 6 | G8: =SUM(E8*60+F8) -> 0 | H8: =SUM(D8/G8*60) -> #DIV/0!
C9: 7 | G9: =SUM(E9*60+F9) -> 0 | H9: =SUM(D9/G9*60) -> #DIV/0!
C10: 8 | G10: =SUM(E10*60+F10) -> 0 | H10: =SUM(D10/G10*60) -> #DIV/0!
C11: 9 | G11: =SUM(E11*60+F11) -> 0 | H11: =SUM(D11/G11*60) -> #DIV/0!
C12: 10 | G12: =SUM(E12*60+F12) -> 0 | H12: =SUM(D12/G12*60) -> #DIV/0!
C13: 11 | G13: =SUM(E13*60+F13) -> 0 | H13: =SUM(D13/G13*60) -> #DIV/0!
C14: 12 | G14: =SUM(E14*60+F14) -> 0 | H14: =SUM(D14/G14*60) -> #DIV/0!
C15: 13 | G15: =SUM(E15*60+F15) -> 0 | H15: =SUM(D15/G15*60) -> #DIV/0!
C16: 14 | G16: =SUM(E16*60+F16) -> 0 | H16: =SUM(D16/G16*60) -> #DIV/0!
... C22: 20 | G22: =SUM(E22*60+F22) -> 0 | H22: =SUM(D22/G22*60) -> #DIV/0!
G23: =SUM(E23*60+F23) -> 0 | H23: =SUM(D23/G23*60) -> #DIV/0!
D24: =SUM(D3:D23) -> 144 | I24: =SUM(I3:I23) -> 484
B25: =SUM(Oct!B25+Nov!D24) -> 9280 | H25: =SUM(Oct!H25+Nov!I24) -> 35404

Sheet Déc
A1: Suivi Performances Décembre | H1: =SUM(Janv!H1) -> 2020
A2: Dates | B2: Désignation Sorties | C2: Nb | D2: Distances | E2: Durées | H2: Vit. Moy. | I2: Dév + | J2: Remarques
A3: 44167 | B3: Avoine les Loges les Essards Ingrandes | C3: 1 | D3: 74 | E3: 2 | F3: 57 | G3: =SUM(E3*60+F3) -> 177 | H3: =SUM(D3/G3*60) -> 25.084746 | I3: 293
A4: 44169 | B4: Avoine Ingrandes Les Essards Brain | C4: 2 | D4: 75 | E4: 2 | F4: 51 | G4: =SUM(E4*60+F4) -> 171 | H4: =SUM(D4/G4*60) -> 26.315789 | I4: 266
A5: 44173 | B5: Avoine Ingrandes Les Essards Bourgueil | C5: 3 | D5: 65 | E5: 2 | F5: 38 | G5: =SUM(E5*60+F5) -> 158 | H5: =SUM(D5/G5*60) -> 24.683544 | I5: 296
A6: 44173 | B6: Avoine Essai S1NEO | C6: 4 | D6: 20 | E6: 0 | F6: 49 | G6: =SUM(E6*60+F6) -> 49 | H6: =SUM(D6/G6*60) -> 24.489796 | I6: 27 | J6: 1° sortie S1NEO
A7: 44177 | B7: Avoine les Essarts Continvoir les Loges | C7: 5 | D7: 76 | E7: 2 | F7: 57 | G7: =SUM(E7*60+F7) -> 177 | H7: =SUM(D7/G7*60) -> 25.762712 | I7: 324
A8: 44180 | B8: Avoine Couziers Chacé montreuil | C8: 6 | D8: 89 | E8: 3 | F8: 34 | G8: =SUM(E8*60+F8) -> 214 | H8: =SUM(D8/G8*60) -> 24.953271 | I8: 496
A9: 44182 | B9: Avoine Couziers Roiffé Glénouze basses | C9: 7 | D9: 91 | E9: 3 | F9: 38 | G9: =SUM(E9*60+F9) -> 218 | H9: =SUM(D9/G9*60) -> 25.045872 | I9: 421
A10: 44185 | B10: Avoine Eppennes Messemé Ceaux | C10: 8 | D10: 71 | E10: 2 | F10: 47 | G10: =SUM(E10*60+F10) -> 167 | H10: =SUM(D10/G10*60) -> 25.508982 | I10: 302
A11: 44561 | B11: Avoine Bourgueil les loges Brain | C11: 9 | D11: 57 | E11: 2 | F11: 24 | G11: =SUM(E11*60+F11) -> 144 | H11: =SUM(D11/G11*60) -> 23.75 | I11: 240 | J11: 2° sortie S1NEO
C12: 10 | G12: =SUM(E12*60+F12) -> 0 | H12: =SUM(D12/G12*60) -> #DIV/0!
C13: 11 | G13: =SUM(E13*60+F13) -> 0 | H13: =SUM(D13/G13*60) -> #DIV/0!
C14: 12 | G14: =SUM(E14*60+F14) -> 0 | H14: =SUM(D14/G14*60) -> #DIV/0!
C15: 13 | G15: =SUM(E15*60+F15) -> 0 | H15: =SUM(D15/G15*60) -> #DIV/0!
C16: 14 | G16: =SUM(E16*60+F16) -> 0 | H16: =SUM(D16/G16*60) -> #DIV/0!
C17: 15 | G17: =SUM(E17*60+F17) -> 0 | H17: =SUM(D17/G17*60) -> #DIV/0!
C18: 16 | G18: =SUM(E18*60+F18) -> 0 | H18: =SUM(D18/G18*60) -> #DIV/0!
C19: 17 | G19: =SUM(E19*60+F19) -> 0 | H19: =SUM(D19/G19*60) -> #DIV/0!
C20: 18 | G20: =SUM(E20*60+F20) -> 0 | H20: =SUM(D20/G20*60) -> #DIV/0!
C21: 19 | G21: =SUM(E21*60+F21) -> 0 | H21: =SUM(D21/G21*60) -> #DIV/0!
C22: 20 | G22: =SUM(E22*60+F22) -> 0 | H22: =SUM(D22/G22*60) -> #DIV/0!
G23: =SUM(E23*60+F23) -> 0 | H23: =SUM(D23/G23*60) -> #DIV/0!
D24: =SUM(D3:D23) -> 618 | I24: =SUM(I3:I23) -> 2665
B25: =SUM(Nov!B25+Déc!D24) -> 9898 | H25: =SUM(Nov!H25+Déc!I24) -> 38069
